store_name,option_part_no,server_description,A,B,C,part_description,dimm_slots,maximum_memory,maximum_RDIMM,maximum_LRDIMM,maximum_UDIMM,maximum_SODIMM,category,processor,memory,ssd,hdd,capacity,speed,ranks,rank_width,memory_type,dimm_type,ecc,voltage,height,qty,interface,form_factor,encode_status,file_name,host_url,part_url,capacity_in_tb,capacity_in_gb,product_id,dimm_ranks,server_dimm_ranks,mfr_part_no,oem,model,spare_part_no
Cisco,UCS-MR-1X082RY-A,Cisco UCS C200 M2 LFF  Rack Server,Cisco,UCS,C200 M2 LFF,UCS-MR-1X082RY-A 8GB DDR3-1600-MHz RDIMM/PC3-12800/2R/x4/dual voltage 1.35/1.5 V 2,['12'],,,,,,memory,"['L5520', 'L5609', 'E5649', 'L5640', 'E5504', 'X5650', 'L5630', 'E5645', 'E5620', 'X5570', 'E5540', 'X5670', 'E5606', 'E5520', 'E5506', 'X5550', 'E5640', 'X5675']","['UCS-MR-1X082RY-A', 'UCS-MR-1X162RY-A', 'UCS-MR-1X041RY-A']",,"['UCS-HDD600GI2F201', 'UCS-HDD-3TI1F202']",8GB,1600,2,4,DDR3,RDIMM,ECC,1.5V,STD,1,,,is_encoded,c200m2_lff_specsheet.pdf,,,,,8D3ER24160015S1,2Rx4,"('1Rx2', '1Rx4', '2Rx4')",,,,
Cisco,UCS-MR-1X162RY-A,Cisco UCS C200 M2 LFF  Rack Server,Cisco,UCS,C200 M2 LFF,UCS-MR-1X162RY-A 16GB DDR3-1600-MHz RDIMM/PC3-12800/dual rank/1.35v 1.35 2,['12'],,,,,,memory,"['L5520', 'L5609', 'E5649', 'L5640', 'E5504', 'X5650', 'L5630', 'E5645', 'E5620', 'X5570', 'E5540', 'X5670', 'E5606', 'E5520', 'E5506', 'X5550', 'E5640', 'X5675']","['UCS-MR-1X082RY-A', 'UCS-MR-1X162RY-A', 'UCS-MR-1X041RY-A']",,"['UCS-HDD600GI2F201', 'UCS-HDD-3TI1F202']",16GB,1600,2,4,DDR3,RDIMM,ECC,1.5V,STD,1,,,is_encoded,c200m2_lff_specsheet.pdf,,,,,16D3ER24160015S1,2Rx4,"('1Rx2', '1Rx4', '2Rx4')",,,,
Cisco,UCS-MR-1X082RY-A,Cisco UCS C200 M2 SFF  Rack Server,Cisco,UCS,C200 M2 SFF,UCS-MR-1X082RY-A 8GB DDR3-1600-MHz RDIMM/PC3-12800/2R/x4/dual voltage 1.35/1.5 V 2,['12'],,,,,,memory,"['L5609', 'E5649', 'L5640', 'X5650', 'L5630', 'E5645', 'E5620', 'E5606', 'X5675']","['UCS-MR-1X082RY-A', 'UCS-MR-1X162RY-A', 'UCS-MR-1X041RY-A']",,"['UCS-HDD300GI2F105', 'UCS-HDD900GI2F106']",8GB,1600,2,4,DDR3,RDIMM,ECC,1.5V,STD,1,,,is_encoded,c200m2_sff_specsheet.pdf,,,,,8D3ER24160015S1,2Rx4,"('1Rx2', '1Rx4', '2Rx4')",,,,
Cisco,UCS-MR-1X162RY-A,Cisco UCS C200 M2 SFF  Rack Server,Cisco,UCS,C200 M2 SFF,UCS-MR-1X162RY-A 16GB DDR3-1600-MHz RDIMM/PC3-12800/dual rank/1.35v 1.35 2,['12'],,,,,,memory,"['L5609', 'E5649', 'L5640', 'X5650', 'L5630', 'E5645', 'E5620', 'E5606', 'X5675']","['UCS-MR-1X082RY-A', 'UCS-MR-1X162RY-A', 'UCS-MR-1X041RY-A']",,"['UCS-HDD300GI2F105', 'UCS-HDD900GI2F106']",16GB,1600,2,4,DDR3,RDIMM,ECC,1.5V,STD,1,,,is_encoded,c200m2_sff_specsheet.pdf,,,,,16D3ER24160015S1,2Rx4,"('1Rx2', '1Rx4', '2Rx4')",,,,
Cisco,UCS-MR-1X082RY-A,Cisco UCS C210 M2 General-Purpose Rack Server,Cisco,UCS,C210 M2,UCS-MR-1X082RY-A 8GB DDR3-1600-MHz RDIMM/PC3-12800/2R/x4/dual voltage 1.35/1.5 V 2,['12'],,,,,,memory,"['L5520', 'L5609', 'E5649', 'L5640', 'E5504', 'X5650', 'L5630', 'E5645', 'E5620', 'X5570', 'E5540', 'X5670', 'E5606', 'E5520', 'E5506', 'X5550', 'E5640', 'X5675']","['UCS-MR-1X082RY-A', 'UCS-MR-1X162RY-A', 'UCS-MR-1X041RY-A']",,"['UCS-HDD300GI2F105', 'UCS-HDD900GI2F106']",8GB,1600,2,4,DDR3,RDIMM,ECC,1.5V,STD,1,,,is_encoded,spec_sheet_c17-644230.pdf,,,,,8D3ER24160015S1,2Rx4,"('1Rx2', '1Rx4', '2Rx4')",,,,
Cisco,UCS-MR-1X162RY-A,Cisco UCS C210 M2 General-Purpose Rack Server,Cisco,UCS,C210 M2,UCS-MR-1X162RY-A 16GB DDR3-1600-MHz RDIMM/PC3-12800/2R/x4/1.5v 1.35/1.5 V 4,['12'],,,,,,memory,"['L5520', 'L5609', 'E5649', 'L5640', 'E5504', 'X5650', 'L5630', 'E5645', 'E5620', 'X5570', 'E5540', 'X5670', 'E5606', 'E5520', 'E5506', 'X5550', 'E5640', 'X5675']","['UCS-MR-1X082RY-A', 'UCS-MR-1X162RY-A', 'UCS-MR-1X041RY-A']",,"['UCS-HDD300GI2F105', 'UCS-HDD900GI2F106']",16GB,1600,2,4,DDR3,RDIMM,ECC,1.5V,STD,1,,,is_encoded,spec_sheet_c17-644230.pdf,,,,,16D3ER24160015S1,2Rx4,"('1Rx2', '1Rx4', '2Rx4')",,,,
Cisco,UCS-MR-1X082RY-A,Cisco UCS C22 M3   Rack Server,Cisco,UCS,C22 M3,UCS-MR-1X082RY-A 8GB DDR3-1600-MHz RDIMM/PC3-12800/2R/x4/1.35v 1.35 V 2,['12'],,,,,,memory,"['E5-2420', 'E5-2440', 'E52430L v2', 'E5-2403', 'E52440 v2', 'E5-2470', 'E5-2400 v2', 'E52470 v2', 'E52450 v2', 'E5-2430', 'E5-2450', 'E52420 v2', 'E5-2400', 'E52430 v2', 'E52403 v2', 'E5-2407', 'E52407 v2', 'E5-2430L']","['UCS-MR-1X082RY-A', 'UCS-MR-1X162RY-A', 'UCS-MR-1X041RY-A']","['UCS-SD480G0KS2-EV', 'UCS-SD100G0KA2-G', 'UCS-SD120G0KS2-EV', 'UCS-SD400G0KA2-G', 'UCS-SD240G0KS2-EV']","['UCS-HDD250G1F111', 'UCS-HDD300GI2F105', 'UCS-HDD900GI2F106']",8GB,1600,2,4,DDR3,RDIMM,ECC,1.5V,STD,1,,,is_encoded,c22m3_sff_specsheet.pdf,,,,,8D3ER24160015S1,2Rx4,"('1Rx2', '1Rx4', '2Rx4')",,,,
Cisco,UCS-MR-1X162RY-A,Cisco UCS C22 M3   Rack Server,Cisco,UCS,C22 M3,UCS-MR-1X162RY-A 16GB DDR3-1600-MHz RDIMM/PC3-12800/2R/x4/1.35v 1.35 V 2,['12'],,,,,,memory,"['E5-2420', 'E5-2440', 'E52430L v2', 'E5-2403', 'E52440 v2', 'E5-2470', 'E5-2400 v2', 'E52470 v2', 'E52450 v2', 'E5-2430', 'E5-2450', 'E52420 v2', 'E5-2400', 'E52430 v2', 'E52403 v2', 'E5-2407', 'E52407 v2', 'E5-2430L']","['UCS-MR-1X082RY-A', 'UCS-MR-1X162RY-A', 'UCS-MR-1X041RY-A']","['UCS-SD480G0KS2-EV', 'UCS-SD100G0KA2-G', 'UCS-SD120G0KS2-EV', 'UCS-SD400G0KA2-G', 'UCS-SD240G0KS2-EV']","['UCS-HDD250G1F111', 'UCS-HDD300GI2F105', 'UCS-HDD900GI2F106']",16GB,1600,2,4,DDR3,RDIMM,ECC,1.5V,STD,1,,,is_encoded,c22m3_sff_specsheet.pdf,,,,,16D3ER24160015S1,2Rx4,"('1Rx2', '1Rx4', '2Rx4')",,,,
Cisco,UCS-MR-1X082RY-A,Cisco UCS C22 M3  Large Form Factor Rack Server,Cisco,UCS,C22 M3,UCS-MR-1X082RY-A 8 GB DDR3-1600-MHz RDIMM/PC3-12800/2R/x4/1.35v 1.35 V 2,['12'],,,,,,memory,"['E5-2420', 'E5-2440', 'E52430L v2', 'E5-2403', 'E52440 v2', 'E5-2470', 'E5-2400 v2', 'E52470 v2', 'E52450 v2', 'E5-2430', 'E5-2450', 'E52420 v2', 'E5-2400', 'E52430 v2', 'E52403 v2', 'E5-2407', 'E52407 v2', 'E5-2430L']","['UCS-MR-1X082RY-A', 'UCS-MR-1X162RY-A', 'UCS-MR-1X041RY-A']",,"['UCS-HDD2TI2F213', 'UCS-HDD3TI2F214', 'UCS-HD4T7KS3-E', 'UCS-HDD1TI2F212']",8GB,1600,2,4,DDR3,RDIMM,ECC,1.5V,STD,1,,,is_encoded,c22m3_lff_specsheet.pdf,,,,,8D3ER24160015S1,2Rx4,"('1Rx2', '1Rx4', '2Rx4')",,,,
Cisco,UCS-MR-1X162RY-A,Cisco UCS C22 M3  Large Form Factor Rack Server,Cisco,UCS,C22 M3,UCS-MR-1X162RY-A 16 GB DDR3-1600-MHz RDIMM/PC3-12800/2R/x4/1.35v 1.35 V 2,['12'],,,,,,memory,"['E5-2420', 'E5-2440', 'E52430L v2', 'E5-2403', 'E52440 v2', 'E5-2470', 'E5-2400 v2', 'E52470 v2', 'E52450 v2', 'E5-2430', 'E5-2450', 'E52420 v2', 'E5-2400', 'E52430 v2', 'E52403 v2', 'E5-2407', 'E52407 v2', 'E5-2430L']","['UCS-MR-1X082RY-A', 'UCS-MR-1X162RY-A', 'UCS-MR-1X041RY-A']",,"['UCS-HDD2TI2F213', 'UCS-HDD3TI2F214', 'UCS-HD4T7KS3-E', 'UCS-HDD1TI2F212']",16GB,1600,2,4,DDR3,RDIMM,ECC,1.5V,STD,1,,,is_encoded,c22m3_lff_specsheet.pdf,,,,,16D3ER24160015S1,2Rx4,"('1Rx2', '1Rx4', '2Rx4')",,,,
Cisco,UCS-MR-1X041RY-A,Cisco UCS C220 M3   Rack Server,Cisco,UCS,C220 M3,UCS-MR-1X041RY-A 4 GB DDR3-1600-MHz RDIMM/PC3-12800/1R/x4/1.35V 1.5/1.35 V 1,['16'],,,,,,memory,"['E5-2697 v2', 'E5-2643 v2', 'E5-2660 v2', 'E5-2609 v2', 'E5-2630', 'E5-2643', 'E5-2600 v2', 'E5-2667 v2', 'E5-2670 v2', 'E5-2650', 'E5-2690 v2', 'E5-2630L', 'E5-2695 v2', 'E5-2680 v2', 'E5-2640 v2', 'E5-2620 v2', 'E5-2640', 'E5-2609', 'E5-2667', 'E5-2650L v2', 'E5-2660', 'E5-2630L v2', 'E5-2680', 'E5-2670', 'E5-2600', 'E5-2665', 'E5-2630 v2', 'E5-2650L', 'E5-2620', 'E5-2690', 'E5-2637 v2', 'E5-2650 v2']","['UCS-MR-1X041RX-A', 'UCS-MR-1X082RY-A', 'UCS-MR-1X082RZ-A', 'UCS-MR-1X162RZ-A', 'UCS-MR-1X041RY-A', 'UCS-MR-1X082RX-A', 'UCS-MR-1X162RY-A']","['UCS-SD800G12S4-EP', 'UCS-SD100G0KA2-G', 'UCS-SD400G0KA2-G', 'UCS-SD400G0KS2-EP', 'UCS-SD960GBKS4-EV', 'UCS-SD120GBKS4-EV', 'UCS-SD800G0KS2-EP', 'UCS-SD480GBKS4-EV', 'UCS-SD200G0KS2-EP', 'UCS-SD400G12S4-EP']","['UCS-HD2T7K12G', 'UCS-HD300G15K12G', 'UCS-HD450G15K12G', 'UCS-HD900G10K12G', 'UCS-HD600G15K12G', 'UCS-HD12TB10K12G', 'UCS-HD600G10K12G', 'UCS-HD300G10K12G', 'UCS-HD1T7K12G']",4GB,1600,1,4,DDR3,RDIMM,ECC,1.5V,STD,1,,,is_encoded,c220m3-sff-specsheet.pdf,https://www.cisco.com/c/dam/en/us/products/collateral/servers-unified-computing/ucs-c-series-rack-servers/c220m3-sff-specsheet.pdf,https://www.cisco.com/c/dam/en/us/products/collateral/servers-unified-computing/ucs-c-series-rack-servers/c220m3-sff-specsheet.pdf,,,4D3ER14160015S1,1Rx4,"('1Rx2', '1Rx4', '2Rx4')",,,,
Cisco,UCS-MR-1X041RX-A,Cisco UCS C220 M3   Rack Server,Cisco,UCS,C220 M3,UCS-MR-1X041RX-A 4 GB DDR3-1333-MHz RDIMM/PC3-10600/1R/x4/1.35V 1.35v 1,['16'],,,,,,memory,"['E5-2697 v2', 'E5-2643 v2', 'E5-2660 v2', 'E5-2609 v2', 'E5-2630', 'E5-2643', 'E5-2600 v2', 'E5-2667 v2', 'E5-2670 v2', 'E5-2650', 'E5-2690 v2', 'E5-2630L', 'E5-2695 v2', 'E5-2680 v2', 'E5-2640 v2', 'E5-2620 v2', 'E5-2640', 'E5-2609', 'E5-2667', 'E5-2650L v2', 'E5-2660', 'E5-2630L v2', 'E5-2680', 'E5-2670', 'E5-2600', 'E5-2665', 'E5-2630 v2', 'E5-2650L', 'E5-2620', 'E5-2690', 'E5-2637 v2', 'E5-2650 v2']","['UCS-MR-1X041RX-A', 'UCS-MR-1X082RY-A', 'UCS-MR-1X082RZ-A', 'UCS-MR-1X162RZ-A', 'UCS-MR-1X041RY-A', 'UCS-MR-1X082RX-A', 'UCS-MR-1X162RY-A']","['UCS-SD800G12S4-EP', 'UCS-SD100G0KA2-G', 'UCS-SD400G0KA2-G', 'UCS-SD400G0KS2-EP', 'UCS-SD960GBKS4-EV', 'UCS-SD120GBKS4-EV', 'UCS-SD800G0KS2-EP', 'UCS-SD480GBKS4-EV', 'UCS-SD200G0KS2-EP', 'UCS-SD400G12S4-EP']","['UCS-HD2T7K12G', 'UCS-HD300G15K12G', 'UCS-HD450G15K12G', 'UCS-HD900G10K12G', 'UCS-HD600G15K12G', 'UCS-HD12TB10K12G', 'UCS-HD600G10K12G', 'UCS-HD300G10K12G', 'UCS-HD1T7K12G']",4GB,1333,1,4,DDR3,RDIMM,ECC,1.5V,STD,1,,,is_encoded,c220m3-sff-specsheet.pdf,https://www.cisco.com/c/dam/en/us/products/collateral/servers-unified-computing/ucs-c-series-rack-servers/c220m3-sff-specsheet.pdf,https://www.cisco.com/c/dam/en/us/products/collateral/servers-unified-computing/ucs-c-series-rack-servers/c220m3-sff-specsheet.pdf,,,4D3ER14133315S1,1Rx4,"('1Rx2', '1Rx4', '2Rx4')",,,,
Cisco,UCS-MR-1X082RZ-A,Cisco UCS C220 M3   Rack Server,Cisco,UCS,C220 M3,UCS-MR-1X082RZ-A 8 GB DDR3-1866-MHz RDIMM/PC3-14900/2R/x4/1.5 1.5 V 2,['16'],,,,,,memory,"['E5-2697 v2', 'E5-2643 v2', 'E5-2660 v2', 'E5-2609 v2', 'E5-2630', 'E5-2643', 'E5-2600 v2', 'E5-2667 v2', 'E5-2670 v2', 'E5-2650', 'E5-2690 v2', 'E5-2630L', 'E5-2695 v2', 'E5-2680 v2', 'E5-2640 v2', 'E5-2620 v2', 'E5-2640', 'E5-2609', 'E5-2667', 'E5-2650L v2', 'E5-2660', 'E5-2630L v2', 'E5-2680', 'E5-2670', 'E5-2600', 'E5-2665', 'E5-2630 v2', 'E5-2650L', 'E5-2620', 'E5-2690', 'E5-2637 v2', 'E5-2650 v2']","['UCS-MR-1X041RX-A', 'UCS-MR-1X082RY-A', 'UCS-MR-1X082RZ-A', 'UCS-MR-1X162RZ-A', 'UCS-MR-1X041RY-A', 'UCS-MR-1X082RX-A', 'UCS-MR-1X162RY-A']","['UCS-SD800G12S4-EP', 'UCS-SD100G0KA2-G', 'UCS-SD400G0KA2-G', 'UCS-SD400G0KS2-EP', 'UCS-SD960GBKS4-EV', 'UCS-SD120GBKS4-EV', 'UCS-SD800G0KS2-EP', 'UCS-SD480GBKS4-EV', 'UCS-SD200G0KS2-EP', 'UCS-SD400G12S4-EP']","['UCS-HD2T7K12G', 'UCS-HD300G15K12G', 'UCS-HD450G15K12G', 'UCS-HD900G10K12G', 'UCS-HD600G15K12G', 'UCS-HD12TB10K12G', 'UCS-HD600G10K12G', 'UCS-HD300G10K12G', 'UCS-HD1T7K12G']",8GB,1866,2,4,DDR3,RDIMM,ECC,1.5V,STD,1,,,is_encoded,c220m3-sff-specsheet.pdf,https://www.cisco.com/c/dam/en/us/products/collateral/servers-unified-computing/ucs-c-series-rack-servers/c220m3-sff-specsheet.pdf,https://www.cisco.com/c/dam/en/us/products/collateral/servers-unified-computing/ucs-c-series-rack-servers/c220m3-sff-specsheet.pdf,,,8D3ER24186615S1,2Rx4,"('1Rx2', '1Rx4', '2Rx4')",,,,
Cisco,UCS-MR-1X082RY-A,Cisco UCS C220 M3   Rack Server,Cisco,UCS,C220 M3,UCS-MR-1X082RY-A 8 GB DDR3-1600-MHz RDIMM/PC3-12800/2R/x4/1.35v 1.5/1.35 V12,['16'],,,,,,memory,"['E5-2697 v2', 'E5-2643 v2', 'E5-2660 v2', 'E5-2609 v2', 'E5-2630', 'E5-2643', 'E5-2600 v2', 'E5-2667 v2', 'E5-2670 v2', 'E5-2650', 'E5-2690 v2', 'E5-2630L', 'E5-2695 v2', 'E5-2680 v2', 'E5-2640 v2', 'E5-2620 v2', 'E5-2640', 'E5-2609', 'E5-2667', 'E5-2650L v2', 'E5-2660', 'E5-2630L v2', 'E5-2680', 'E5-2670', 'E5-2600', 'E5-2665', 'E5-2630 v2', 'E5-2650L', 'E5-2620', 'E5-2690', 'E5-2637 v2', 'E5-2650 v2']","['UCS-MR-1X041RX-A', 'UCS-MR-1X082RY-A', 'UCS-MR-1X082RZ-A', 'UCS-MR-1X162RZ-A', 'UCS-MR-1X041RY-A', 'UCS-MR-1X082RX-A', 'UCS-MR-1X162RY-A']","['UCS-SD800G12S4-EP', 'UCS-SD100G0KA2-G', 'UCS-SD400G0KA2-G', 'UCS-SD400G0KS2-EP', 'UCS-SD960GBKS4-EV', 'UCS-SD120GBKS4-EV', 'UCS-SD800G0KS2-EP', 'UCS-SD480GBKS4-EV', 'UCS-SD200G0KS2-EP', 'UCS-SD400G12S4-EP']","['UCS-HD2T7K12G', 'UCS-HD300G15K12G', 'UCS-HD450G15K12G', 'UCS-HD900G10K12G', 'UCS-HD600G15K12G', 'UCS-HD12TB10K12G', 'UCS-HD600G10K12G', 'UCS-HD300G10K12G', 'UCS-HD1T7K12G']",8GB,1600,2,4,DDR3,RDIMM,ECC,1.5V,STD,1,,,is_encoded,c220m3-sff-specsheet.pdf,https://www.cisco.com/c/dam/en/us/products/collateral/servers-unified-computing/ucs-c-series-rack-servers/c220m3-sff-specsheet.pdf,https://www.cisco.com/c/dam/en/us/products/collateral/servers-unified-computing/ucs-c-series-rack-servers/c220m3-sff-specsheet.pdf,,,8D3ER24160015S1,2Rx4,"('1Rx2', '1Rx4', '2Rx4')",,,,
Cisco,UCS-MR-1X082RX-A,Cisco UCS C220 M3   Rack Server,Cisco,UCS,C220 M3,UCS-MR-1X082RX-A 8 GB DDR3-1333-MHz RDIMM/PC3-10600/2R/x4/1.35V 1.5/1.35 V 2,['16'],,,,,,memory,"['E5-2697 v2', 'E5-2643 v2', 'E5-2660 v2', 'E5-2609 v2', 'E5-2630', 'E5-2643', 'E5-2600 v2', 'E5-2667 v2', 'E5-2670 v2', 'E5-2650', 'E5-2690 v2', 'E5-2630L', 'E5-2695 v2', 'E5-2680 v2', 'E5-2640 v2', 'E5-2620 v2', 'E5-2640', 'E5-2609', 'E5-2667', 'E5-2650L v2', 'E5-2660', 'E5-2630L v2', 'E5-2680', 'E5-2670', 'E5-2600', 'E5-2665', 'E5-2630 v2', 'E5-2650L', 'E5-2620', 'E5-2690', 'E5-2637 v2', 'E5-2650 v2']","['UCS-MR-1X041RX-A', 'UCS-MR-1X082RY-A', 'UCS-MR-1X082RZ-A', 'UCS-MR-1X162RZ-A', 'UCS-MR-1X041RY-A', 'UCS-MR-1X082RX-A', 'UCS-MR-1X162RY-A']","['UCS-SD800G12S4-EP', 'UCS-SD100G0KA2-G', 'UCS-SD400G0KA2-G', 'UCS-SD400G0KS2-EP', 'UCS-SD960GBKS4-EV', 'UCS-SD120GBKS4-EV', 'UCS-SD800G0KS2-EP', 'UCS-SD480GBKS4-EV', 'UCS-SD200G0KS2-EP', 'UCS-SD400G12S4-EP']","['UCS-HD2T7K12G', 'UCS-HD300G15K12G', 'UCS-HD450G15K12G', 'UCS-HD900G10K12G', 'UCS-HD600G15K12G', 'UCS-HD12TB10K12G', 'UCS-HD600G10K12G', 'UCS-HD300G10K12G', 'UCS-HD1T7K12G']",8GB,1333,2,4,DDR3,RDIMM,ECC,1.5V,STD,1,,,is_encoded,c220m3-sff-specsheet.pdf,https://www.cisco.com/c/dam/en/us/products/collateral/servers-unified-computing/ucs-c-series-rack-servers/c220m3-sff-specsheet.pdf,https://www.cisco.com/c/dam/en/us/products/collateral/servers-unified-computing/ucs-c-series-rack-servers/c220m3-sff-specsheet.pdf,,,8D3ER24133315S1,2Rx4,"('1Rx2', '1Rx4', '2Rx4')",,,,
Cisco,UCS-MR-1X162RZ-A,Cisco UCS C220 M3   Rack Server,Cisco,UCS,C220 M3,UCS-MR-1X162RZ-A 16 GB DDR3-1866-MHz RDIMM PC3-14900/2R/x4/ 1.5 V 2,['16'],,,,,,memory,"['E5-2697 v2', 'E5-2643 v2', 'E5-2660 v2', 'E5-2609 v2', 'E5-2630', 'E5-2643', 'E5-2600 v2', 'E5-2667 v2', 'E5-2670 v2', 'E5-2650', 'E5-2690 v2', 'E5-2630L', 'E5-2695 v2', 'E5-2680 v2', 'E5-2640 v2', 'E5-2620 v2', 'E5-2640', 'E5-2609', 'E5-2667', 'E5-2650L v2', 'E5-2660', 'E5-2630L v2', 'E5-2680', 'E5-2670', 'E5-2600', 'E5-2665', 'E5-2630 v2', 'E5-2650L', 'E5-2620', 'E5-2690', 'E5-2637 v2', 'E5-2650 v2']","['UCS-MR-1X041RX-A', 'UCS-MR-1X082RY-A', 'UCS-MR-1X082RZ-A', 'UCS-MR-1X162RZ-A', 'UCS-MR-1X041RY-A', 'UCS-MR-1X082RX-A', 'UCS-MR-1X162RY-A']","['UCS-SD800G12S4-EP', 'UCS-SD100G0KA2-G', 'UCS-SD400G0KA2-G', 'UCS-SD400G0KS2-EP', 'UCS-SD960GBKS4-EV', 'UCS-SD120GBKS4-EV', 'UCS-SD800G0KS2-EP', 'UCS-SD480GBKS4-EV', 'UCS-SD200G0KS2-EP', 'UCS-SD400G12S4-EP']","['UCS-HD2T7K12G', 'UCS-HD300G15K12G', 'UCS-HD450G15K12G', 'UCS-HD900G10K12G', 'UCS-HD600G15K12G', 'UCS-HD12TB10K12G', 'UCS-HD600G10K12G', 'UCS-HD300G10K12G', 'UCS-HD1T7K12G']",256GB,1866,2,4,DDR3,RDIMM,ECC,1.5V,STD,6,,,is_encoded,c220m3-sff-specsheet.pdf,https://www.cisco.com/c/dam/en/us/products/collateral/servers-unified-computing/ucs-c-series-rack-servers/c220m3-sff-specsheet.pdf,https://www.cisco.com/c/dam/en/us/products/collateral/servers-unified-computing/ucs-c-series-rack-servers/c220m3-sff-specsheet.pdf,,,256D3ER24186615S6,2Rx4,"('1Rx2', '1Rx4', '2Rx4')",,,,
Cisco,UCS-MR-1X162RZ-A,Cisco UCS C220 M3   Rack Server,Cisco,UCS,C220 M3,UCS-MR-1X162RZ-A 16 GB DDR3-1866-MHz RDIMM PC3-14900/2R/x4/ 1.5 V 2,['16'],,,,,,memory,"['E5-2697 v2', 'E5-2643 v2', 'E5-2660 v2', 'E5-2609 v2', 'E5-2630', 'E5-2643', 'E5-2600 v2', 'E5-2667 v2', 'E5-2670 v2', 'E5-2650', 'E5-2690 v2', 'E5-2630L', 'E5-2695 v2', 'E5-2680 v2', 'E5-2640 v2', 'E5-2620 v2', 'E5-2640', 'E5-2609', 'E5-2667', 'E5-2650L v2', 'E5-2660', 'E5-2630L v2', 'E5-2680', 'E5-2670', 'E5-2600', 'E5-2665', 'E5-2630 v2', 'E5-2650L', 'E5-2620', 'E5-2690', 'E5-2637 v2', 'E5-2650 v2']","['UCS-MR-1X041RX-A', 'UCS-MR-1X082RY-A', 'UCS-MR-1X082RZ-A', 'UCS-MR-1X162RZ-A', 'UCS-MR-1X041RY-A', 'UCS-MR-1X082RX-A', 'UCS-MR-1X162RY-A']","['UCS-SD800G12S4-EP', 'UCS-SD100G0KA2-G', 'UCS-SD400G0KA2-G', 'UCS-SD400G0KS2-EP', 'UCS-SD960GBKS4-EV', 'UCS-SD120GBKS4-EV', 'UCS-SD800G0KS2-EP', 'UCS-SD480GBKS4-EV', 'UCS-SD200G0KS2-EP', 'UCS-SD400G12S4-EP']","['UCS-HD2T7K12G', 'UCS-HD300G15K12G', 'UCS-HD450G15K12G', 'UCS-HD900G10K12G', 'UCS-HD600G15K12G', 'UCS-HD12TB10K12G', 'UCS-HD600G10K12G', 'UCS-HD300G10K12G', 'UCS-HD1T7K12G']",256GB,1866,2,4,DDR3,RDIMM,ECC,1.5V,STD,1,,,is_encoded,c220m3-sff-specsheet.pdf,https://www.cisco.com/c/dam/en/us/products/collateral/servers-unified-computing/ucs-c-series-rack-servers/c220m3-sff-specsheet.pdf,https://www.cisco.com/c/dam/en/us/products/collateral/servers-unified-computing/ucs-c-series-rack-servers/c220m3-sff-specsheet.pdf,,,256D3ER24186615S1,2Rx4,"('1Rx2', '1Rx4', '2Rx4')",,,,
Cisco,UCS-MR-1X162RZ-A,Cisco UCS C220 M3   Rack Server,Cisco,UCS,C220 M3,UCS-MR-1X162RZ-A 16 GB DDR3-1866-MHz RDIMM PC3-14900/2R/x4/ 1.5 V 2,['16'],,,,,,memory,"['E5-2697 v2', 'E5-2643 v2', 'E5-2660 v2', 'E5-2609 v2', 'E5-2630', 'E5-2643', 'E5-2600 v2', 'E5-2667 v2', 'E5-2670 v2', 'E5-2650', 'E5-2690 v2', 'E5-2630L', 'E5-2695 v2', 'E5-2680 v2', 'E5-2640 v2', 'E5-2620 v2', 'E5-2640', 'E5-2609', 'E5-2667', 'E5-2650L v2', 'E5-2660', 'E5-2630L v2', 'E5-2680', 'E5-2670', 'E5-2600', 'E5-2665', 'E5-2630 v2', 'E5-2650L', 'E5-2620', 'E5-2690', 'E5-2637 v2', 'E5-2650 v2']","['UCS-MR-1X041RX-A', 'UCS-MR-1X082RY-A', 'UCS-MR-1X082RZ-A', 'UCS-MR-1X162RZ-A', 'UCS-MR-1X041RY-A', 'UCS-MR-1X082RX-A', 'UCS-MR-1X162RY-A']","['UCS-SD800G12S4-EP', 'UCS-SD100G0KA2-G', 'UCS-SD400G0KA2-G', 'UCS-SD400G0KS2-EP', 'UCS-SD960GBKS4-EV', 'UCS-SD120GBKS4-EV', 'UCS-SD800G0KS2-EP', 'UCS-SD480GBKS4-EV', 'UCS-SD200G0KS2-EP', 'UCS-SD400G12S4-EP']","['UCS-HD2T7K12G', 'UCS-HD300G15K12G', 'UCS-HD450G15K12G', 'UCS-HD900G10K12G', 'UCS-HD600G15K12G', 'UCS-HD12TB10K12G', 'UCS-HD600G10K12G', 'UCS-HD300G10K12G', 'UCS-HD1T7K12G']",16GB,1866,2,4,DDR3,RDIMM,ECC,1.5V,STD,1,,,is_encoded,c220m3-sff-specsheet.pdf,https://www.cisco.com/c/dam/en/us/products/collateral/servers-unified-computing/ucs-c-series-rack-servers/c220m3-sff-specsheet.pdf,https://www.cisco.com/c/dam/en/us/products/collateral/servers-unified-computing/ucs-c-series-rack-servers/c220m3-sff-specsheet.pdf,,,16D3ER24186615S1,2Rx4,"('1Rx2', '1Rx4', '2Rx4')",,,,
Cisco,UCS-MR-1X162RY-A,Cisco UCS C220 M3   Rack Server,Cisco,UCS,C220 M3,UCS-MR-1X162RY-A 16 GB DDR3-1600-MHz RDIMM/PC3-12800/2R/x4/1.35v 1.5/1.35 V12,['16'],,,,,,memory,"['E5-2697 v2', 'E5-2643 v2', 'E5-2660 v2', 'E5-2609 v2', 'E5-2630', 'E5-2643', 'E5-2600 v2', 'E5-2667 v2', 'E5-2670 v2', 'E5-2650', 'E5-2690 v2', 'E5-2630L', 'E5-2695 v2', 'E5-2680 v2', 'E5-2640 v2', 'E5-2620 v2', 'E5-2640', 'E5-2609', 'E5-2667', 'E5-2650L v2', 'E5-2660', 'E5-2630L v2', 'E5-2680', 'E5-2670', 'E5-2600', 'E5-2665', 'E5-2630 v2', 'E5-2650L', 'E5-2620', 'E5-2690', 'E5-2637 v2', 'E5-2650 v2']","['UCS-MR-1X041RX-A', 'UCS-MR-1X082RY-A', 'UCS-MR-1X082RZ-A', 'UCS-MR-1X162RZ-A', 'UCS-MR-1X041RY-A', 'UCS-MR-1X082RX-A', 'UCS-MR-1X162RY-A']","['UCS-SD800G12S4-EP', 'UCS-SD100G0KA2-G', 'UCS-SD400G0KA2-G', 'UCS-SD400G0KS2-EP', 'UCS-SD960GBKS4-EV', 'UCS-SD120GBKS4-EV', 'UCS-SD800G0KS2-EP', 'UCS-SD480GBKS4-EV', 'UCS-SD200G0KS2-EP', 'UCS-SD400G12S4-EP']","['UCS-HD2T7K12G', 'UCS-HD300G15K12G', 'UCS-HD450G15K12G', 'UCS-HD900G10K12G', 'UCS-HD600G15K12G', 'UCS-HD12TB10K12G', 'UCS-HD600G10K12G', 'UCS-HD300G10K12G', 'UCS-HD1T7K12G']",16GB,1600,2,4,DDR3,RDIMM,ECC,1.5V,STD,1,,,is_encoded,c220m3-sff-specsheet.pdf,https://www.cisco.com/c/dam/en/us/products/collateral/servers-unified-computing/ucs-c-series-rack-servers/c220m3-sff-specsheet.pdf,https://www.cisco.com/c/dam/en/us/products/collateral/servers-unified-computing/ucs-c-series-rack-servers/c220m3-sff-specsheet.pdf,,,16D3ER24160015S1,2Rx4,"('1Rx2', '1Rx4', '2Rx4')",,,,
Cisco,UCS-MR-1X162RZ-A,Cisco UCS C220 M3   Rack Server,Cisco,UCS,C220 M3,UCS-MR-1X162RZ-A 16 GB DDR3-1866-MHz RDIMM PC3-14900/2R/x4/ 1.5 V 2,['16'],,,,,,memory,"['E5-2697 v2', 'E5-2643 v2', 'E5-2660 v2', 'E5-2609 v2', 'E5-2630', 'E5-2643', 'E5-2600 v2', 'E5-2667 v2', 'E5-2670 v2', 'E5-2650', 'E5-2690 v2', 'E5-2630L', 'E5-2695 v2', 'E5-2680 v2', 'E5-2640 v2', 'E5-2620 v2', 'E5-2640', 'E5-2609', 'E5-2667', 'E5-2650L v2', 'E5-2660', 'E5-2630L v2', 'E5-2680', 'E5-2670', 'E5-2600', 'E5-2665', 'E5-2630 v2', 'E5-2650L', 'E5-2620', 'E5-2690', 'E5-2637 v2', 'E5-2650 v2']","['UCS-MR-1X041RX-A', 'UCS-MR-1X082RY-A', 'UCS-MR-1X082RZ-A', 'UCS-MR-1X162RZ-A', 'UCS-MR-1X041RY-A', 'UCS-MR-1X082RX-A', 'UCS-MR-1X162RY-A']","['UCS-SD800G12S4-EP', 'UCS-SD100G0KA2-G', 'UCS-SD400G0KA2-G', 'UCS-SD400G0KS2-EP', 'UCS-SD960GBKS4-EV', 'UCS-SD120GBKS4-EV', 'UCS-SD800G0KS2-EP', 'UCS-SD480GBKS4-EV', 'UCS-SD200G0KS2-EP', 'UCS-SD400G12S4-EP']","['UCS-HD2T7K12G', 'UCS-HD300G15K12G', 'UCS-HD450G15K12G', 'UCS-HD900G10K12G', 'UCS-HD600G15K12G', 'UCS-HD12TB10K12G', 'UCS-HD600G10K12G', 'UCS-HD300G10K12G', 'UCS-HD1T7K12G']",128GB,1866,2,4,DDR3,RDIMM,ECC,1.5V,STD,1,,,is_encoded,c220m3-sff-specsheet.pdf,https://www.cisco.com/c/dam/en/us/products/collateral/servers-unified-computing/ucs-c-series-rack-servers/c220m3-sff-specsheet.pdf,https://www.cisco.com/c/dam/en/us/products/collateral/servers-unified-computing/ucs-c-series-rack-servers/c220m3-sff-specsheet.pdf,,,128D3ER24186615S1,2Rx4,"('1Rx2', '1Rx4', '2Rx4')",,,,
Cisco,UCS-MR-1X041RY-A,Cisco UCS C220 M3  Large Form Factor Rack Server,Cisco,UCS,C220 M3,UCS-MR-1X041RY-A 4 GB DDR3-1600-MHz RDIMM/PC3-12800/1R/x4/1.35V 1.5/1.35 V 1,['16'],,,,,,memory,"['E5-2695B v2', 'E5-2650B v2', 'E5-2620B v2', 'E5-2690B v2', 'E5-2609B v2', 'E5-2680B v2', 'E5-2643', 'E5-2600 v2', 'E5-2650', 'E5-2640B v2', 'E5-2670B v2', 'E5-2600 v4', 'E5-2637B v2', 'E5-2600 v3', 'E5-2660B v2', 'E5-2630L', 'E5-2640', 'E5-2643B v2', 'E5-2667', 'E5-2609', 'E5-2630B v2', 'E5-2660', 'E5-2680', 'E5-2670', 'E5-2667B v2', 'E5-2600', 'E5-2650L', 'E5-2665', 'E5-2697B v2', 'E5-2620', 'E5-2690', 'E5-2630']","['UCS-MR-1X041RX-A', 'UCS-MR-1X082RY-A', 'UCS-MR-1X082RZ-A', 'UCS-MR-1X162RZ-A', 'UCS-MR-1X041RY-A', 'UCS-MR-1X082RX-A', 'UCS-MR-1X162RY-A']",,"['UCS-HD2T7KL12G', 'UCS-HD4T7KL12G', 'UCS-HD1T7KL12G']",4GB,1600,1,4,DDR3,RDIMM,ECC,1.5V,STD,1,,,is_encoded,c220m3-lff-specsheet.pdf,https://www.cisco.com/c/dam/en/us/products/collateral/servers-unified-computing/ucs-c-series-rack-servers/c220m3-lff-specsheet.pdf,https://www.cisco.com/c/dam/en/us/products/collateral/servers-unified-computing/ucs-c-series-rack-servers/c220m3-lff-specsheet.pdf,,,4D3ER14160015S1,1Rx4,"('1Rx2', '1Rx4', '2Rx4')",,,,
Cisco,UCS-MR-1X041RX-A,Cisco UCS C220 M3  Large Form Factor Rack Server,Cisco,UCS,C220 M3,UCS-MR-1X041RX-A 4 GB DDR3-1333-MHz RDIMM/PC3-10600/1R/x4/1.35V 1.35v 1,['16'],,,,,,memory,"['E5-2695B v2', 'E5-2650B v2', 'E5-2620B v2', 'E5-2690B v2', 'E5-2609B v2', 'E5-2680B v2', 'E5-2643', 'E5-2600 v2', 'E5-2650', 'E5-2640B v2', 'E5-2670B v2', 'E5-2600 v4', 'E5-2637B v2', 'E5-2600 v3', 'E5-2660B v2', 'E5-2630L', 'E5-2640', 'E5-2643B v2', 'E5-2667', 'E5-2609', 'E5-2630B v2', 'E5-2660', 'E5-2680', 'E5-2670', 'E5-2667B v2', 'E5-2600', 'E5-2650L', 'E5-2665', 'E5-2697B v2', 'E5-2620', 'E5-2690', 'E5-2630']","['UCS-MR-1X041RX-A', 'UCS-MR-1X082RY-A', 'UCS-MR-1X082RZ-A', 'UCS-MR-1X162RZ-A', 'UCS-MR-1X041RY-A', 'UCS-MR-1X082RX-A', 'UCS-MR-1X162RY-A']",,"['UCS-HD2T7KL12G', 'UCS-HD4T7KL12G', 'UCS-HD1T7KL12G']",4GB,1333,1,4,DDR3,RDIMM,ECC,1.5V,STD,1,,,is_encoded,c220m3-lff-specsheet.pdf,https://www.cisco.com/c/dam/en/us/products/collateral/servers-unified-computing/ucs-c-series-rack-servers/c220m3-lff-specsheet.pdf,https://www.cisco.com/c/dam/en/us/products/collateral/servers-unified-computing/ucs-c-series-rack-servers/c220m3-lff-specsheet.pdf,,,4D3ER14133315S1,1Rx4,"('1Rx2', '1Rx4', '2Rx4')",,,,
Cisco,UCS-MR-1X082RZ-A,Cisco UCS C220 M3  Large Form Factor Rack Server,Cisco,UCS,C220 M3,UCS-MR-1X082RZ-A 8 GB DDR3-1866-MHz RDIMM/PC3-14900/2R/x4/1.5 1.5 V 2,['16'],,,,,,memory,"['E5-2695B v2', 'E5-2650B v2', 'E5-2620B v2', 'E5-2690B v2', 'E5-2609B v2', 'E5-2680B v2', 'E5-2643', 'E5-2600 v2', 'E5-2650', 'E5-2640B v2', 'E5-2670B v2', 'E5-2600 v4', 'E5-2637B v2', 'E5-2600 v3', 'E5-2660B v2', 'E5-2630L', 'E5-2640', 'E5-2643B v2', 'E5-2667', 'E5-2609', 'E5-2630B v2', 'E5-2660', 'E5-2680', 'E5-2670', 'E5-2667B v2', 'E5-2600', 'E5-2650L', 'E5-2665', 'E5-2697B v2', 'E5-2620', 'E5-2690', 'E5-2630']","['UCS-MR-1X041RX-A', 'UCS-MR-1X082RY-A', 'UCS-MR-1X082RZ-A', 'UCS-MR-1X162RZ-A', 'UCS-MR-1X041RY-A', 'UCS-MR-1X082RX-A', 'UCS-MR-1X162RY-A']",,"['UCS-HD2T7KL12G', 'UCS-HD4T7KL12G', 'UCS-HD1T7KL12G']",8GB,1866,2,4,DDR3,RDIMM,ECC,1.5V,STD,1,,,is_encoded,c220m3-lff-specsheet.pdf,https://www.cisco.com/c/dam/en/us/products/collateral/servers-unified-computing/ucs-c-series-rack-servers/c220m3-lff-specsheet.pdf,https://www.cisco.com/c/dam/en/us/products/collateral/servers-unified-computing/ucs-c-series-rack-servers/c220m3-lff-specsheet.pdf,,,8D3ER24186615S1,2Rx4,"('1Rx2', '1Rx4', '2Rx4')",,,,
Cisco,UCS-MR-1X082RY-A,Cisco UCS C220 M3  Large Form Factor Rack Server,Cisco,UCS,C220 M3,UCS-MR-1X082RY-A 8 GB DDR3-1600-MHz RDIMM/PC3-12800/2R/x4/1.35v 1.5/1.35 V12,['16'],,,,,,memory,"['E5-2695B v2', 'E5-2650B v2', 'E5-2620B v2', 'E5-2690B v2', 'E5-2609B v2', 'E5-2680B v2', 'E5-2643', 'E5-2600 v2', 'E5-2650', 'E5-2640B v2', 'E5-2670B v2', 'E5-2600 v4', 'E5-2637B v2', 'E5-2600 v3', 'E5-2660B v2', 'E5-2630L', 'E5-2640', 'E5-2643B v2', 'E5-2667', 'E5-2609', 'E5-2630B v2', 'E5-2660', 'E5-2680', 'E5-2670', 'E5-2667B v2', 'E5-2600', 'E5-2650L', 'E5-2665', 'E5-2697B v2', 'E5-2620', 'E5-2690', 'E5-2630']","['UCS-MR-1X041RX-A', 'UCS-MR-1X082RY-A', 'UCS-MR-1X082RZ-A', 'UCS-MR-1X162RZ-A', 'UCS-MR-1X041RY-A', 'UCS-MR-1X082RX-A', 'UCS-MR-1X162RY-A']",,"['UCS-HD2T7KL12G', 'UCS-HD4T7KL12G', 'UCS-HD1T7KL12G']",8GB,1600,2,4,DDR3,RDIMM,ECC,1.5V,STD,1,,,is_encoded,c220m3-lff-specsheet.pdf,https://www.cisco.com/c/dam/en/us/products/collateral/servers-unified-computing/ucs-c-series-rack-servers/c220m3-lff-specsheet.pdf,https://www.cisco.com/c/dam/en/us/products/collateral/servers-unified-computing/ucs-c-series-rack-servers/c220m3-lff-specsheet.pdf,,,8D3ER24160015S1,2Rx4,"('1Rx2', '1Rx4', '2Rx4')",,,,
Cisco,UCS-MR-1X082RX-A,Cisco UCS C220 M3  Large Form Factor Rack Server,Cisco,UCS,C220 M3,UCS-MR-1X082RX-A 8 GB DDR3-1333-MHz RDIMM/PC3-10600/2R/x4/1.35V 1.5/1.35 V 2,['16'],,,,,,memory,"['E5-2695B v2', 'E5-2650B v2', 'E5-2620B v2', 'E5-2690B v2', 'E5-2609B v2', 'E5-2680B v2', 'E5-2643', 'E5-2600 v2', 'E5-2650', 'E5-2640B v2', 'E5-2670B v2', 'E5-2600 v4', 'E5-2637B v2', 'E5-2600 v3', 'E5-2660B v2', 'E5-2630L', 'E5-2640', 'E5-2643B v2', 'E5-2667', 'E5-2609', 'E5-2630B v2', 'E5-2660', 'E5-2680', 'E5-2670', 'E5-2667B v2', 'E5-2600', 'E5-2650L', 'E5-2665', 'E5-2697B v2', 'E5-2620', 'E5-2690', 'E5-2630']","['UCS-MR-1X041RX-A', 'UCS-MR-1X082RY-A', 'UCS-MR-1X082RZ-A', 'UCS-MR-1X162RZ-A', 'UCS-MR-1X041RY-A', 'UCS-MR-1X082RX-A', 'UCS-MR-1X162RY-A']",,"['UCS-HD2T7KL12G', 'UCS-HD4T7KL12G', 'UCS-HD1T7KL12G']",8GB,1333,2,4,DDR3,RDIMM,ECC,1.5V,STD,1,,,is_encoded,c220m3-lff-specsheet.pdf,https://www.cisco.com/c/dam/en/us/products/collateral/servers-unified-computing/ucs-c-series-rack-servers/c220m3-lff-specsheet.pdf,https://www.cisco.com/c/dam/en/us/products/collateral/servers-unified-computing/ucs-c-series-rack-servers/c220m3-lff-specsheet.pdf,,,8D3ER24133315S1,2Rx4,"('1Rx2', '1Rx4', '2Rx4')",,,,
Cisco,UCS-MR-1X162RZ-A,Cisco UCS C220 M3  Large Form Factor Rack Server,Cisco,UCS,C220 M3,UCS-MR-1X162RZ-A 16 GB DDR3-1866-MHz RDIMM PC3-14900/2R/x4/ 1.5 V 2,['16'],,,,,,memory,"['E5-2695B v2', 'E5-2650B v2', 'E5-2620B v2', 'E5-2690B v2', 'E5-2609B v2', 'E5-2680B v2', 'E5-2643', 'E5-2600 v2', 'E5-2650', 'E5-2640B v2', 'E5-2670B v2', 'E5-2600 v4', 'E5-2637B v2', 'E5-2600 v3', 'E5-2660B v2', 'E5-2630L', 'E5-2640', 'E5-2643B v2', 'E5-2667', 'E5-2609', 'E5-2630B v2', 'E5-2660', 'E5-2680', 'E5-2670', 'E5-2667B v2', 'E5-2600', 'E5-2650L', 'E5-2665', 'E5-2697B v2', 'E5-2620', 'E5-2690', 'E5-2630']","['UCS-MR-1X041RX-A', 'UCS-MR-1X082RY-A', 'UCS-MR-1X082RZ-A', 'UCS-MR-1X162RZ-A', 'UCS-MR-1X041RY-A', 'UCS-MR-1X082RX-A', 'UCS-MR-1X162RY-A']",,"['UCS-HD2T7KL12G', 'UCS-HD4T7KL12G', 'UCS-HD1T7KL12G']",256GB,1866,2,4,DDR3,RDIMM,ECC,1.5V,STD,6,,,is_encoded,c220m3-lff-specsheet.pdf,https://www.cisco.com/c/dam/en/us/products/collateral/servers-unified-computing/ucs-c-series-rack-servers/c220m3-lff-specsheet.pdf,https://www.cisco.com/c/dam/en/us/products/collateral/servers-unified-computing/ucs-c-series-rack-servers/c220m3-lff-specsheet.pdf,,,256D3ER24186615S6,2Rx4,"('1Rx2', '1Rx4', '2Rx4')",,,,
Cisco,UCS-MR-1X162RZ-A,Cisco UCS C220 M3  Large Form Factor Rack Server,Cisco,UCS,C220 M3,UCS-MR-1X162RZ-A 16 GB DDR3-1866-MHz RDIMM PC3-14900/2R/x4/ 1.5 V 2,['16'],,,,,,memory,"['E5-2695B v2', 'E5-2650B v2', 'E5-2620B v2', 'E5-2690B v2', 'E5-2609B v2', 'E5-2680B v2', 'E5-2643', 'E5-2600 v2', 'E5-2650', 'E5-2640B v2', 'E5-2670B v2', 'E5-2600 v4', 'E5-2637B v2', 'E5-2600 v3', 'E5-2660B v2', 'E5-2630L', 'E5-2640', 'E5-2643B v2', 'E5-2667', 'E5-2609', 'E5-2630B v2', 'E5-2660', 'E5-2680', 'E5-2670', 'E5-2667B v2', 'E5-2600', 'E5-2650L', 'E5-2665', 'E5-2697B v2', 'E5-2620', 'E5-2690', 'E5-2630']","['UCS-MR-1X041RX-A', 'UCS-MR-1X082RY-A', 'UCS-MR-1X082RZ-A', 'UCS-MR-1X162RZ-A', 'UCS-MR-1X041RY-A', 'UCS-MR-1X082RX-A', 'UCS-MR-1X162RY-A']",,"['UCS-HD2T7KL12G', 'UCS-HD4T7KL12G', 'UCS-HD1T7KL12G']",256GB,1866,2,4,DDR3,RDIMM,ECC,1.5V,STD,1,,,is_encoded,c220m3-lff-specsheet.pdf,https://www.cisco.com/c/dam/en/us/products/collateral/servers-unified-computing/ucs-c-series-rack-servers/c220m3-lff-specsheet.pdf,https://www.cisco.com/c/dam/en/us/products/collateral/servers-unified-computing/ucs-c-series-rack-servers/c220m3-lff-specsheet.pdf,,,256D3ER24186615S1,2Rx4,"('1Rx2', '1Rx4', '2Rx4')",,,,
Cisco,UCS-MR-1X162RZ-A,Cisco UCS C220 M3  Large Form Factor Rack Server,Cisco,UCS,C220 M3,UCS-MR-1X162RZ-A 16 GB DDR3-1866-MHz RDIMM PC3-14900/2R/x4/ 1.5 V 2,['16'],,,,,,memory,"['E5-2695B v2', 'E5-2650B v2', 'E5-2620B v2', 'E5-2690B v2', 'E5-2609B v2', 'E5-2680B v2', 'E5-2643', 'E5-2600 v2', 'E5-2650', 'E5-2640B v2', 'E5-2670B v2', 'E5-2600 v4', 'E5-2637B v2', 'E5-2600 v3', 'E5-2660B v2', 'E5-2630L', 'E5-2640', 'E5-2643B v2', 'E5-2667', 'E5-2609', 'E5-2630B v2', 'E5-2660', 'E5-2680', 'E5-2670', 'E5-2667B v2', 'E5-2600', 'E5-2650L', 'E5-2665', 'E5-2697B v2', 'E5-2620', 'E5-2690', 'E5-2630']","['UCS-MR-1X041RX-A', 'UCS-MR-1X082RY-A', 'UCS-MR-1X082RZ-A', 'UCS-MR-1X162RZ-A', 'UCS-MR-1X041RY-A', 'UCS-MR-1X082RX-A', 'UCS-MR-1X162RY-A']",,"['UCS-HD2T7KL12G', 'UCS-HD4T7KL12G', 'UCS-HD1T7KL12G']",16GB,1866,2,4,DDR3,RDIMM,ECC,1.5V,STD,1,,,is_encoded,c220m3-lff-specsheet.pdf,https://www.cisco.com/c/dam/en/us/products/collateral/servers-unified-computing/ucs-c-series-rack-servers/c220m3-lff-specsheet.pdf,https://www.cisco.com/c/dam/en/us/products/collateral/servers-unified-computing/ucs-c-series-rack-servers/c220m3-lff-specsheet.pdf,,,16D3ER24186615S1,2Rx4,"('1Rx2', '1Rx4', '2Rx4')",,,,
Cisco,UCS-MR-1X162RY-A,Cisco UCS C220 M3  Large Form Factor Rack Server,Cisco,UCS,C220 M3,UCS-MR-1X162RY-A 16 GB DDR3-1600-MHz RDIMM/PC3-12800/2R/x4/1.35v 1.5/1.35 V12,['16'],,,,,,memory,"['E5-2695B v2', 'E5-2650B v2', 'E5-2620B v2', 'E5-2690B v2', 'E5-2609B v2', 'E5-2680B v2', 'E5-2643', 'E5-2600 v2', 'E5-2650', 'E5-2640B v2', 'E5-2670B v2', 'E5-2600 v4', 'E5-2637B v2', 'E5-2600 v3', 'E5-2660B v2', 'E5-2630L', 'E5-2640', 'E5-2643B v2', 'E5-2667', 'E5-2609', 'E5-2630B v2', 'E5-2660', 'E5-2680', 'E5-2670', 'E5-2667B v2', 'E5-2600', 'E5-2650L', 'E5-2665', 'E5-2697B v2', 'E5-2620', 'E5-2690', 'E5-2630']","['UCS-MR-1X041RX-A', 'UCS-MR-1X082RY-A', 'UCS-MR-1X082RZ-A', 'UCS-MR-1X162RZ-A', 'UCS-MR-1X041RY-A', 'UCS-MR-1X082RX-A', 'UCS-MR-1X162RY-A']",,"['UCS-HD2T7KL12G', 'UCS-HD4T7KL12G', 'UCS-HD1T7KL12G']",16GB,1600,2,4,DDR3,RDIMM,ECC,1.5V,STD,1,,,is_encoded,c220m3-lff-specsheet.pdf,https://www.cisco.com/c/dam/en/us/products/collateral/servers-unified-computing/ucs-c-series-rack-servers/c220m3-lff-specsheet.pdf,https://www.cisco.com/c/dam/en/us/products/collateral/servers-unified-computing/ucs-c-series-rack-servers/c220m3-lff-specsheet.pdf,,,16D3ER24160015S1,2Rx4,"('1Rx2', '1Rx4', '2Rx4')",,,,
Cisco,UCS-MR-1X162RZ-A,Cisco UCS C220 M3  Large Form Factor Rack Server,Cisco,UCS,C220 M3,UCS-MR-1X162RZ-A 16 GB DDR3-1866-MHz RDIMM PC3-14900/2R/x4/ 1.5 V 2,['16'],,,,,,memory,"['E5-2695B v2', 'E5-2650B v2', 'E5-2620B v2', 'E5-2690B v2', 'E5-2609B v2', 'E5-2680B v2', 'E5-2643', 'E5-2600 v2', 'E5-2650', 'E5-2640B v2', 'E5-2670B v2', 'E5-2600 v4', 'E5-2637B v2', 'E5-2600 v3', 'E5-2660B v2', 'E5-2630L', 'E5-2640', 'E5-2643B v2', 'E5-2667', 'E5-2609', 'E5-2630B v2', 'E5-2660', 'E5-2680', 'E5-2670', 'E5-2667B v2', 'E5-2600', 'E5-2650L', 'E5-2665', 'E5-2697B v2', 'E5-2620', 'E5-2690', 'E5-2630']","['UCS-MR-1X041RX-A', 'UCS-MR-1X082RY-A', 'UCS-MR-1X082RZ-A', 'UCS-MR-1X162RZ-A', 'UCS-MR-1X041RY-A', 'UCS-MR-1X082RX-A', 'UCS-MR-1X162RY-A']",,"['UCS-HD2T7KL12G', 'UCS-HD4T7KL12G', 'UCS-HD1T7KL12G']",128GB,1866,2,4,DDR3,RDIMM,ECC,1.5V,STD,1,,,is_encoded,c220m3-lff-specsheet.pdf,https://www.cisco.com/c/dam/en/us/products/collateral/servers-unified-computing/ucs-c-series-rack-servers/c220m3-lff-specsheet.pdf,https://www.cisco.com/c/dam/en/us/products/collateral/servers-unified-computing/ucs-c-series-rack-servers/c220m3-lff-specsheet.pdf,,,128D3ER24186615S1,2Rx4,"('1Rx2', '1Rx4', '2Rx4')",,,,
Cisco,UCS-MR-1X161RV-A,Cisco UCS C220 M4 LFF Rack Server,Cisco,UCS,C220 M4 LFF,UCS-MR-1X161RV-A 16GB DDR4-2400-MHz RDIMM/PC4-19200/single rank/x4 1.2 V 1,['24'],['1.5TB'],,,,,memory,"['E5-2643 v4', 'E5-2698 v4', 'E5-2640 v3', 'E5-2683 v4', 'E5-2699 v4', 'E5-2650 v4', 'E5-2658 v4', 'E5-2660 v4', 'E5-2658 v3', 'E5-2623 v4', 'E5-2600 v4', 'E5-2640 v4', 'E5-2600 v3', 'E5-2697 v4', 'E5-2630L v4', 'E5-2637 v4', 'E5-2620 v4', 'E5-2680 v3', 'E5-2695 v4', 'E5-2620 v3', 'E5-2609 v4', 'E5-2667 v4', 'E5-2697A v4', 'E5-2609 v3', 'E5-2680 v4', 'E5-2650L v4', 'E5-2630 v4', 'E5-2690 v4', 'E5-2699A v4']","['UCS-MR-1X081RV-A', 'UCS-MR-1X081RU-A', 'UCS-MR-1X322RV-A', 'UCS-MR-1X161RV-A', 'UCS-MR-1X162RU-A', 'UCS-MR-1X162RV-A', 'UCS-MR-1X322RVA-S', 'UCS-MR-1X322RU-A', 'UCS-MR-1X648RU-A']","['UCS-SD400GBCK9', 'UCS-SD480G0KHY-EP', 'UCS-SD400GBK9', 'UCS-SD400GBEAK9', 'UCS-SD16TG0KHY-EP', 'UCS-SD400G1KHY-EP', 'UCS-SD16TG1KHY-EP', 'UCS-SD800GBCK9', 'UCS-SD800G0KHY-EP']","['UCS-HD600G15CK9', 'UCS-HD4T7KS3-E', 'UCS-HD12TB10KHY-E', 'UCS-HD6T7KL4K', 'UCS-HD8T7KL4K', 'UCS-HD10T7KL4K', 'UCS-HD4TBK9', 'UCS-HD10T7KL6GA', 'UCS-HDD3TI2F214', 'UCS-HD6T12GK9', 'UCS-HD8T7KL4KHM', 'UCS-HD12T7KL4KHM', 'UCS-HD600G15KHY-E', 'UCS-HD2T7KL6GA', 'UCS-HD6T7KEM', 'UCS-HD10T7KL4K1', 'UCS-HD6T12GAK92', 'UCS-HD4T12GK9', 'UCS-HD8T7KEM', 'UCS-HD300G15KHY-E', 'UCS-HD4T7KL12G', 'UCS-HD8T7KL6GA', 'UCS-HD6T12GAK9', 'UCS-HDD2TI2F213', 'UCS-HD12T7KL6GHA', 'UCS-HD1T7KL12G', 'UCS-HD10T7KEM', 'UCS-HD2T7KL12G', 'UCS-HD6T7KL4K1']",8GB,2400,1,4,DDR4,RDIMM,ECC,1.2V,STD,1,,,is_encoded,c220m4-lff-spec-sheet.pdf,https://www.cisco.com/c/dam/en/us/products/collateral/servers-unified-computing/ucs-c-series-rack-servers/c220m4-lff-spec-sheet.pdf,https://www.cisco.com/c/dam/en/us/products/collateral/servers-unified-computing/ucs-c-series-rack-servers/c220m4-lff-spec-sheet.pdf,,,8D4ER14240012S1,1Rx4,"('1Rx4', '2Rx4', '8Rx4')",,,,
Cisco,UCS-MR-1X081RV-A,Cisco UCS C220 M4 LFF Rack Server,Cisco,UCS,C220 M4 LFF,UCS-MR-1X081RV-A 8GB DDR4-2400-MHz RDIMM/PC4-19200/single rank/x4/1.2v,['24'],['1.5TB'],,,,,memory,"['E5-2643 v4', 'E5-2698 v4', 'E5-2640 v3', 'E5-2683 v4', 'E5-2699 v4', 'E5-2650 v4', 'E5-2658 v4', 'E5-2660 v4', 'E5-2658 v3', 'E5-2623 v4', 'E5-2600 v4', 'E5-2640 v4', 'E5-2600 v3', 'E5-2697 v4', 'E5-2630L v4', 'E5-2637 v4', 'E5-2620 v4', 'E5-2680 v3', 'E5-2695 v4', 'E5-2620 v3', 'E5-2609 v4', 'E5-2667 v4', 'E5-2697A v4', 'E5-2609 v3', 'E5-2680 v4', 'E5-2650L v4', 'E5-2630 v4', 'E5-2690 v4', 'E5-2699A v4']","['UCS-MR-1X081RV-A', 'UCS-MR-1X081RU-A', 'UCS-MR-1X322RV-A', 'UCS-MR-1X161RV-A', 'UCS-MR-1X162RU-A', 'UCS-MR-1X162RV-A', 'UCS-MR-1X322RVA-S', 'UCS-MR-1X322RU-A', 'UCS-MR-1X648RU-A']","['UCS-SD400GBCK9', 'UCS-SD480G0KHY-EP', 'UCS-SD400GBK9', 'UCS-SD400GBEAK9', 'UCS-SD16TG0KHY-EP', 'UCS-SD400G1KHY-EP', 'UCS-SD16TG1KHY-EP', 'UCS-SD800GBCK9', 'UCS-SD800G0KHY-EP']","['UCS-HD600G15CK9', 'UCS-HD4T7KS3-E', 'UCS-HD12TB10KHY-E', 'UCS-HD6T7KL4K', 'UCS-HD8T7KL4K', 'UCS-HD10T7KL4K', 'UCS-HD4TBK9', 'UCS-HD10T7KL6GA', 'UCS-HDD3TI2F214', 'UCS-HD6T12GK9', 'UCS-HD8T7KL4KHM', 'UCS-HD12T7KL4KHM', 'UCS-HD600G15KHY-E', 'UCS-HD2T7KL6GA', 'UCS-HD6T7KEM', 'UCS-HD10T7KL4K1', 'UCS-HD6T12GAK92', 'UCS-HD4T12GK9', 'UCS-HD8T7KEM', 'UCS-HD300G15KHY-E', 'UCS-HD4T7KL12G', 'UCS-HD8T7KL6GA', 'UCS-HD6T12GAK9', 'UCS-HDD2TI2F213', 'UCS-HD12T7KL6GHA', 'UCS-HD1T7KL12G', 'UCS-HD10T7KEM', 'UCS-HD2T7KL12G', 'UCS-HD6T7KL4K1']",8GB,2400,1,4,DDR4,RDIMM,ECC,1.2V,STD,1,,,is_encoded,c220m4-lff-spec-sheet.pdf,https://www.cisco.com/c/dam/en/us/products/collateral/servers-unified-computing/ucs-c-series-rack-servers/c220m4-lff-spec-sheet.pdf,https://www.cisco.com/c/dam/en/us/products/collateral/servers-unified-computing/ucs-c-series-rack-servers/c220m4-lff-spec-sheet.pdf,,,8D4ER14240012S1,1Rx4,"('1Rx4', '2Rx4', '8Rx4')",,,,
Cisco,UCS-MR-1X081RV-A,Cisco UCS C220 M4 LFF Rack Server,Cisco,UCS,C220 M4 LFF,UCS-MR-1X081RV-A 8 GB DDR4-2400-MHz RDIMM/PC4-19200/single rank/x4 1.2 V 1,['24'],['1.5TB'],,,,,memory,"['E5-2643 v4', 'E5-2698 v4', 'E5-2640 v3', 'E5-2683 v4', 'E5-2699 v4', 'E5-2650 v4', 'E5-2658 v4', 'E5-2660 v4', 'E5-2658 v3', 'E5-2623 v4', 'E5-2600 v4', 'E5-2640 v4', 'E5-2600 v3', 'E5-2697 v4', 'E5-2630L v4', 'E5-2637 v4', 'E5-2620 v4', 'E5-2680 v3', 'E5-2695 v4', 'E5-2620 v3', 'E5-2609 v4', 'E5-2667 v4', 'E5-2697A v4', 'E5-2609 v3', 'E5-2680 v4', 'E5-2650L v4', 'E5-2630 v4', 'E5-2690 v4', 'E5-2699A v4']","['UCS-MR-1X081RV-A', 'UCS-MR-1X081RU-A', 'UCS-MR-1X322RV-A', 'UCS-MR-1X161RV-A', 'UCS-MR-1X162RU-A', 'UCS-MR-1X162RV-A', 'UCS-MR-1X322RVA-S', 'UCS-MR-1X322RU-A', 'UCS-MR-1X648RU-A']","['UCS-SD400GBCK9', 'UCS-SD480G0KHY-EP', 'UCS-SD400GBK9', 'UCS-SD400GBEAK9', 'UCS-SD16TG0KHY-EP', 'UCS-SD400G1KHY-EP', 'UCS-SD16TG1KHY-EP', 'UCS-SD800GBCK9', 'UCS-SD800G0KHY-EP']","['UCS-HD600G15CK9', 'UCS-HD4T7KS3-E', 'UCS-HD12TB10KHY-E', 'UCS-HD6T7KL4K', 'UCS-HD8T7KL4K', 'UCS-HD10T7KL4K', 'UCS-HD4TBK9', 'UCS-HD10T7KL6GA', 'UCS-HDD3TI2F214', 'UCS-HD6T12GK9', 'UCS-HD8T7KL4KHM', 'UCS-HD12T7KL4KHM', 'UCS-HD600G15KHY-E', 'UCS-HD2T7KL6GA', 'UCS-HD6T7KEM', 'UCS-HD10T7KL4K1', 'UCS-HD6T12GAK92', 'UCS-HD4T12GK9', 'UCS-HD8T7KEM', 'UCS-HD300G15KHY-E', 'UCS-HD4T7KL12G', 'UCS-HD8T7KL6GA', 'UCS-HD6T12GAK9', 'UCS-HDD2TI2F213', 'UCS-HD12T7KL6GHA', 'UCS-HD1T7KL12G', 'UCS-HD10T7KEM', 'UCS-HD2T7KL12G', 'UCS-HD6T7KL4K1']",8GB,2400,1,4,DDR4,RDIMM,ECC,1.2V,STD,1,,,is_encoded,c220m4-lff-spec-sheet.pdf,https://www.cisco.com/c/dam/en/us/products/collateral/servers-unified-computing/ucs-c-series-rack-servers/c220m4-lff-spec-sheet.pdf,https://www.cisco.com/c/dam/en/us/products/collateral/servers-unified-computing/ucs-c-series-rack-servers/c220m4-lff-spec-sheet.pdf,,,8D4ER14240012S1,1Rx4,"('1Rx4', '2Rx4', '8Rx4')",,,,
Cisco,UCS-MR-1X161RV-A,Cisco UCS C220 M4 LFF Rack Server,Cisco,UCS,C220 M4 LFF,UCS-MR-1X161RV-A 16GB DDR4-2400-MHz RDIMM/PC4-19200/single rank/x4/1.2v,['24'],['1.5TB'],,,,,memory,"['E5-2643 v4', 'E5-2698 v4', 'E5-2640 v3', 'E5-2683 v4', 'E5-2699 v4', 'E5-2650 v4', 'E5-2658 v4', 'E5-2660 v4', 'E5-2658 v3', 'E5-2623 v4', 'E5-2600 v4', 'E5-2640 v4', 'E5-2600 v3', 'E5-2697 v4', 'E5-2630L v4', 'E5-2637 v4', 'E5-2620 v4', 'E5-2680 v3', 'E5-2695 v4', 'E5-2620 v3', 'E5-2609 v4', 'E5-2667 v4', 'E5-2697A v4', 'E5-2609 v3', 'E5-2680 v4', 'E5-2650L v4', 'E5-2630 v4', 'E5-2690 v4', 'E5-2699A v4']","['UCS-MR-1X081RV-A', 'UCS-MR-1X081RU-A', 'UCS-MR-1X322RV-A', 'UCS-MR-1X161RV-A', 'UCS-MR-1X162RU-A', 'UCS-MR-1X162RV-A', 'UCS-MR-1X322RVA-S', 'UCS-MR-1X322RU-A', 'UCS-MR-1X648RU-A']","['UCS-SD400GBCK9', 'UCS-SD480G0KHY-EP', 'UCS-SD400GBK9', 'UCS-SD400GBEAK9', 'UCS-SD16TG0KHY-EP', 'UCS-SD400G1KHY-EP', 'UCS-SD16TG1KHY-EP', 'UCS-SD800GBCK9', 'UCS-SD800G0KHY-EP']","['UCS-HD600G15CK9', 'UCS-HD4T7KS3-E', 'UCS-HD12TB10KHY-E', 'UCS-HD6T7KL4K', 'UCS-HD8T7KL4K', 'UCS-HD10T7KL4K', 'UCS-HD4TBK9', 'UCS-HD10T7KL6GA', 'UCS-HDD3TI2F214', 'UCS-HD6T12GK9', 'UCS-HD8T7KL4KHM', 'UCS-HD12T7KL4KHM', 'UCS-HD600G15KHY-E', 'UCS-HD2T7KL6GA', 'UCS-HD6T7KEM', 'UCS-HD10T7KL4K1', 'UCS-HD6T12GAK92', 'UCS-HD4T12GK9', 'UCS-HD8T7KEM', 'UCS-HD300G15KHY-E', 'UCS-HD4T7KL12G', 'UCS-HD8T7KL6GA', 'UCS-HD6T12GAK9', 'UCS-HDD2TI2F213', 'UCS-HD12T7KL6GHA', 'UCS-HD1T7KL12G', 'UCS-HD10T7KEM', 'UCS-HD2T7KL12G', 'UCS-HD6T7KL4K1']",8GB,2400,1,4,DDR4,RDIMM,ECC,1.2V,STD,1,,,is_encoded,c220m4-lff-spec-sheet.pdf,https://www.cisco.com/c/dam/en/us/products/collateral/servers-unified-computing/ucs-c-series-rack-servers/c220m4-lff-spec-sheet.pdf,https://www.cisco.com/c/dam/en/us/products/collateral/servers-unified-computing/ucs-c-series-rack-servers/c220m4-lff-spec-sheet.pdf,,,8D4ER14240012S1,1Rx4,"('1Rx4', '2Rx4', '8Rx4')",,,,
Cisco,UCS-MR-1X081RU-A,Cisco UCS C220 M4 LFF Rack Server,Cisco,UCS,C220 M4 LFF,UCS-MR-1X081RU-A 8GB DDR4-2133-MHz RDIMM/PC4-17000/single rank/x4/1.2v,['24'],['1.5TB'],,,,,memory,"['E5-2643 v4', 'E5-2698 v4', 'E5-2640 v3', 'E5-2683 v4', 'E5-2699 v4', 'E5-2650 v4', 'E5-2658 v4', 'E5-2660 v4', 'E5-2658 v3', 'E5-2623 v4', 'E5-2600 v4', 'E5-2640 v4', 'E5-2600 v3', 'E5-2697 v4', 'E5-2630L v4', 'E5-2637 v4', 'E5-2620 v4', 'E5-2680 v3', 'E5-2695 v4', 'E5-2620 v3', 'E5-2609 v4', 'E5-2667 v4', 'E5-2697A v4', 'E5-2609 v3', 'E5-2680 v4', 'E5-2650L v4', 'E5-2630 v4', 'E5-2690 v4', 'E5-2699A v4']","['UCS-MR-1X081RV-A', 'UCS-MR-1X081RU-A', 'UCS-MR-1X322RV-A', 'UCS-MR-1X161RV-A', 'UCS-MR-1X162RU-A', 'UCS-MR-1X162RV-A', 'UCS-MR-1X322RVA-S', 'UCS-MR-1X322RU-A', 'UCS-MR-1X648RU-A']","['UCS-SD400GBCK9', 'UCS-SD480G0KHY-EP', 'UCS-SD400GBK9', 'UCS-SD400GBEAK9', 'UCS-SD16TG0KHY-EP', 'UCS-SD400G1KHY-EP', 'UCS-SD16TG1KHY-EP', 'UCS-SD800GBCK9', 'UCS-SD800G0KHY-EP']","['UCS-HD600G15CK9', 'UCS-HD4T7KS3-E', 'UCS-HD12TB10KHY-E', 'UCS-HD6T7KL4K', 'UCS-HD8T7KL4K', 'UCS-HD10T7KL4K', 'UCS-HD4TBK9', 'UCS-HD10T7KL6GA', 'UCS-HDD3TI2F214', 'UCS-HD6T12GK9', 'UCS-HD8T7KL4KHM', 'UCS-HD12T7KL4KHM', 'UCS-HD600G15KHY-E', 'UCS-HD2T7KL6GA', 'UCS-HD6T7KEM', 'UCS-HD10T7KL4K1', 'UCS-HD6T12GAK92', 'UCS-HD4T12GK9', 'UCS-HD8T7KEM', 'UCS-HD300G15KHY-E', 'UCS-HD4T7KL12G', 'UCS-HD8T7KL6GA', 'UCS-HD6T12GAK9', 'UCS-HDD2TI2F213', 'UCS-HD12T7KL6GHA', 'UCS-HD1T7KL12G', 'UCS-HD10T7KEM', 'UCS-HD2T7KL12G', 'UCS-HD6T7KL4K1']",8GB,2133,1,4,DDR4,RDIMM,ECC,1.2V,STD,1,,,is_encoded,c220m4-lff-spec-sheet.pdf,https://www.cisco.com/c/dam/en/us/products/collateral/servers-unified-computing/ucs-c-series-rack-servers/c220m4-lff-spec-sheet.pdf,https://www.cisco.com/c/dam/en/us/products/collateral/servers-unified-computing/ucs-c-series-rack-servers/c220m4-lff-spec-sheet.pdf,,,8D4ER14213312S1,1Rx4,"('1Rx4', '2Rx4', '8Rx4')",,,,
Cisco,UCS-MR-1X081RU-A,Cisco UCS C220 M4 LFF Rack Server,Cisco,UCS,C220 M4 LFF,UCS-MR-1X081RU-A 8GB DDR4-2133-MHz RDIMM/PC4-17000/single rank/x4/1.2v,['24'],['1.5TB'],,,,,memory,"['E5-2643 v4', 'E5-2698 v4', 'E5-2640 v3', 'E5-2683 v4', 'E5-2699 v4', 'E5-2650 v4', 'E5-2658 v4', 'E5-2660 v4', 'E5-2658 v3', 'E5-2623 v4', 'E5-2600 v4', 'E5-2640 v4', 'E5-2600 v3', 'E5-2697 v4', 'E5-2630L v4', 'E5-2637 v4', 'E5-2620 v4', 'E5-2680 v3', 'E5-2695 v4', 'E5-2620 v3', 'E5-2609 v4', 'E5-2667 v4', 'E5-2697A v4', 'E5-2609 v3', 'E5-2680 v4', 'E5-2650L v4', 'E5-2630 v4', 'E5-2690 v4', 'E5-2699A v4']","['UCS-MR-1X081RV-A', 'UCS-MR-1X081RU-A', 'UCS-MR-1X322RV-A', 'UCS-MR-1X161RV-A', 'UCS-MR-1X162RU-A', 'UCS-MR-1X162RV-A', 'UCS-MR-1X322RVA-S', 'UCS-MR-1X322RU-A', 'UCS-MR-1X648RU-A']","['UCS-SD400GBCK9', 'UCS-SD480G0KHY-EP', 'UCS-SD400GBK9', 'UCS-SD400GBEAK9', 'UCS-SD16TG0KHY-EP', 'UCS-SD400G1KHY-EP', 'UCS-SD16TG1KHY-EP', 'UCS-SD800GBCK9', 'UCS-SD800G0KHY-EP']","['UCS-HD600G15CK9', 'UCS-HD4T7KS3-E', 'UCS-HD12TB10KHY-E', 'UCS-HD6T7KL4K', 'UCS-HD8T7KL4K', 'UCS-HD10T7KL4K', 'UCS-HD4TBK9', 'UCS-HD10T7KL6GA', 'UCS-HDD3TI2F214', 'UCS-HD6T12GK9', 'UCS-HD8T7KL4KHM', 'UCS-HD12T7KL4KHM', 'UCS-HD600G15KHY-E', 'UCS-HD2T7KL6GA', 'UCS-HD6T7KEM', 'UCS-HD10T7KL4K1', 'UCS-HD6T12GAK92', 'UCS-HD4T12GK9', 'UCS-HD8T7KEM', 'UCS-HD300G15KHY-E', 'UCS-HD4T7KL12G', 'UCS-HD8T7KL6GA', 'UCS-HD6T12GAK9', 'UCS-HDD2TI2F213', 'UCS-HD12T7KL6GHA', 'UCS-HD1T7KL12G', 'UCS-HD10T7KEM', 'UCS-HD2T7KL12G', 'UCS-HD6T7KL4K1']",8GB,2133,1,4,DDR4,RDIMM,ECC,1.2V,STD,1,,,is_encoded,c220m4-lff-spec-sheet.pdf,https://www.cisco.com/c/dam/en/us/products/collateral/servers-unified-computing/ucs-c-series-rack-servers/c220m4-lff-spec-sheet.pdf,https://www.cisco.com/c/dam/en/us/products/collateral/servers-unified-computing/ucs-c-series-rack-servers/c220m4-lff-spec-sheet.pdf,,,8D4ER14213312S1,1Rx4,"('1Rx4', '2Rx4', '8Rx4')",,,,
Cisco,UCS-MR-1X322RV-A,Cisco UCS C220 M4 LFF Rack Server,Cisco,UCS,C220 M4 LFF,UCS-MR-1X322RV-A 32GB DDR4-2400-MHz RDIMM/PC4-19200/dual rank/x4 1.2 V 2,['24'],['1.5TB'],,,,,memory,"['E5-2643 v4', 'E5-2698 v4', 'E5-2640 v3', 'E5-2683 v4', 'E5-2699 v4', 'E5-2650 v4', 'E5-2658 v4', 'E5-2660 v4', 'E5-2658 v3', 'E5-2623 v4', 'E5-2600 v4', 'E5-2640 v4', 'E5-2600 v3', 'E5-2697 v4', 'E5-2630L v4', 'E5-2637 v4', 'E5-2620 v4', 'E5-2680 v3', 'E5-2695 v4', 'E5-2620 v3', 'E5-2609 v4', 'E5-2667 v4', 'E5-2697A v4', 'E5-2609 v3', 'E5-2680 v4', 'E5-2650L v4', 'E5-2630 v4', 'E5-2690 v4', 'E5-2699A v4']","['UCS-MR-1X081RV-A', 'UCS-MR-1X081RU-A', 'UCS-MR-1X322RV-A', 'UCS-MR-1X161RV-A', 'UCS-MR-1X162RU-A', 'UCS-MR-1X162RV-A', 'UCS-MR-1X322RVA-S', 'UCS-MR-1X322RU-A', 'UCS-MR-1X648RU-A']","['UCS-SD400GBCK9', 'UCS-SD480G0KHY-EP', 'UCS-SD400GBK9', 'UCS-SD400GBEAK9', 'UCS-SD16TG0KHY-EP', 'UCS-SD400G1KHY-EP', 'UCS-SD16TG1KHY-EP', 'UCS-SD800GBCK9', 'UCS-SD800G0KHY-EP']","['UCS-HD600G15CK9', 'UCS-HD4T7KS3-E', 'UCS-HD12TB10KHY-E', 'UCS-HD6T7KL4K', 'UCS-HD8T7KL4K', 'UCS-HD10T7KL4K', 'UCS-HD4TBK9', 'UCS-HD10T7KL6GA', 'UCS-HDD3TI2F214', 'UCS-HD6T12GK9', 'UCS-HD8T7KL4KHM', 'UCS-HD12T7KL4KHM', 'UCS-HD600G15KHY-E', 'UCS-HD2T7KL6GA', 'UCS-HD6T7KEM', 'UCS-HD10T7KL4K1', 'UCS-HD6T12GAK92', 'UCS-HD4T12GK9', 'UCS-HD8T7KEM', 'UCS-HD300G15KHY-E', 'UCS-HD4T7KL12G', 'UCS-HD8T7KL6GA', 'UCS-HD6T12GAK9', 'UCS-HDD2TI2F213', 'UCS-HD12T7KL6GHA', 'UCS-HD1T7KL12G', 'UCS-HD10T7KEM', 'UCS-HD2T7KL12G', 'UCS-HD6T7KL4K1']",16GB,2400,1,4,DDR4,RDIMM,ECC,1.2V,STD,1,,,is_encoded,c220m4-lff-spec-sheet.pdf,https://www.cisco.com/c/dam/en/us/products/collateral/servers-unified-computing/ucs-c-series-rack-servers/c220m4-lff-spec-sheet.pdf,https://www.cisco.com/c/dam/en/us/products/collateral/servers-unified-computing/ucs-c-series-rack-servers/c220m4-lff-spec-sheet.pdf,,,16D4ER14240012S1,1Rx4,"('1Rx4', '2Rx4', '8Rx4')",,,,
Cisco,UCS-MR-1X161RV-A,Cisco UCS C220 M4 LFF Rack Server,Cisco,UCS,C220 M4 LFF,UCS-MR-1X161RV-A 16GB DDR4-2400-MHz RDIMM/PC4-19200/single rank/x4/1.2v,['24'],['1.5TB'],,,,,memory,"['E5-2643 v4', 'E5-2698 v4', 'E5-2640 v3', 'E5-2683 v4', 'E5-2699 v4', 'E5-2650 v4', 'E5-2658 v4', 'E5-2660 v4', 'E5-2658 v3', 'E5-2623 v4', 'E5-2600 v4', 'E5-2640 v4', 'E5-2600 v3', 'E5-2697 v4', 'E5-2630L v4', 'E5-2637 v4', 'E5-2620 v4', 'E5-2680 v3', 'E5-2695 v4', 'E5-2620 v3', 'E5-2609 v4', 'E5-2667 v4', 'E5-2697A v4', 'E5-2609 v3', 'E5-2680 v4', 'E5-2650L v4', 'E5-2630 v4', 'E5-2690 v4', 'E5-2699A v4']","['UCS-MR-1X081RV-A', 'UCS-MR-1X081RU-A', 'UCS-MR-1X322RV-A', 'UCS-MR-1X161RV-A', 'UCS-MR-1X162RU-A', 'UCS-MR-1X162RV-A', 'UCS-MR-1X322RVA-S', 'UCS-MR-1X322RU-A', 'UCS-MR-1X648RU-A']","['UCS-SD400GBCK9', 'UCS-SD480G0KHY-EP', 'UCS-SD400GBK9', 'UCS-SD400GBEAK9', 'UCS-SD16TG0KHY-EP', 'UCS-SD400G1KHY-EP', 'UCS-SD16TG1KHY-EP', 'UCS-SD800GBCK9', 'UCS-SD800G0KHY-EP']","['UCS-HD600G15CK9', 'UCS-HD4T7KS3-E', 'UCS-HD12TB10KHY-E', 'UCS-HD6T7KL4K', 'UCS-HD8T7KL4K', 'UCS-HD10T7KL4K', 'UCS-HD4TBK9', 'UCS-HD10T7KL6GA', 'UCS-HDD3TI2F214', 'UCS-HD6T12GK9', 'UCS-HD8T7KL4KHM', 'UCS-HD12T7KL4KHM', 'UCS-HD600G15KHY-E', 'UCS-HD2T7KL6GA', 'UCS-HD6T7KEM', 'UCS-HD10T7KL4K1', 'UCS-HD6T12GAK92', 'UCS-HD4T12GK9', 'UCS-HD8T7KEM', 'UCS-HD300G15KHY-E', 'UCS-HD4T7KL12G', 'UCS-HD8T7KL6GA', 'UCS-HD6T12GAK9', 'UCS-HDD2TI2F213', 'UCS-HD12T7KL6GHA', 'UCS-HD1T7KL12G', 'UCS-HD10T7KEM', 'UCS-HD2T7KL12G', 'UCS-HD6T7KL4K1']",16GB,2400,1,4,DDR4,RDIMM,ECC,1.2V,STD,1,,,is_encoded,c220m4-lff-spec-sheet.pdf,https://www.cisco.com/c/dam/en/us/products/collateral/servers-unified-computing/ucs-c-series-rack-servers/c220m4-lff-spec-sheet.pdf,https://www.cisco.com/c/dam/en/us/products/collateral/servers-unified-computing/ucs-c-series-rack-servers/c220m4-lff-spec-sheet.pdf,,,16D4ER14240012S1,1Rx4,"('1Rx4', '2Rx4', '8Rx4')",,,,
Cisco,UCS-MR-1X161RV-A,Cisco UCS C220 M4 LFF Rack Server,Cisco,UCS,C220 M4 LFF,UCS-MR-1X161RV-A 16GB DDR4-2400-MHz RDIMM/PC4-19200/single rank/x4 1.2 V 1,['24'],['1.5TB'],,,,,memory,"['E5-2643 v4', 'E5-2698 v4', 'E5-2640 v3', 'E5-2683 v4', 'E5-2699 v4', 'E5-2650 v4', 'E5-2658 v4', 'E5-2660 v4', 'E5-2658 v3', 'E5-2623 v4', 'E5-2600 v4', 'E5-2640 v4', 'E5-2600 v3', 'E5-2697 v4', 'E5-2630L v4', 'E5-2637 v4', 'E5-2620 v4', 'E5-2680 v3', 'E5-2695 v4', 'E5-2620 v3', 'E5-2609 v4', 'E5-2667 v4', 'E5-2697A v4', 'E5-2609 v3', 'E5-2680 v4', 'E5-2650L v4', 'E5-2630 v4', 'E5-2690 v4', 'E5-2699A v4']","['UCS-MR-1X081RV-A', 'UCS-MR-1X081RU-A', 'UCS-MR-1X322RV-A', 'UCS-MR-1X161RV-A', 'UCS-MR-1X162RU-A', 'UCS-MR-1X162RV-A', 'UCS-MR-1X322RVA-S', 'UCS-MR-1X322RU-A', 'UCS-MR-1X648RU-A']","['UCS-SD400GBCK9', 'UCS-SD480G0KHY-EP', 'UCS-SD400GBK9', 'UCS-SD400GBEAK9', 'UCS-SD16TG0KHY-EP', 'UCS-SD400G1KHY-EP', 'UCS-SD16TG1KHY-EP', 'UCS-SD800GBCK9', 'UCS-SD800G0KHY-EP']","['UCS-HD600G15CK9', 'UCS-HD4T7KS3-E', 'UCS-HD12TB10KHY-E', 'UCS-HD6T7KL4K', 'UCS-HD8T7KL4K', 'UCS-HD10T7KL4K', 'UCS-HD4TBK9', 'UCS-HD10T7KL6GA', 'UCS-HDD3TI2F214', 'UCS-HD6T12GK9', 'UCS-HD8T7KL4KHM', 'UCS-HD12T7KL4KHM', 'UCS-HD600G15KHY-E', 'UCS-HD2T7KL6GA', 'UCS-HD6T7KEM', 'UCS-HD10T7KL4K1', 'UCS-HD6T12GAK92', 'UCS-HD4T12GK9', 'UCS-HD8T7KEM', 'UCS-HD300G15KHY-E', 'UCS-HD4T7KL12G', 'UCS-HD8T7KL6GA', 'UCS-HD6T12GAK9', 'UCS-HDD2TI2F213', 'UCS-HD12T7KL6GHA', 'UCS-HD1T7KL12G', 'UCS-HD10T7KEM', 'UCS-HD2T7KL12G', 'UCS-HD6T7KL4K1']",16GB,2400,1,4,DDR4,RDIMM,ECC,1.2V,STD,1,,,is_encoded,c220m4-lff-spec-sheet.pdf,https://www.cisco.com/c/dam/en/us/products/collateral/servers-unified-computing/ucs-c-series-rack-servers/c220m4-lff-spec-sheet.pdf,https://www.cisco.com/c/dam/en/us/products/collateral/servers-unified-computing/ucs-c-series-rack-servers/c220m4-lff-spec-sheet.pdf,,,16D4ER14240012S1,1Rx4,"('1Rx4', '2Rx4', '8Rx4')",,,,
Cisco,UCS-MR-1X322RV-A,Cisco UCS C220 M4 LFF Rack Server,Cisco,UCS,C220 M4 LFF,UCS-MR-1X322RV-A 32GB DDR4-2400-MHz RDIMM/PC4-19200/dual rank/x4 1.2 V 2,['24'],['1.5TB'],,,,,memory,"['E5-2643 v4', 'E5-2698 v4', 'E5-2640 v3', 'E5-2683 v4', 'E5-2699 v4', 'E5-2650 v4', 'E5-2658 v4', 'E5-2660 v4', 'E5-2658 v3', 'E5-2623 v4', 'E5-2600 v4', 'E5-2640 v4', 'E5-2600 v3', 'E5-2697 v4', 'E5-2630L v4', 'E5-2637 v4', 'E5-2620 v4', 'E5-2680 v3', 'E5-2695 v4', 'E5-2620 v3', 'E5-2609 v4', 'E5-2667 v4', 'E5-2697A v4', 'E5-2609 v3', 'E5-2680 v4', 'E5-2650L v4', 'E5-2630 v4', 'E5-2690 v4', 'E5-2699A v4']","['UCS-MR-1X081RV-A', 'UCS-MR-1X081RU-A', 'UCS-MR-1X322RV-A', 'UCS-MR-1X161RV-A', 'UCS-MR-1X162RU-A', 'UCS-MR-1X162RV-A', 'UCS-MR-1X322RVA-S', 'UCS-MR-1X322RU-A', 'UCS-MR-1X648RU-A']","['UCS-SD400GBCK9', 'UCS-SD480G0KHY-EP', 'UCS-SD400GBK9', 'UCS-SD400GBEAK9', 'UCS-SD16TG0KHY-EP', 'UCS-SD400G1KHY-EP', 'UCS-SD16TG1KHY-EP', 'UCS-SD800GBCK9', 'UCS-SD800G0KHY-EP']","['UCS-HD600G15CK9', 'UCS-HD4T7KS3-E', 'UCS-HD12TB10KHY-E', 'UCS-HD6T7KL4K', 'UCS-HD8T7KL4K', 'UCS-HD10T7KL4K', 'UCS-HD4TBK9', 'UCS-HD10T7KL6GA', 'UCS-HDD3TI2F214', 'UCS-HD6T12GK9', 'UCS-HD8T7KL4KHM', 'UCS-HD12T7KL4KHM', 'UCS-HD600G15KHY-E', 'UCS-HD2T7KL6GA', 'UCS-HD6T7KEM', 'UCS-HD10T7KL4K1', 'UCS-HD6T12GAK92', 'UCS-HD4T12GK9', 'UCS-HD8T7KEM', 'UCS-HD300G15KHY-E', 'UCS-HD4T7KL12G', 'UCS-HD8T7KL6GA', 'UCS-HD6T12GAK9', 'UCS-HDD2TI2F213', 'UCS-HD12T7KL6GHA', 'UCS-HD1T7KL12G', 'UCS-HD10T7KEM', 'UCS-HD2T7KL12G', 'UCS-HD6T7KL4K1']",32GB,2400,2,4,DDR4,RDIMM,ECC,1.2V,STD,1,,,is_encoded,c220m4-lff-spec-sheet.pdf,https://www.cisco.com/c/dam/en/us/products/collateral/servers-unified-computing/ucs-c-series-rack-servers/c220m4-lff-spec-sheet.pdf,https://www.cisco.com/c/dam/en/us/products/collateral/servers-unified-computing/ucs-c-series-rack-servers/c220m4-lff-spec-sheet.pdf,,,32D4ER24240012S1,2Rx4,"('1Rx4', '2Rx4', '8Rx4')",,,,
Cisco,UCS-MR-1X322RVA-S,Cisco UCS C220 M4 LFF Rack Server,Cisco,UCS,C220 M4 LFF,UCS-MR-1X322RVA-S 32GB DDR4-2400-MHz RDIMM/PC4-19200/dual rank/x4/1.2v Samsung,['24'],['1.5TB'],,,,,memory,"['E5-2643 v4', 'E5-2698 v4', 'E5-2640 v3', 'E5-2683 v4', 'E5-2699 v4', 'E5-2650 v4', 'E5-2658 v4', 'E5-2660 v4', 'E5-2658 v3', 'E5-2623 v4', 'E5-2600 v4', 'E5-2640 v4', 'E5-2600 v3', 'E5-2697 v4', 'E5-2630L v4', 'E5-2637 v4', 'E5-2620 v4', 'E5-2680 v3', 'E5-2695 v4', 'E5-2620 v3', 'E5-2609 v4', 'E5-2667 v4', 'E5-2697A v4', 'E5-2609 v3', 'E5-2680 v4', 'E5-2650L v4', 'E5-2630 v4', 'E5-2690 v4', 'E5-2699A v4']","['UCS-MR-1X081RV-A', 'UCS-MR-1X081RU-A', 'UCS-MR-1X322RV-A', 'UCS-MR-1X161RV-A', 'UCS-MR-1X162RU-A', 'UCS-MR-1X162RV-A', 'UCS-MR-1X322RVA-S', 'UCS-MR-1X322RU-A', 'UCS-MR-1X648RU-A']","['UCS-SD400GBCK9', 'UCS-SD480G0KHY-EP', 'UCS-SD400GBK9', 'UCS-SD400GBEAK9', 'UCS-SD16TG0KHY-EP', 'UCS-SD400G1KHY-EP', 'UCS-SD16TG1KHY-EP', 'UCS-SD800GBCK9', 'UCS-SD800G0KHY-EP']","['UCS-HD600G15CK9', 'UCS-HD4T7KS3-E', 'UCS-HD12TB10KHY-E', 'UCS-HD6T7KL4K', 'UCS-HD8T7KL4K', 'UCS-HD10T7KL4K', 'UCS-HD4TBK9', 'UCS-HD10T7KL6GA', 'UCS-HDD3TI2F214', 'UCS-HD6T12GK9', 'UCS-HD8T7KL4KHM', 'UCS-HD12T7KL4KHM', 'UCS-HD600G15KHY-E', 'UCS-HD2T7KL6GA', 'UCS-HD6T7KEM', 'UCS-HD10T7KL4K1', 'UCS-HD6T12GAK92', 'UCS-HD4T12GK9', 'UCS-HD8T7KEM', 'UCS-HD300G15KHY-E', 'UCS-HD4T7KL12G', 'UCS-HD8T7KL6GA', 'UCS-HD6T12GAK9', 'UCS-HDD2TI2F213', 'UCS-HD12T7KL6GHA', 'UCS-HD1T7KL12G', 'UCS-HD10T7KEM', 'UCS-HD2T7KL12G', 'UCS-HD6T7KL4K1']",32GB,2400,2,4,DDR4,RDIMM,ECC,1.2V,STD,1,,,is_encoded,c220m4-lff-spec-sheet.pdf,https://www.cisco.com/c/dam/en/us/products/collateral/servers-unified-computing/ucs-c-series-rack-servers/c220m4-lff-spec-sheet.pdf,https://www.cisco.com/c/dam/en/us/products/collateral/servers-unified-computing/ucs-c-series-rack-servers/c220m4-lff-spec-sheet.pdf,,,32D4ER24240012S1,2Rx4,"('1Rx4', '2Rx4', '8Rx4')",,,,
Cisco,UCS-MR-1X322RU-A,Cisco UCS C220 M4 LFF Rack Server,Cisco,UCS,C220 M4 LFF,UCS-MR-1X322RU-A 32GB DDR4-2133-MHz RDIMM/PC4-17000/dual rank/x4/1.2v,['24'],['1.5TB'],,,,,memory,"['E5-2643 v4', 'E5-2698 v4', 'E5-2640 v3', 'E5-2683 v4', 'E5-2699 v4', 'E5-2650 v4', 'E5-2658 v4', 'E5-2660 v4', 'E5-2658 v3', 'E5-2623 v4', 'E5-2600 v4', 'E5-2640 v4', 'E5-2600 v3', 'E5-2697 v4', 'E5-2630L v4', 'E5-2637 v4', 'E5-2620 v4', 'E5-2680 v3', 'E5-2695 v4', 'E5-2620 v3', 'E5-2609 v4', 'E5-2667 v4', 'E5-2697A v4', 'E5-2609 v3', 'E5-2680 v4', 'E5-2650L v4', 'E5-2630 v4', 'E5-2690 v4', 'E5-2699A v4']","['UCS-MR-1X081RV-A', 'UCS-MR-1X081RU-A', 'UCS-MR-1X322RV-A', 'UCS-MR-1X161RV-A', 'UCS-MR-1X162RU-A', 'UCS-MR-1X162RV-A', 'UCS-MR-1X322RVA-S', 'UCS-MR-1X322RU-A', 'UCS-MR-1X648RU-A']","['UCS-SD400GBCK9', 'UCS-SD480G0KHY-EP', 'UCS-SD400GBK9', 'UCS-SD400GBEAK9', 'UCS-SD16TG0KHY-EP', 'UCS-SD400G1KHY-EP', 'UCS-SD16TG1KHY-EP', 'UCS-SD800GBCK9', 'UCS-SD800G0KHY-EP']","['UCS-HD600G15CK9', 'UCS-HD4T7KS3-E', 'UCS-HD12TB10KHY-E', 'UCS-HD6T7KL4K', 'UCS-HD8T7KL4K', 'UCS-HD10T7KL4K', 'UCS-HD4TBK9', 'UCS-HD10T7KL6GA', 'UCS-HDD3TI2F214', 'UCS-HD6T12GK9', 'UCS-HD8T7KL4KHM', 'UCS-HD12T7KL4KHM', 'UCS-HD600G15KHY-E', 'UCS-HD2T7KL6GA', 'UCS-HD6T7KEM', 'UCS-HD10T7KL4K1', 'UCS-HD6T12GAK92', 'UCS-HD4T12GK9', 'UCS-HD8T7KEM', 'UCS-HD300G15KHY-E', 'UCS-HD4T7KL12G', 'UCS-HD8T7KL6GA', 'UCS-HD6T12GAK9', 'UCS-HDD2TI2F213', 'UCS-HD12T7KL6GHA', 'UCS-HD1T7KL12G', 'UCS-HD10T7KEM', 'UCS-HD2T7KL12G', 'UCS-HD6T7KL4K1']",32GB,2133,2,4,DDR4,RDIMM,ECC,1.2V,STD,1,,,is_encoded,c220m4-lff-spec-sheet.pdf,https://www.cisco.com/c/dam/en/us/products/collateral/servers-unified-computing/ucs-c-series-rack-servers/c220m4-lff-spec-sheet.pdf,https://www.cisco.com/c/dam/en/us/products/collateral/servers-unified-computing/ucs-c-series-rack-servers/c220m4-lff-spec-sheet.pdf,,,32D4ER24213312S1,2Rx4,"('1Rx4', '2Rx4', '8Rx4')",,,,
Cisco,UCS-MR-1X162RV-A,Cisco UCS C220 M4 LFF Rack Server,Cisco,UCS,C220 M4 LFF,UCS-MR-1X162RV-A 16GB DDR4-2400-MHz RDIMM/PC4-19200/dual rank/x4/1.2v,['24'],['1.5TB'],,,,,memory,"['E5-2643 v4', 'E5-2698 v4', 'E5-2640 v3', 'E5-2683 v4', 'E5-2699 v4', 'E5-2650 v4', 'E5-2658 v4', 'E5-2660 v4', 'E5-2658 v3', 'E5-2623 v4', 'E5-2600 v4', 'E5-2640 v4', 'E5-2600 v3', 'E5-2697 v4', 'E5-2630L v4', 'E5-2637 v4', 'E5-2620 v4', 'E5-2680 v3', 'E5-2695 v4', 'E5-2620 v3', 'E5-2609 v4', 'E5-2667 v4', 'E5-2697A v4', 'E5-2609 v3', 'E5-2680 v4', 'E5-2650L v4', 'E5-2630 v4', 'E5-2690 v4', 'E5-2699A v4']","['UCS-MR-1X081RV-A', 'UCS-MR-1X081RU-A', 'UCS-MR-1X322RV-A', 'UCS-MR-1X161RV-A', 'UCS-MR-1X162RU-A', 'UCS-MR-1X162RV-A', 'UCS-MR-1X322RVA-S', 'UCS-MR-1X322RU-A', 'UCS-MR-1X648RU-A']","['UCS-SD400GBCK9', 'UCS-SD480G0KHY-EP', 'UCS-SD400GBK9', 'UCS-SD400GBEAK9', 'UCS-SD16TG0KHY-EP', 'UCS-SD400G1KHY-EP', 'UCS-SD16TG1KHY-EP', 'UCS-SD800GBCK9', 'UCS-SD800G0KHY-EP']","['UCS-HD600G15CK9', 'UCS-HD4T7KS3-E', 'UCS-HD12TB10KHY-E', 'UCS-HD6T7KL4K', 'UCS-HD8T7KL4K', 'UCS-HD10T7KL4K', 'UCS-HD4TBK9', 'UCS-HD10T7KL6GA', 'UCS-HDD3TI2F214', 'UCS-HD6T12GK9', 'UCS-HD8T7KL4KHM', 'UCS-HD12T7KL4KHM', 'UCS-HD600G15KHY-E', 'UCS-HD2T7KL6GA', 'UCS-HD6T7KEM', 'UCS-HD10T7KL4K1', 'UCS-HD6T12GAK92', 'UCS-HD4T12GK9', 'UCS-HD8T7KEM', 'UCS-HD300G15KHY-E', 'UCS-HD4T7KL12G', 'UCS-HD8T7KL6GA', 'UCS-HD6T12GAK9', 'UCS-HDD2TI2F213', 'UCS-HD12T7KL6GHA', 'UCS-HD1T7KL12G', 'UCS-HD10T7KEM', 'UCS-HD2T7KL12G', 'UCS-HD6T7KL4K1']",16GB,2400,2,4,DDR4,RDIMM,ECC,1.2V,STD,1,,,is_encoded,c220m4-lff-spec-sheet.pdf,https://www.cisco.com/c/dam/en/us/products/collateral/servers-unified-computing/ucs-c-series-rack-servers/c220m4-lff-spec-sheet.pdf,https://www.cisco.com/c/dam/en/us/products/collateral/servers-unified-computing/ucs-c-series-rack-servers/c220m4-lff-spec-sheet.pdf,,,16D4ER24240012S1,2Rx4,"('1Rx4', '2Rx4', '8Rx4')",,,,
Cisco,UCS-MR-1X162RU-A,Cisco UCS C220 M4 LFF Rack Server,Cisco,UCS,C220 M4 LFF,UCS-MR-1X162RU-A 16GB DDR4-2133-MHz RDIMM/PC4-17000/dual rank/x4/1.2v,['24'],['1.5TB'],,,,,memory,"['E5-2643 v4', 'E5-2698 v4', 'E5-2640 v3', 'E5-2683 v4', 'E5-2699 v4', 'E5-2650 v4', 'E5-2658 v4', 'E5-2660 v4', 'E5-2658 v3', 'E5-2623 v4', 'E5-2600 v4', 'E5-2640 v4', 'E5-2600 v3', 'E5-2697 v4', 'E5-2630L v4', 'E5-2637 v4', 'E5-2620 v4', 'E5-2680 v3', 'E5-2695 v4', 'E5-2620 v3', 'E5-2609 v4', 'E5-2667 v4', 'E5-2697A v4', 'E5-2609 v3', 'E5-2680 v4', 'E5-2650L v4', 'E5-2630 v4', 'E5-2690 v4', 'E5-2699A v4']","['UCS-MR-1X081RV-A', 'UCS-MR-1X081RU-A', 'UCS-MR-1X322RV-A', 'UCS-MR-1X161RV-A', 'UCS-MR-1X162RU-A', 'UCS-MR-1X162RV-A', 'UCS-MR-1X322RVA-S', 'UCS-MR-1X322RU-A', 'UCS-MR-1X648RU-A']","['UCS-SD400GBCK9', 'UCS-SD480G0KHY-EP', 'UCS-SD400GBK9', 'UCS-SD400GBEAK9', 'UCS-SD16TG0KHY-EP', 'UCS-SD400G1KHY-EP', 'UCS-SD16TG1KHY-EP', 'UCS-SD800GBCK9', 'UCS-SD800G0KHY-EP']","['UCS-HD600G15CK9', 'UCS-HD4T7KS3-E', 'UCS-HD12TB10KHY-E', 'UCS-HD6T7KL4K', 'UCS-HD8T7KL4K', 'UCS-HD10T7KL4K', 'UCS-HD4TBK9', 'UCS-HD10T7KL6GA', 'UCS-HDD3TI2F214', 'UCS-HD6T12GK9', 'UCS-HD8T7KL4KHM', 'UCS-HD12T7KL4KHM', 'UCS-HD600G15KHY-E', 'UCS-HD2T7KL6GA', 'UCS-HD6T7KEM', 'UCS-HD10T7KL4K1', 'UCS-HD6T12GAK92', 'UCS-HD4T12GK9', 'UCS-HD8T7KEM', 'UCS-HD300G15KHY-E', 'UCS-HD4T7KL12G', 'UCS-HD8T7KL6GA', 'UCS-HD6T12GAK9', 'UCS-HDD2TI2F213', 'UCS-HD12T7KL6GHA', 'UCS-HD1T7KL12G', 'UCS-HD10T7KEM', 'UCS-HD2T7KL12G', 'UCS-HD6T7KL4K1']",16GB,2133,2,4,DDR4,RDIMM,ECC,1.2V,STD,1,,,is_encoded,c220m4-lff-spec-sheet.pdf,https://www.cisco.com/c/dam/en/us/products/collateral/servers-unified-computing/ucs-c-series-rack-servers/c220m4-lff-spec-sheet.pdf,https://www.cisco.com/c/dam/en/us/products/collateral/servers-unified-computing/ucs-c-series-rack-servers/c220m4-lff-spec-sheet.pdf,,,16D4ER24213312S1,2Rx4,"('1Rx4', '2Rx4', '8Rx4')",,,,
Cisco,UCS-MR-1X162RU-A,Cisco UCS C220 M4 LFF Rack Server,Cisco,UCS,C220 M4 LFF,UCS-MR-1X162RU-A 16GB DDR4-2133-MHz RDIMM/PC4-17000/dual rank/x4/1.2v,['24'],['1.5TB'],,,,,memory,"['E5-2643 v4', 'E5-2698 v4', 'E5-2640 v3', 'E5-2683 v4', 'E5-2699 v4', 'E5-2650 v4', 'E5-2658 v4', 'E5-2660 v4', 'E5-2658 v3', 'E5-2623 v4', 'E5-2600 v4', 'E5-2640 v4', 'E5-2600 v3', 'E5-2697 v4', 'E5-2630L v4', 'E5-2637 v4', 'E5-2620 v4', 'E5-2680 v3', 'E5-2695 v4', 'E5-2620 v3', 'E5-2609 v4', 'E5-2667 v4', 'E5-2697A v4', 'E5-2609 v3', 'E5-2680 v4', 'E5-2650L v4', 'E5-2630 v4', 'E5-2690 v4', 'E5-2699A v4']","['UCS-MR-1X081RV-A', 'UCS-MR-1X081RU-A', 'UCS-MR-1X322RV-A', 'UCS-MR-1X161RV-A', 'UCS-MR-1X162RU-A', 'UCS-MR-1X162RV-A', 'UCS-MR-1X322RVA-S', 'UCS-MR-1X322RU-A', 'UCS-MR-1X648RU-A']","['UCS-SD400GBCK9', 'UCS-SD480G0KHY-EP', 'UCS-SD400GBK9', 'UCS-SD400GBEAK9', 'UCS-SD16TG0KHY-EP', 'UCS-SD400G1KHY-EP', 'UCS-SD16TG1KHY-EP', 'UCS-SD800GBCK9', 'UCS-SD800G0KHY-EP']","['UCS-HD600G15CK9', 'UCS-HD4T7KS3-E', 'UCS-HD12TB10KHY-E', 'UCS-HD6T7KL4K', 'UCS-HD8T7KL4K', 'UCS-HD10T7KL4K', 'UCS-HD4TBK9', 'UCS-HD10T7KL6GA', 'UCS-HDD3TI2F214', 'UCS-HD6T12GK9', 'UCS-HD8T7KL4KHM', 'UCS-HD12T7KL4KHM', 'UCS-HD600G15KHY-E', 'UCS-HD2T7KL6GA', 'UCS-HD6T7KEM', 'UCS-HD10T7KL4K1', 'UCS-HD6T12GAK92', 'UCS-HD4T12GK9', 'UCS-HD8T7KEM', 'UCS-HD300G15KHY-E', 'UCS-HD4T7KL12G', 'UCS-HD8T7KL6GA', 'UCS-HD6T12GAK9', 'UCS-HDD2TI2F213', 'UCS-HD12T7KL6GHA', 'UCS-HD1T7KL12G', 'UCS-HD10T7KEM', 'UCS-HD2T7KL12G', 'UCS-HD6T7KL4K1']",16GB,2133,2,4,DDR4,RDIMM,ECC,1.2V,STD,1,,,is_encoded,c220m4-lff-spec-sheet.pdf,https://www.cisco.com/c/dam/en/us/products/collateral/servers-unified-computing/ucs-c-series-rack-servers/c220m4-lff-spec-sheet.pdf,https://www.cisco.com/c/dam/en/us/products/collateral/servers-unified-computing/ucs-c-series-rack-servers/c220m4-lff-spec-sheet.pdf,,,16D4ER24213312S1,2Rx4,"('1Rx4', '2Rx4', '8Rx4')",,,,
Cisco,UCS-MR-1X081RV-A,Cisco UCS C220 M4 SFF Rack Server,Cisco,UCS,C220 M4 SFF,UCS-MR-1X081RV-A 8GB DDR4-2400-MHz RDIMM/PC4-19200/single rank/x4/1.2v,['24'],,,,,,memory,"['E5-2643 v4', 'E5-2698 v4', 'E5-2640 v3', 'E5-2683 v4', 'E5-2699 v4', 'E5-2650 v4', 'E5-2658 v4', 'E5-2660 v4', 'E5-2658 v3', 'E5-2623 v4', 'E5-2600 v4', 'E5-2640 v4', 'E5-2600 v3', 'E5-2697 v4', 'E5-2630L v4', 'E5-2637 v4', 'E5-2620 v4', 'E5-2680 v3', 'E5-2695 v4', 'E5-2620 v3', 'E5-2609 v4', 'E52680E', 'E5-2667 v4', 'E5-2697A v4', 'E5-2609 v3', 'E5-2680 v4', 'E5-2650L v4', 'E5-2630 v4', 'E5-2690 v4', 'E5-2699A v4']","['UCS-MR-1X081RV-A', 'UCS-MR-1X081RU-A', 'UCS-MR-1X322RV-A', 'UCS-MR-1X161RV-A', 'UCS-MR-1X162RU-A', 'UCS-MR-1X162RV-A', 'UCS-MR-1X322RVA-S', 'UCS-MR-1X322RU-A', 'UCS-MR-1X648RU-A']","['UCS-SD480GSAS-EV', 'UCS-SD16TBMS4-EV', 'UCS-SD120GBKS4-EV', 'UCS-SD960GBMS4-EV', 'UCS-SD480GBKS4-EV', 'UCS-SD480G12S3-EP', 'UCS-SD19TBMS4-EV', 'UCS-SD800G12S4-EP', 'UCS-SD38TBIS6-EV', 'UCS-SD960GBM1K9', 'UCS-SD38TBKS4-EV', 'UCS-SD800GBEK9', 'UCS-SD480GBE1K9', 'UCS-SD400G0KS2-EP', 'UCS-SD960GBKS4-EV', 'UCS-SD240GBM1K9', 'UCS-SD16T12S2-EP', 'UCS-SD800G0KS2-EP', 'UCS-SD16TB12S3-EP', 'UCS-SD200G12S3-EP', 'UCS-SD16TBKS4-EV', 'UCS-SD800GSAS3-EP', 'UCS-SD19TSAS-EV', 'UCS-SD400GBEK9', 'UCS-SD400GBHK9', 'UCS-SD76TBMS4-EV', 'UCS-SD480GBIS6-EV', 'UCS-SD960GBE1K9', 'UCS-SD400G12S2-EP', 'UCS-SD240GBMS4-EV', 'UCS-SD800G12S3-EP', 'UCS-SD480G0KS2-EV', 'UCS-SD960GIKS4-EV', 'UCS-SD38TSAS-EV', 'UCS-SD480GBKSS-EV', 'UCS-SD960GIS3-EP', 'UCS-SD38TBMS4-EV', 'UCS-SD16TSASS3-EP', 'UCS-SD800GBHK9', 'UCS-SD480GIS3-EP', 'UCS-SD120GBE1K9', 'UCS-SD16TBEK9', 'UCS-SD400GSAS3-EP', 'UCS-SD480GBMS4-EV', 'UCS-SD19TIS3-EP', 'UCS-SD200G0KS2-EP', 'UCS-SD960GSAS-EV', 'UCS-SD16TB12S4-EP', 'UCS-SD32TSASS3-EP', 'UCS-SD120G0KS2-EV', 'UCS-SD960GBIS6-EV', 'UCS-SD150GBKS4-EV', 'UCS-SD16TBHK9', 'UCS-SD38TBM1K9', 'UCS-SD19TBKSS-EV', 'UCS-SD120GBMS4-EV', 'UCS-SD240G0KS2-EV', 'UCS-SD960G0KS2-EV', 'UCS-SD240GBKS4-EV', 'UCS-SD600GBE3K9', 'UCS-SD400G12S4-EP']","['UCS-HD600G15K9', 'UCS-HD1T7KS2-E', 'UCS-HD1T7K12G', 'UCS-HD12TB10K12G', 'UCS-HD2T7K12G', 'UCS-HD300G15K12G', 'UCS-HD450G15KS2-E', 'UCS-HD18G10K9', 'UCS-HD12G10K9', 'UCS-HD1T7K6GA', 'UCS-HD300G10K9', 'UCS-HD600G15KS2-E', 'UCS-HD450G15K12G', 'UCS-HD600G15K12G', 'UCS-HD600G10KS4K', 'UCS-HD12T10KS2-E', 'UCS-HD18TB10KS4K11.8', 'UCS-HD1T7K12GA', 'UCS-HD18TB10KS4K', 'UCS-HD900G15K12G', 'UCS-HDD300GI2F105', 'UCS-HDD900GI2F106', 'UCS-HD900G10K12G', 'UCS-HD600G10K12G', 'UCS-HD300G10K12G']",8GB,2400,1,4,DDR4,RDIMM,ECC,1.2V,STD,1,,,is_encoded,c220m4-sff-spec-sheet.pdf,https://www.cisco.com/c/dam/en/us/products/collateral/servers-unified-computing/ucs-c-series-rack-servers/c220m4-sff-spec-sheet.pdf,https://www.cisco.com/c/dam/en/us/products/collateral/servers-unified-computing/ucs-c-series-rack-servers/c220m4-sff-spec-sheet.pdf,,,8D4ER14240012S1,1Rx4,"('1Rx4', '2Rx4', '8Rx4')",,,,
Cisco,UCS-MR-1X081RV-A,Cisco UCS C220 M4 SFF Rack Server,Cisco,UCS,C220 M4 SFF,UCS-MR-1X081RV-A 8 GB DDR4-2400-MHz RDIMM/PC4-19200/single rank/x4 1.2 V 1,['24'],,,,,,memory,"['E5-2643 v4', 'E5-2698 v4', 'E5-2640 v3', 'E5-2683 v4', 'E5-2699 v4', 'E5-2650 v4', 'E5-2658 v4', 'E5-2660 v4', 'E5-2658 v3', 'E5-2623 v4', 'E5-2600 v4', 'E5-2640 v4', 'E5-2600 v3', 'E5-2697 v4', 'E5-2630L v4', 'E5-2637 v4', 'E5-2620 v4', 'E5-2680 v3', 'E5-2695 v4', 'E5-2620 v3', 'E5-2609 v4', 'E52680E', 'E5-2667 v4', 'E5-2697A v4', 'E5-2609 v3', 'E5-2680 v4', 'E5-2650L v4', 'E5-2630 v4', 'E5-2690 v4', 'E5-2699A v4']","['UCS-MR-1X081RV-A', 'UCS-MR-1X081RU-A', 'UCS-MR-1X322RV-A', 'UCS-MR-1X161RV-A', 'UCS-MR-1X162RU-A', 'UCS-MR-1X162RV-A', 'UCS-MR-1X322RVA-S', 'UCS-MR-1X322RU-A', 'UCS-MR-1X648RU-A']","['UCS-SD480GSAS-EV', 'UCS-SD16TBMS4-EV', 'UCS-SD120GBKS4-EV', 'UCS-SD960GBMS4-EV', 'UCS-SD480GBKS4-EV', 'UCS-SD480G12S3-EP', 'UCS-SD19TBMS4-EV', 'UCS-SD800G12S4-EP', 'UCS-SD38TBIS6-EV', 'UCS-SD960GBM1K9', 'UCS-SD38TBKS4-EV', 'UCS-SD800GBEK9', 'UCS-SD480GBE1K9', 'UCS-SD400G0KS2-EP', 'UCS-SD960GBKS4-EV', 'UCS-SD240GBM1K9', 'UCS-SD16T12S2-EP', 'UCS-SD800G0KS2-EP', 'UCS-SD16TB12S3-EP', 'UCS-SD200G12S3-EP', 'UCS-SD16TBKS4-EV', 'UCS-SD800GSAS3-EP', 'UCS-SD19TSAS-EV', 'UCS-SD400GBEK9', 'UCS-SD400GBHK9', 'UCS-SD76TBMS4-EV', 'UCS-SD480GBIS6-EV', 'UCS-SD960GBE1K9', 'UCS-SD400G12S2-EP', 'UCS-SD240GBMS4-EV', 'UCS-SD800G12S3-EP', 'UCS-SD480G0KS2-EV', 'UCS-SD960GIKS4-EV', 'UCS-SD38TSAS-EV', 'UCS-SD480GBKSS-EV', 'UCS-SD960GIS3-EP', 'UCS-SD38TBMS4-EV', 'UCS-SD16TSASS3-EP', 'UCS-SD800GBHK9', 'UCS-SD480GIS3-EP', 'UCS-SD120GBE1K9', 'UCS-SD16TBEK9', 'UCS-SD400GSAS3-EP', 'UCS-SD480GBMS4-EV', 'UCS-SD19TIS3-EP', 'UCS-SD200G0KS2-EP', 'UCS-SD960GSAS-EV', 'UCS-SD16TB12S4-EP', 'UCS-SD32TSASS3-EP', 'UCS-SD120G0KS2-EV', 'UCS-SD960GBIS6-EV', 'UCS-SD150GBKS4-EV', 'UCS-SD16TBHK9', 'UCS-SD38TBM1K9', 'UCS-SD19TBKSS-EV', 'UCS-SD120GBMS4-EV', 'UCS-SD240G0KS2-EV', 'UCS-SD960G0KS2-EV', 'UCS-SD240GBKS4-EV', 'UCS-SD600GBE3K9', 'UCS-SD400G12S4-EP']","['UCS-HD600G15K9', 'UCS-HD1T7KS2-E', 'UCS-HD1T7K12G', 'UCS-HD12TB10K12G', 'UCS-HD2T7K12G', 'UCS-HD300G15K12G', 'UCS-HD450G15KS2-E', 'UCS-HD18G10K9', 'UCS-HD12G10K9', 'UCS-HD1T7K6GA', 'UCS-HD300G10K9', 'UCS-HD600G15KS2-E', 'UCS-HD450G15K12G', 'UCS-HD600G15K12G', 'UCS-HD600G10KS4K', 'UCS-HD12T10KS2-E', 'UCS-HD18TB10KS4K11.8', 'UCS-HD1T7K12GA', 'UCS-HD18TB10KS4K', 'UCS-HD900G15K12G', 'UCS-HDD300GI2F105', 'UCS-HDD900GI2F106', 'UCS-HD900G10K12G', 'UCS-HD600G10K12G', 'UCS-HD300G10K12G']",8GB,2400,1,4,DDR4,RDIMM,ECC,1.2V,STD,1,,,is_encoded,c220m4-sff-spec-sheet.pdf,https://www.cisco.com/c/dam/en/us/products/collateral/servers-unified-computing/ucs-c-series-rack-servers/c220m4-sff-spec-sheet.pdf,https://www.cisco.com/c/dam/en/us/products/collateral/servers-unified-computing/ucs-c-series-rack-servers/c220m4-sff-spec-sheet.pdf,,,8D4ER14240012S1,1Rx4,"('1Rx4', '2Rx4', '8Rx4')",,,,
Cisco,UCS-MR-1X161RV-A,Cisco UCS C220 M4 SFF Rack Server,Cisco,UCS,C220 M4 SFF,UCS-MR-1X161RV-A 8GB DDR4-2400-MHz RDIMM/PC4-19200/single rank/x4/1.2v,['24'],,,,,,memory,"['E5-2643 v4', 'E5-2698 v4', 'E5-2640 v3', 'E5-2683 v4', 'E5-2699 v4', 'E5-2650 v4', 'E5-2658 v4', 'E5-2660 v4', 'E5-2658 v3', 'E5-2623 v4', 'E5-2600 v4', 'E5-2640 v4', 'E5-2600 v3', 'E5-2697 v4', 'E5-2630L v4', 'E5-2637 v4', 'E5-2620 v4', 'E5-2680 v3', 'E5-2695 v4', 'E5-2620 v3', 'E5-2609 v4', 'E52680E', 'E5-2667 v4', 'E5-2697A v4', 'E5-2609 v3', 'E5-2680 v4', 'E5-2650L v4', 'E5-2630 v4', 'E5-2690 v4', 'E5-2699A v4']","['UCS-MR-1X081RV-A', 'UCS-MR-1X081RU-A', 'UCS-MR-1X322RV-A', 'UCS-MR-1X161RV-A', 'UCS-MR-1X162RU-A', 'UCS-MR-1X162RV-A', 'UCS-MR-1X322RVA-S', 'UCS-MR-1X322RU-A', 'UCS-MR-1X648RU-A']","['UCS-SD480GSAS-EV', 'UCS-SD16TBMS4-EV', 'UCS-SD120GBKS4-EV', 'UCS-SD960GBMS4-EV', 'UCS-SD480GBKS4-EV', 'UCS-SD480G12S3-EP', 'UCS-SD19TBMS4-EV', 'UCS-SD800G12S4-EP', 'UCS-SD38TBIS6-EV', 'UCS-SD960GBM1K9', 'UCS-SD38TBKS4-EV', 'UCS-SD800GBEK9', 'UCS-SD480GBE1K9', 'UCS-SD400G0KS2-EP', 'UCS-SD960GBKS4-EV', 'UCS-SD240GBM1K9', 'UCS-SD16T12S2-EP', 'UCS-SD800G0KS2-EP', 'UCS-SD16TB12S3-EP', 'UCS-SD200G12S3-EP', 'UCS-SD16TBKS4-EV', 'UCS-SD800GSAS3-EP', 'UCS-SD19TSAS-EV', 'UCS-SD400GBEK9', 'UCS-SD400GBHK9', 'UCS-SD76TBMS4-EV', 'UCS-SD480GBIS6-EV', 'UCS-SD960GBE1K9', 'UCS-SD400G12S2-EP', 'UCS-SD240GBMS4-EV', 'UCS-SD800G12S3-EP', 'UCS-SD480G0KS2-EV', 'UCS-SD960GIKS4-EV', 'UCS-SD38TSAS-EV', 'UCS-SD480GBKSS-EV', 'UCS-SD960GIS3-EP', 'UCS-SD38TBMS4-EV', 'UCS-SD16TSASS3-EP', 'UCS-SD800GBHK9', 'UCS-SD480GIS3-EP', 'UCS-SD120GBE1K9', 'UCS-SD16TBEK9', 'UCS-SD400GSAS3-EP', 'UCS-SD480GBMS4-EV', 'UCS-SD19TIS3-EP', 'UCS-SD200G0KS2-EP', 'UCS-SD960GSAS-EV', 'UCS-SD16TB12S4-EP', 'UCS-SD32TSASS3-EP', 'UCS-SD120G0KS2-EV', 'UCS-SD960GBIS6-EV', 'UCS-SD150GBKS4-EV', 'UCS-SD16TBHK9', 'UCS-SD38TBM1K9', 'UCS-SD19TBKSS-EV', 'UCS-SD120GBMS4-EV', 'UCS-SD240G0KS2-EV', 'UCS-SD960G0KS2-EV', 'UCS-SD240GBKS4-EV', 'UCS-SD600GBE3K9', 'UCS-SD400G12S4-EP']","['UCS-HD600G15K9', 'UCS-HD1T7KS2-E', 'UCS-HD1T7K12G', 'UCS-HD12TB10K12G', 'UCS-HD2T7K12G', 'UCS-HD300G15K12G', 'UCS-HD450G15KS2-E', 'UCS-HD18G10K9', 'UCS-HD12G10K9', 'UCS-HD1T7K6GA', 'UCS-HD300G10K9', 'UCS-HD600G15KS2-E', 'UCS-HD450G15K12G', 'UCS-HD600G15K12G', 'UCS-HD600G10KS4K', 'UCS-HD12T10KS2-E', 'UCS-HD18TB10KS4K11.8', 'UCS-HD1T7K12GA', 'UCS-HD18TB10KS4K', 'UCS-HD900G15K12G', 'UCS-HDD300GI2F105', 'UCS-HDD900GI2F106', 'UCS-HD900G10K12G', 'UCS-HD600G10K12G', 'UCS-HD300G10K12G']",8GB,2400,1,4,DDR4,RDIMM,ECC,1.2V,STD,1,,,is_encoded,c220m4-sff-spec-sheet.pdf,https://www.cisco.com/c/dam/en/us/products/collateral/servers-unified-computing/ucs-c-series-rack-servers/c220m4-sff-spec-sheet.pdf,https://www.cisco.com/c/dam/en/us/products/collateral/servers-unified-computing/ucs-c-series-rack-servers/c220m4-sff-spec-sheet.pdf,,,8D4ER14240012S1,1Rx4,"('1Rx4', '2Rx4', '8Rx4')",,,,
Cisco,UCS-MR-1X161RV-A,Cisco UCS C220 M4 SFF Rack Server,Cisco,UCS,C220 M4 SFF,UCS-MR-1X161RV-A 16GB DDR4-2400-MHz RDIMM/PC4-19200/single rank/x4 1.2 V 1,['24'],,,,,,memory,"['E5-2643 v4', 'E5-2698 v4', 'E5-2640 v3', 'E5-2683 v4', 'E5-2699 v4', 'E5-2650 v4', 'E5-2658 v4', 'E5-2660 v4', 'E5-2658 v3', 'E5-2623 v4', 'E5-2600 v4', 'E5-2640 v4', 'E5-2600 v3', 'E5-2697 v4', 'E5-2630L v4', 'E5-2637 v4', 'E5-2620 v4', 'E5-2680 v3', 'E5-2695 v4', 'E5-2620 v3', 'E5-2609 v4', 'E52680E', 'E5-2667 v4', 'E5-2697A v4', 'E5-2609 v3', 'E5-2680 v4', 'E5-2650L v4', 'E5-2630 v4', 'E5-2690 v4', 'E5-2699A v4']","['UCS-MR-1X081RV-A', 'UCS-MR-1X081RU-A', 'UCS-MR-1X322RV-A', 'UCS-MR-1X161RV-A', 'UCS-MR-1X162RU-A', 'UCS-MR-1X162RV-A', 'UCS-MR-1X322RVA-S', 'UCS-MR-1X322RU-A', 'UCS-MR-1X648RU-A']","['UCS-SD480GSAS-EV', 'UCS-SD16TBMS4-EV', 'UCS-SD120GBKS4-EV', 'UCS-SD960GBMS4-EV', 'UCS-SD480GBKS4-EV', 'UCS-SD480G12S3-EP', 'UCS-SD19TBMS4-EV', 'UCS-SD800G12S4-EP', 'UCS-SD38TBIS6-EV', 'UCS-SD960GBM1K9', 'UCS-SD38TBKS4-EV', 'UCS-SD800GBEK9', 'UCS-SD480GBE1K9', 'UCS-SD400G0KS2-EP', 'UCS-SD960GBKS4-EV', 'UCS-SD240GBM1K9', 'UCS-SD16T12S2-EP', 'UCS-SD800G0KS2-EP', 'UCS-SD16TB12S3-EP', 'UCS-SD200G12S3-EP', 'UCS-SD16TBKS4-EV', 'UCS-SD800GSAS3-EP', 'UCS-SD19TSAS-EV', 'UCS-SD400GBEK9', 'UCS-SD400GBHK9', 'UCS-SD76TBMS4-EV', 'UCS-SD480GBIS6-EV', 'UCS-SD960GBE1K9', 'UCS-SD400G12S2-EP', 'UCS-SD240GBMS4-EV', 'UCS-SD800G12S3-EP', 'UCS-SD480G0KS2-EV', 'UCS-SD960GIKS4-EV', 'UCS-SD38TSAS-EV', 'UCS-SD480GBKSS-EV', 'UCS-SD960GIS3-EP', 'UCS-SD38TBMS4-EV', 'UCS-SD16TSASS3-EP', 'UCS-SD800GBHK9', 'UCS-SD480GIS3-EP', 'UCS-SD120GBE1K9', 'UCS-SD16TBEK9', 'UCS-SD400GSAS3-EP', 'UCS-SD480GBMS4-EV', 'UCS-SD19TIS3-EP', 'UCS-SD200G0KS2-EP', 'UCS-SD960GSAS-EV', 'UCS-SD16TB12S4-EP', 'UCS-SD32TSASS3-EP', 'UCS-SD120G0KS2-EV', 'UCS-SD960GBIS6-EV', 'UCS-SD150GBKS4-EV', 'UCS-SD16TBHK9', 'UCS-SD38TBM1K9', 'UCS-SD19TBKSS-EV', 'UCS-SD120GBMS4-EV', 'UCS-SD240G0KS2-EV', 'UCS-SD960G0KS2-EV', 'UCS-SD240GBKS4-EV', 'UCS-SD600GBE3K9', 'UCS-SD400G12S4-EP']","['UCS-HD600G15K9', 'UCS-HD1T7KS2-E', 'UCS-HD1T7K12G', 'UCS-HD12TB10K12G', 'UCS-HD2T7K12G', 'UCS-HD300G15K12G', 'UCS-HD450G15KS2-E', 'UCS-HD18G10K9', 'UCS-HD12G10K9', 'UCS-HD1T7K6GA', 'UCS-HD300G10K9', 'UCS-HD600G15KS2-E', 'UCS-HD450G15K12G', 'UCS-HD600G15K12G', 'UCS-HD600G10KS4K', 'UCS-HD12T10KS2-E', 'UCS-HD18TB10KS4K11.8', 'UCS-HD1T7K12GA', 'UCS-HD18TB10KS4K', 'UCS-HD900G15K12G', 'UCS-HDD300GI2F105', 'UCS-HDD900GI2F106', 'UCS-HD900G10K12G', 'UCS-HD600G10K12G', 'UCS-HD300G10K12G']",8GB,2400,1,4,DDR4,RDIMM,ECC,1.2V,STD,1,,,is_encoded,c220m4-sff-spec-sheet.pdf,https://www.cisco.com/c/dam/en/us/products/collateral/servers-unified-computing/ucs-c-series-rack-servers/c220m4-sff-spec-sheet.pdf,https://www.cisco.com/c/dam/en/us/products/collateral/servers-unified-computing/ucs-c-series-rack-servers/c220m4-sff-spec-sheet.pdf,,,8D4ER14240012S1,1Rx4,"('1Rx4', '2Rx4', '8Rx4')",,,,
Cisco,UCS-MR-1X161RV-A,Cisco UCS C220 M4 SFF Rack Server,Cisco,UCS,C220 M4 SFF,UCS-MR-1X161RV-A 16GB DDR4-2400-MHz RDIMM/PC4-19200/single rank/x4/1.2v,['24'],,,,,,memory,"['E5-2643 v4', 'E5-2698 v4', 'E5-2640 v3', 'E5-2683 v4', 'E5-2699 v4', 'E5-2650 v4', 'E5-2658 v4', 'E5-2660 v4', 'E5-2658 v3', 'E5-2623 v4', 'E5-2600 v4', 'E5-2640 v4', 'E5-2600 v3', 'E5-2697 v4', 'E5-2630L v4', 'E5-2637 v4', 'E5-2620 v4', 'E5-2680 v3', 'E5-2695 v4', 'E5-2620 v3', 'E5-2609 v4', 'E52680E', 'E5-2667 v4', 'E5-2697A v4', 'E5-2609 v3', 'E5-2680 v4', 'E5-2650L v4', 'E5-2630 v4', 'E5-2690 v4', 'E5-2699A v4']","['UCS-MR-1X081RV-A', 'UCS-MR-1X081RU-A', 'UCS-MR-1X322RV-A', 'UCS-MR-1X161RV-A', 'UCS-MR-1X162RU-A', 'UCS-MR-1X162RV-A', 'UCS-MR-1X322RVA-S', 'UCS-MR-1X322RU-A', 'UCS-MR-1X648RU-A']","['UCS-SD480GSAS-EV', 'UCS-SD16TBMS4-EV', 'UCS-SD120GBKS4-EV', 'UCS-SD960GBMS4-EV', 'UCS-SD480GBKS4-EV', 'UCS-SD480G12S3-EP', 'UCS-SD19TBMS4-EV', 'UCS-SD800G12S4-EP', 'UCS-SD38TBIS6-EV', 'UCS-SD960GBM1K9', 'UCS-SD38TBKS4-EV', 'UCS-SD800GBEK9', 'UCS-SD480GBE1K9', 'UCS-SD400G0KS2-EP', 'UCS-SD960GBKS4-EV', 'UCS-SD240GBM1K9', 'UCS-SD16T12S2-EP', 'UCS-SD800G0KS2-EP', 'UCS-SD16TB12S3-EP', 'UCS-SD200G12S3-EP', 'UCS-SD16TBKS4-EV', 'UCS-SD800GSAS3-EP', 'UCS-SD19TSAS-EV', 'UCS-SD400GBEK9', 'UCS-SD400GBHK9', 'UCS-SD76TBMS4-EV', 'UCS-SD480GBIS6-EV', 'UCS-SD960GBE1K9', 'UCS-SD400G12S2-EP', 'UCS-SD240GBMS4-EV', 'UCS-SD800G12S3-EP', 'UCS-SD480G0KS2-EV', 'UCS-SD960GIKS4-EV', 'UCS-SD38TSAS-EV', 'UCS-SD480GBKSS-EV', 'UCS-SD960GIS3-EP', 'UCS-SD38TBMS4-EV', 'UCS-SD16TSASS3-EP', 'UCS-SD800GBHK9', 'UCS-SD480GIS3-EP', 'UCS-SD120GBE1K9', 'UCS-SD16TBEK9', 'UCS-SD400GSAS3-EP', 'UCS-SD480GBMS4-EV', 'UCS-SD19TIS3-EP', 'UCS-SD200G0KS2-EP', 'UCS-SD960GSAS-EV', 'UCS-SD16TB12S4-EP', 'UCS-SD32TSASS3-EP', 'UCS-SD120G0KS2-EV', 'UCS-SD960GBIS6-EV', 'UCS-SD150GBKS4-EV', 'UCS-SD16TBHK9', 'UCS-SD38TBM1K9', 'UCS-SD19TBKSS-EV', 'UCS-SD120GBMS4-EV', 'UCS-SD240G0KS2-EV', 'UCS-SD960G0KS2-EV', 'UCS-SD240GBKS4-EV', 'UCS-SD600GBE3K9', 'UCS-SD400G12S4-EP']","['UCS-HD600G15K9', 'UCS-HD1T7KS2-E', 'UCS-HD1T7K12G', 'UCS-HD12TB10K12G', 'UCS-HD2T7K12G', 'UCS-HD300G15K12G', 'UCS-HD450G15KS2-E', 'UCS-HD18G10K9', 'UCS-HD12G10K9', 'UCS-HD1T7K6GA', 'UCS-HD300G10K9', 'UCS-HD600G15KS2-E', 'UCS-HD450G15K12G', 'UCS-HD600G15K12G', 'UCS-HD600G10KS4K', 'UCS-HD12T10KS2-E', 'UCS-HD18TB10KS4K11.8', 'UCS-HD1T7K12GA', 'UCS-HD18TB10KS4K', 'UCS-HD900G15K12G', 'UCS-HDD300GI2F105', 'UCS-HDD900GI2F106', 'UCS-HD900G10K12G', 'UCS-HD600G10K12G', 'UCS-HD300G10K12G']",8GB,2400,1,4,DDR4,RDIMM,ECC,1.2V,STD,1,,,is_encoded,c220m4-sff-spec-sheet.pdf,https://www.cisco.com/c/dam/en/us/products/collateral/servers-unified-computing/ucs-c-series-rack-servers/c220m4-sff-spec-sheet.pdf,https://www.cisco.com/c/dam/en/us/products/collateral/servers-unified-computing/ucs-c-series-rack-servers/c220m4-sff-spec-sheet.pdf,,,8D4ER14240012S1,1Rx4,"('1Rx4', '2Rx4', '8Rx4')",,,,
Cisco,UCS-MR-1X081RU-A,Cisco UCS C220 M4 SFF Rack Server,Cisco,UCS,C220 M4 SFF,UCS-MR-1X081RU-A 8GB DDR4-2133-MHz RDIMM/PC4-17000/single rank/x4/1.2v,['24'],,,,,,memory,"['E5-2643 v4', 'E5-2698 v4', 'E5-2640 v3', 'E5-2683 v4', 'E5-2699 v4', 'E5-2650 v4', 'E5-2658 v4', 'E5-2660 v4', 'E5-2658 v3', 'E5-2623 v4', 'E5-2600 v4', 'E5-2640 v4', 'E5-2600 v3', 'E5-2697 v4', 'E5-2630L v4', 'E5-2637 v4', 'E5-2620 v4', 'E5-2680 v3', 'E5-2695 v4', 'E5-2620 v3', 'E5-2609 v4', 'E52680E', 'E5-2667 v4', 'E5-2697A v4', 'E5-2609 v3', 'E5-2680 v4', 'E5-2650L v4', 'E5-2630 v4', 'E5-2690 v4', 'E5-2699A v4']","['UCS-MR-1X081RV-A', 'UCS-MR-1X081RU-A', 'UCS-MR-1X322RV-A', 'UCS-MR-1X161RV-A', 'UCS-MR-1X162RU-A', 'UCS-MR-1X162RV-A', 'UCS-MR-1X322RVA-S', 'UCS-MR-1X322RU-A', 'UCS-MR-1X648RU-A']","['UCS-SD480GSAS-EV', 'UCS-SD16TBMS4-EV', 'UCS-SD120GBKS4-EV', 'UCS-SD960GBMS4-EV', 'UCS-SD480GBKS4-EV', 'UCS-SD480G12S3-EP', 'UCS-SD19TBMS4-EV', 'UCS-SD800G12S4-EP', 'UCS-SD38TBIS6-EV', 'UCS-SD960GBM1K9', 'UCS-SD38TBKS4-EV', 'UCS-SD800GBEK9', 'UCS-SD480GBE1K9', 'UCS-SD400G0KS2-EP', 'UCS-SD960GBKS4-EV', 'UCS-SD240GBM1K9', 'UCS-SD16T12S2-EP', 'UCS-SD800G0KS2-EP', 'UCS-SD16TB12S3-EP', 'UCS-SD200G12S3-EP', 'UCS-SD16TBKS4-EV', 'UCS-SD800GSAS3-EP', 'UCS-SD19TSAS-EV', 'UCS-SD400GBEK9', 'UCS-SD400GBHK9', 'UCS-SD76TBMS4-EV', 'UCS-SD480GBIS6-EV', 'UCS-SD960GBE1K9', 'UCS-SD400G12S2-EP', 'UCS-SD240GBMS4-EV', 'UCS-SD800G12S3-EP', 'UCS-SD480G0KS2-EV', 'UCS-SD960GIKS4-EV', 'UCS-SD38TSAS-EV', 'UCS-SD480GBKSS-EV', 'UCS-SD960GIS3-EP', 'UCS-SD38TBMS4-EV', 'UCS-SD16TSASS3-EP', 'UCS-SD800GBHK9', 'UCS-SD480GIS3-EP', 'UCS-SD120GBE1K9', 'UCS-SD16TBEK9', 'UCS-SD400GSAS3-EP', 'UCS-SD480GBMS4-EV', 'UCS-SD19TIS3-EP', 'UCS-SD200G0KS2-EP', 'UCS-SD960GSAS-EV', 'UCS-SD16TB12S4-EP', 'UCS-SD32TSASS3-EP', 'UCS-SD120G0KS2-EV', 'UCS-SD960GBIS6-EV', 'UCS-SD150GBKS4-EV', 'UCS-SD16TBHK9', 'UCS-SD38TBM1K9', 'UCS-SD19TBKSS-EV', 'UCS-SD120GBMS4-EV', 'UCS-SD240G0KS2-EV', 'UCS-SD960G0KS2-EV', 'UCS-SD240GBKS4-EV', 'UCS-SD600GBE3K9', 'UCS-SD400G12S4-EP']","['UCS-HD600G15K9', 'UCS-HD1T7KS2-E', 'UCS-HD1T7K12G', 'UCS-HD12TB10K12G', 'UCS-HD2T7K12G', 'UCS-HD300G15K12G', 'UCS-HD450G15KS2-E', 'UCS-HD18G10K9', 'UCS-HD12G10K9', 'UCS-HD1T7K6GA', 'UCS-HD300G10K9', 'UCS-HD600G15KS2-E', 'UCS-HD450G15K12G', 'UCS-HD600G15K12G', 'UCS-HD600G10KS4K', 'UCS-HD12T10KS2-E', 'UCS-HD18TB10KS4K11.8', 'UCS-HD1T7K12GA', 'UCS-HD18TB10KS4K', 'UCS-HD900G15K12G', 'UCS-HDD300GI2F105', 'UCS-HDD900GI2F106', 'UCS-HD900G10K12G', 'UCS-HD600G10K12G', 'UCS-HD300G10K12G']",8GB,2133,1,4,DDR4,RDIMM,ECC,1.2V,STD,1,,,is_encoded,c220m4-sff-spec-sheet.pdf,https://www.cisco.com/c/dam/en/us/products/collateral/servers-unified-computing/ucs-c-series-rack-servers/c220m4-sff-spec-sheet.pdf,https://www.cisco.com/c/dam/en/us/products/collateral/servers-unified-computing/ucs-c-series-rack-servers/c220m4-sff-spec-sheet.pdf,,,8D4ER14213312S1,1Rx4,"('1Rx4', '2Rx4', '8Rx4')",,,,
Cisco,UCS-MR-1X081RU-A,Cisco UCS C220 M4 SFF Rack Server,Cisco,UCS,C220 M4 SFF,UCS-MR-1X081RU-A 8GB DDR4-2133-MHz RDIMM/PC4-17000/single rank/x4/1.2v,['24'],,,,,,memory,"['E5-2643 v4', 'E5-2698 v4', 'E5-2640 v3', 'E5-2683 v4', 'E5-2699 v4', 'E5-2650 v4', 'E5-2658 v4', 'E5-2660 v4', 'E5-2658 v3', 'E5-2623 v4', 'E5-2600 v4', 'E5-2640 v4', 'E5-2600 v3', 'E5-2697 v4', 'E5-2630L v4', 'E5-2637 v4', 'E5-2620 v4', 'E5-2680 v3', 'E5-2695 v4', 'E5-2620 v3', 'E5-2609 v4', 'E52680E', 'E5-2667 v4', 'E5-2697A v4', 'E5-2609 v3', 'E5-2680 v4', 'E5-2650L v4', 'E5-2630 v4', 'E5-2690 v4', 'E5-2699A v4']","['UCS-MR-1X081RV-A', 'UCS-MR-1X081RU-A', 'UCS-MR-1X322RV-A', 'UCS-MR-1X161RV-A', 'UCS-MR-1X162RU-A', 'UCS-MR-1X162RV-A', 'UCS-MR-1X322RVA-S', 'UCS-MR-1X322RU-A', 'UCS-MR-1X648RU-A']","['UCS-SD480GSAS-EV', 'UCS-SD16TBMS4-EV', 'UCS-SD120GBKS4-EV', 'UCS-SD960GBMS4-EV', 'UCS-SD480GBKS4-EV', 'UCS-SD480G12S3-EP', 'UCS-SD19TBMS4-EV', 'UCS-SD800G12S4-EP', 'UCS-SD38TBIS6-EV', 'UCS-SD960GBM1K9', 'UCS-SD38TBKS4-EV', 'UCS-SD800GBEK9', 'UCS-SD480GBE1K9', 'UCS-SD400G0KS2-EP', 'UCS-SD960GBKS4-EV', 'UCS-SD240GBM1K9', 'UCS-SD16T12S2-EP', 'UCS-SD800G0KS2-EP', 'UCS-SD16TB12S3-EP', 'UCS-SD200G12S3-EP', 'UCS-SD16TBKS4-EV', 'UCS-SD800GSAS3-EP', 'UCS-SD19TSAS-EV', 'UCS-SD400GBEK9', 'UCS-SD400GBHK9', 'UCS-SD76TBMS4-EV', 'UCS-SD480GBIS6-EV', 'UCS-SD960GBE1K9', 'UCS-SD400G12S2-EP', 'UCS-SD240GBMS4-EV', 'UCS-SD800G12S3-EP', 'UCS-SD480G0KS2-EV', 'UCS-SD960GIKS4-EV', 'UCS-SD38TSAS-EV', 'UCS-SD480GBKSS-EV', 'UCS-SD960GIS3-EP', 'UCS-SD38TBMS4-EV', 'UCS-SD16TSASS3-EP', 'UCS-SD800GBHK9', 'UCS-SD480GIS3-EP', 'UCS-SD120GBE1K9', 'UCS-SD16TBEK9', 'UCS-SD400GSAS3-EP', 'UCS-SD480GBMS4-EV', 'UCS-SD19TIS3-EP', 'UCS-SD200G0KS2-EP', 'UCS-SD960GSAS-EV', 'UCS-SD16TB12S4-EP', 'UCS-SD32TSASS3-EP', 'UCS-SD120G0KS2-EV', 'UCS-SD960GBIS6-EV', 'UCS-SD150GBKS4-EV', 'UCS-SD16TBHK9', 'UCS-SD38TBM1K9', 'UCS-SD19TBKSS-EV', 'UCS-SD120GBMS4-EV', 'UCS-SD240G0KS2-EV', 'UCS-SD960G0KS2-EV', 'UCS-SD240GBKS4-EV', 'UCS-SD600GBE3K9', 'UCS-SD400G12S4-EP']","['UCS-HD600G15K9', 'UCS-HD1T7KS2-E', 'UCS-HD1T7K12G', 'UCS-HD12TB10K12G', 'UCS-HD2T7K12G', 'UCS-HD300G15K12G', 'UCS-HD450G15KS2-E', 'UCS-HD18G10K9', 'UCS-HD12G10K9', 'UCS-HD1T7K6GA', 'UCS-HD300G10K9', 'UCS-HD600G15KS2-E', 'UCS-HD450G15K12G', 'UCS-HD600G15K12G', 'UCS-HD600G10KS4K', 'UCS-HD12T10KS2-E', 'UCS-HD18TB10KS4K11.8', 'UCS-HD1T7K12GA', 'UCS-HD18TB10KS4K', 'UCS-HD900G15K12G', 'UCS-HDD300GI2F105', 'UCS-HDD900GI2F106', 'UCS-HD900G10K12G', 'UCS-HD600G10K12G', 'UCS-HD300G10K12G']",8GB,2133,1,4,DDR4,RDIMM,ECC,1.2V,STD,1,,,is_encoded,c220m4-sff-spec-sheet.pdf,https://www.cisco.com/c/dam/en/us/products/collateral/servers-unified-computing/ucs-c-series-rack-servers/c220m4-sff-spec-sheet.pdf,https://www.cisco.com/c/dam/en/us/products/collateral/servers-unified-computing/ucs-c-series-rack-servers/c220m4-sff-spec-sheet.pdf,,,8D4ER14213312S1,1Rx4,"('1Rx4', '2Rx4', '8Rx4')",,,,
Cisco,UCS-MR-1X322RV-A,Cisco UCS C220 M4 SFF Rack Server,Cisco,UCS,C220 M4 SFF,UCS-MR-1X322RV-A 32GB DDR4-2400-MHz RDIMM/PC4-19200/dual rank/x4/1.2v,['24'],,,,,,memory,"['E5-2643 v4', 'E5-2698 v4', 'E5-2640 v3', 'E5-2683 v4', 'E5-2699 v4', 'E5-2650 v4', 'E5-2658 v4', 'E5-2660 v4', 'E5-2658 v3', 'E5-2623 v4', 'E5-2600 v4', 'E5-2640 v4', 'E5-2600 v3', 'E5-2697 v4', 'E5-2630L v4', 'E5-2637 v4', 'E5-2620 v4', 'E5-2680 v3', 'E5-2695 v4', 'E5-2620 v3', 'E5-2609 v4', 'E52680E', 'E5-2667 v4', 'E5-2697A v4', 'E5-2609 v3', 'E5-2680 v4', 'E5-2650L v4', 'E5-2630 v4', 'E5-2690 v4', 'E5-2699A v4']","['UCS-MR-1X081RV-A', 'UCS-MR-1X081RU-A', 'UCS-MR-1X322RV-A', 'UCS-MR-1X161RV-A', 'UCS-MR-1X162RU-A', 'UCS-MR-1X162RV-A', 'UCS-MR-1X322RVA-S', 'UCS-MR-1X322RU-A', 'UCS-MR-1X648RU-A']","['UCS-SD480GSAS-EV', 'UCS-SD16TBMS4-EV', 'UCS-SD120GBKS4-EV', 'UCS-SD960GBMS4-EV', 'UCS-SD480GBKS4-EV', 'UCS-SD480G12S3-EP', 'UCS-SD19TBMS4-EV', 'UCS-SD800G12S4-EP', 'UCS-SD38TBIS6-EV', 'UCS-SD960GBM1K9', 'UCS-SD38TBKS4-EV', 'UCS-SD800GBEK9', 'UCS-SD480GBE1K9', 'UCS-SD400G0KS2-EP', 'UCS-SD960GBKS4-EV', 'UCS-SD240GBM1K9', 'UCS-SD16T12S2-EP', 'UCS-SD800G0KS2-EP', 'UCS-SD16TB12S3-EP', 'UCS-SD200G12S3-EP', 'UCS-SD16TBKS4-EV', 'UCS-SD800GSAS3-EP', 'UCS-SD19TSAS-EV', 'UCS-SD400GBEK9', 'UCS-SD400GBHK9', 'UCS-SD76TBMS4-EV', 'UCS-SD480GBIS6-EV', 'UCS-SD960GBE1K9', 'UCS-SD400G12S2-EP', 'UCS-SD240GBMS4-EV', 'UCS-SD800G12S3-EP', 'UCS-SD480G0KS2-EV', 'UCS-SD960GIKS4-EV', 'UCS-SD38TSAS-EV', 'UCS-SD480GBKSS-EV', 'UCS-SD960GIS3-EP', 'UCS-SD38TBMS4-EV', 'UCS-SD16TSASS3-EP', 'UCS-SD800GBHK9', 'UCS-SD480GIS3-EP', 'UCS-SD120GBE1K9', 'UCS-SD16TBEK9', 'UCS-SD400GSAS3-EP', 'UCS-SD480GBMS4-EV', 'UCS-SD19TIS3-EP', 'UCS-SD200G0KS2-EP', 'UCS-SD960GSAS-EV', 'UCS-SD16TB12S4-EP', 'UCS-SD32TSASS3-EP', 'UCS-SD120G0KS2-EV', 'UCS-SD960GBIS6-EV', 'UCS-SD150GBKS4-EV', 'UCS-SD16TBHK9', 'UCS-SD38TBM1K9', 'UCS-SD19TBKSS-EV', 'UCS-SD120GBMS4-EV', 'UCS-SD240G0KS2-EV', 'UCS-SD960G0KS2-EV', 'UCS-SD240GBKS4-EV', 'UCS-SD600GBE3K9', 'UCS-SD400G12S4-EP']","['UCS-HD600G15K9', 'UCS-HD1T7KS2-E', 'UCS-HD1T7K12G', 'UCS-HD12TB10K12G', 'UCS-HD2T7K12G', 'UCS-HD300G15K12G', 'UCS-HD450G15KS2-E', 'UCS-HD18G10K9', 'UCS-HD12G10K9', 'UCS-HD1T7K6GA', 'UCS-HD300G10K9', 'UCS-HD600G15KS2-E', 'UCS-HD450G15K12G', 'UCS-HD600G15K12G', 'UCS-HD600G10KS4K', 'UCS-HD12T10KS2-E', 'UCS-HD18TB10KS4K11.8', 'UCS-HD1T7K12GA', 'UCS-HD18TB10KS4K', 'UCS-HD900G15K12G', 'UCS-HDD300GI2F105', 'UCS-HDD900GI2F106', 'UCS-HD900G10K12G', 'UCS-HD600G10K12G', 'UCS-HD300G10K12G']",16GB,2400,1,4,DDR4,RDIMM,ECC,1.2V,STD,1,,,is_encoded,c220m4-sff-spec-sheet.pdf,https://www.cisco.com/c/dam/en/us/products/collateral/servers-unified-computing/ucs-c-series-rack-servers/c220m4-sff-spec-sheet.pdf,https://www.cisco.com/c/dam/en/us/products/collateral/servers-unified-computing/ucs-c-series-rack-servers/c220m4-sff-spec-sheet.pdf,,,16D4ER14240012S1,1Rx4,"('1Rx4', '2Rx4', '8Rx4')",,,,
Cisco,UCS-MR-1X322RV-A,Cisco UCS C220 M4 SFF Rack Server,Cisco,UCS,C220 M4 SFF,UCS-MR-1X322RV-A 32GB DDR4-2400-MHz RDIMM/PC4-19200/dual rank/x4 1.2 V 2,['24'],,,,,,memory,"['E5-2643 v4', 'E5-2698 v4', 'E5-2640 v3', 'E5-2683 v4', 'E5-2699 v4', 'E5-2650 v4', 'E5-2658 v4', 'E5-2660 v4', 'E5-2658 v3', 'E5-2623 v4', 'E5-2600 v4', 'E5-2640 v4', 'E5-2600 v3', 'E5-2697 v4', 'E5-2630L v4', 'E5-2637 v4', 'E5-2620 v4', 'E5-2680 v3', 'E5-2695 v4', 'E5-2620 v3', 'E5-2609 v4', 'E52680E', 'E5-2667 v4', 'E5-2697A v4', 'E5-2609 v3', 'E5-2680 v4', 'E5-2650L v4', 'E5-2630 v4', 'E5-2690 v4', 'E5-2699A v4']","['UCS-MR-1X081RV-A', 'UCS-MR-1X081RU-A', 'UCS-MR-1X322RV-A', 'UCS-MR-1X161RV-A', 'UCS-MR-1X162RU-A', 'UCS-MR-1X162RV-A', 'UCS-MR-1X322RVA-S', 'UCS-MR-1X322RU-A', 'UCS-MR-1X648RU-A']","['UCS-SD480GSAS-EV', 'UCS-SD16TBMS4-EV', 'UCS-SD120GBKS4-EV', 'UCS-SD960GBMS4-EV', 'UCS-SD480GBKS4-EV', 'UCS-SD480G12S3-EP', 'UCS-SD19TBMS4-EV', 'UCS-SD800G12S4-EP', 'UCS-SD38TBIS6-EV', 'UCS-SD960GBM1K9', 'UCS-SD38TBKS4-EV', 'UCS-SD800GBEK9', 'UCS-SD480GBE1K9', 'UCS-SD400G0KS2-EP', 'UCS-SD960GBKS4-EV', 'UCS-SD240GBM1K9', 'UCS-SD16T12S2-EP', 'UCS-SD800G0KS2-EP', 'UCS-SD16TB12S3-EP', 'UCS-SD200G12S3-EP', 'UCS-SD16TBKS4-EV', 'UCS-SD800GSAS3-EP', 'UCS-SD19TSAS-EV', 'UCS-SD400GBEK9', 'UCS-SD400GBHK9', 'UCS-SD76TBMS4-EV', 'UCS-SD480GBIS6-EV', 'UCS-SD960GBE1K9', 'UCS-SD400G12S2-EP', 'UCS-SD240GBMS4-EV', 'UCS-SD800G12S3-EP', 'UCS-SD480G0KS2-EV', 'UCS-SD960GIKS4-EV', 'UCS-SD38TSAS-EV', 'UCS-SD480GBKSS-EV', 'UCS-SD960GIS3-EP', 'UCS-SD38TBMS4-EV', 'UCS-SD16TSASS3-EP', 'UCS-SD800GBHK9', 'UCS-SD480GIS3-EP', 'UCS-SD120GBE1K9', 'UCS-SD16TBEK9', 'UCS-SD400GSAS3-EP', 'UCS-SD480GBMS4-EV', 'UCS-SD19TIS3-EP', 'UCS-SD200G0KS2-EP', 'UCS-SD960GSAS-EV', 'UCS-SD16TB12S4-EP', 'UCS-SD32TSASS3-EP', 'UCS-SD120G0KS2-EV', 'UCS-SD960GBIS6-EV', 'UCS-SD150GBKS4-EV', 'UCS-SD16TBHK9', 'UCS-SD38TBM1K9', 'UCS-SD19TBKSS-EV', 'UCS-SD120GBMS4-EV', 'UCS-SD240G0KS2-EV', 'UCS-SD960G0KS2-EV', 'UCS-SD240GBKS4-EV', 'UCS-SD600GBE3K9', 'UCS-SD400G12S4-EP']","['UCS-HD600G15K9', 'UCS-HD1T7KS2-E', 'UCS-HD1T7K12G', 'UCS-HD12TB10K12G', 'UCS-HD2T7K12G', 'UCS-HD300G15K12G', 'UCS-HD450G15KS2-E', 'UCS-HD18G10K9', 'UCS-HD12G10K9', 'UCS-HD1T7K6GA', 'UCS-HD300G10K9', 'UCS-HD600G15KS2-E', 'UCS-HD450G15K12G', 'UCS-HD600G15K12G', 'UCS-HD600G10KS4K', 'UCS-HD12T10KS2-E', 'UCS-HD18TB10KS4K11.8', 'UCS-HD1T7K12GA', 'UCS-HD18TB10KS4K', 'UCS-HD900G15K12G', 'UCS-HDD300GI2F105', 'UCS-HDD900GI2F106', 'UCS-HD900G10K12G', 'UCS-HD600G10K12G', 'UCS-HD300G10K12G']",16GB,2400,1,4,DDR4,RDIMM,ECC,1.2V,STD,1,,,is_encoded,c220m4-sff-spec-sheet.pdf,https://www.cisco.com/c/dam/en/us/products/collateral/servers-unified-computing/ucs-c-series-rack-servers/c220m4-sff-spec-sheet.pdf,https://www.cisco.com/c/dam/en/us/products/collateral/servers-unified-computing/ucs-c-series-rack-servers/c220m4-sff-spec-sheet.pdf,,,16D4ER14240012S1,1Rx4,"('1Rx4', '2Rx4', '8Rx4')",,,,
Cisco,UCS-MR-1X322RV-A,Cisco UCS C220 M4 SFF Rack Server,Cisco,UCS,C220 M4 SFF,UCS-MR-1X322RV-A 16GB DDR4-2400-MHz RDIMM/PC4-19200/single rank/x4/1.2v,['24'],,,,,,memory,"['E5-2643 v4', 'E5-2698 v4', 'E5-2640 v3', 'E5-2683 v4', 'E5-2699 v4', 'E5-2650 v4', 'E5-2658 v4', 'E5-2660 v4', 'E5-2658 v3', 'E5-2623 v4', 'E5-2600 v4', 'E5-2640 v4', 'E5-2600 v3', 'E5-2697 v4', 'E5-2630L v4', 'E5-2637 v4', 'E5-2620 v4', 'E5-2680 v3', 'E5-2695 v4', 'E5-2620 v3', 'E5-2609 v4', 'E52680E', 'E5-2667 v4', 'E5-2697A v4', 'E5-2609 v3', 'E5-2680 v4', 'E5-2650L v4', 'E5-2630 v4', 'E5-2690 v4', 'E5-2699A v4']","['UCS-MR-1X081RV-A', 'UCS-MR-1X081RU-A', 'UCS-MR-1X322RV-A', 'UCS-MR-1X161RV-A', 'UCS-MR-1X162RU-A', 'UCS-MR-1X162RV-A', 'UCS-MR-1X322RVA-S', 'UCS-MR-1X322RU-A', 'UCS-MR-1X648RU-A']","['UCS-SD480GSAS-EV', 'UCS-SD16TBMS4-EV', 'UCS-SD120GBKS4-EV', 'UCS-SD960GBMS4-EV', 'UCS-SD480GBKS4-EV', 'UCS-SD480G12S3-EP', 'UCS-SD19TBMS4-EV', 'UCS-SD800G12S4-EP', 'UCS-SD38TBIS6-EV', 'UCS-SD960GBM1K9', 'UCS-SD38TBKS4-EV', 'UCS-SD800GBEK9', 'UCS-SD480GBE1K9', 'UCS-SD400G0KS2-EP', 'UCS-SD960GBKS4-EV', 'UCS-SD240GBM1K9', 'UCS-SD16T12S2-EP', 'UCS-SD800G0KS2-EP', 'UCS-SD16TB12S3-EP', 'UCS-SD200G12S3-EP', 'UCS-SD16TBKS4-EV', 'UCS-SD800GSAS3-EP', 'UCS-SD19TSAS-EV', 'UCS-SD400GBEK9', 'UCS-SD400GBHK9', 'UCS-SD76TBMS4-EV', 'UCS-SD480GBIS6-EV', 'UCS-SD960GBE1K9', 'UCS-SD400G12S2-EP', 'UCS-SD240GBMS4-EV', 'UCS-SD800G12S3-EP', 'UCS-SD480G0KS2-EV', 'UCS-SD960GIKS4-EV', 'UCS-SD38TSAS-EV', 'UCS-SD480GBKSS-EV', 'UCS-SD960GIS3-EP', 'UCS-SD38TBMS4-EV', 'UCS-SD16TSASS3-EP', 'UCS-SD800GBHK9', 'UCS-SD480GIS3-EP', 'UCS-SD120GBE1K9', 'UCS-SD16TBEK9', 'UCS-SD400GSAS3-EP', 'UCS-SD480GBMS4-EV', 'UCS-SD19TIS3-EP', 'UCS-SD200G0KS2-EP', 'UCS-SD960GSAS-EV', 'UCS-SD16TB12S4-EP', 'UCS-SD32TSASS3-EP', 'UCS-SD120G0KS2-EV', 'UCS-SD960GBIS6-EV', 'UCS-SD150GBKS4-EV', 'UCS-SD16TBHK9', 'UCS-SD38TBM1K9', 'UCS-SD19TBKSS-EV', 'UCS-SD120GBMS4-EV', 'UCS-SD240G0KS2-EV', 'UCS-SD960G0KS2-EV', 'UCS-SD240GBKS4-EV', 'UCS-SD600GBE3K9', 'UCS-SD400G12S4-EP']","['UCS-HD600G15K9', 'UCS-HD1T7KS2-E', 'UCS-HD1T7K12G', 'UCS-HD12TB10K12G', 'UCS-HD2T7K12G', 'UCS-HD300G15K12G', 'UCS-HD450G15KS2-E', 'UCS-HD18G10K9', 'UCS-HD12G10K9', 'UCS-HD1T7K6GA', 'UCS-HD300G10K9', 'UCS-HD600G15KS2-E', 'UCS-HD450G15K12G', 'UCS-HD600G15K12G', 'UCS-HD600G10KS4K', 'UCS-HD12T10KS2-E', 'UCS-HD18TB10KS4K11.8', 'UCS-HD1T7K12GA', 'UCS-HD18TB10KS4K', 'UCS-HD900G15K12G', 'UCS-HDD300GI2F105', 'UCS-HDD900GI2F106', 'UCS-HD900G10K12G', 'UCS-HD600G10K12G', 'UCS-HD300G10K12G']",16GB,2400,1,4,DDR4,RDIMM,ECC,1.2V,STD,1,,,is_encoded,c220m4-sff-spec-sheet.pdf,https://www.cisco.com/c/dam/en/us/products/collateral/servers-unified-computing/ucs-c-series-rack-servers/c220m4-sff-spec-sheet.pdf,https://www.cisco.com/c/dam/en/us/products/collateral/servers-unified-computing/ucs-c-series-rack-servers/c220m4-sff-spec-sheet.pdf,,,16D4ER14240012S1,1Rx4,"('1Rx4', '2Rx4', '8Rx4')",,,,
Cisco,UCS-MR-1X161RV-A,Cisco UCS C220 M4 SFF Rack Server,Cisco,UCS,C220 M4 SFF,UCS-MR-1X161RV-A 16GB DDR4-2400-MHz RDIMM/PC4-19200/single rank/x4 1.2 V 1,['24'],,,,,,memory,"['E5-2643 v4', 'E5-2698 v4', 'E5-2640 v3', 'E5-2683 v4', 'E5-2699 v4', 'E5-2650 v4', 'E5-2658 v4', 'E5-2660 v4', 'E5-2658 v3', 'E5-2623 v4', 'E5-2600 v4', 'E5-2640 v4', 'E5-2600 v3', 'E5-2697 v4', 'E5-2630L v4', 'E5-2637 v4', 'E5-2620 v4', 'E5-2680 v3', 'E5-2695 v4', 'E5-2620 v3', 'E5-2609 v4', 'E52680E', 'E5-2667 v4', 'E5-2697A v4', 'E5-2609 v3', 'E5-2680 v4', 'E5-2650L v4', 'E5-2630 v4', 'E5-2690 v4', 'E5-2699A v4']","['UCS-MR-1X081RV-A', 'UCS-MR-1X081RU-A', 'UCS-MR-1X322RV-A', 'UCS-MR-1X161RV-A', 'UCS-MR-1X162RU-A', 'UCS-MR-1X162RV-A', 'UCS-MR-1X322RVA-S', 'UCS-MR-1X322RU-A', 'UCS-MR-1X648RU-A']","['UCS-SD480GSAS-EV', 'UCS-SD16TBMS4-EV', 'UCS-SD120GBKS4-EV', 'UCS-SD960GBMS4-EV', 'UCS-SD480GBKS4-EV', 'UCS-SD480G12S3-EP', 'UCS-SD19TBMS4-EV', 'UCS-SD800G12S4-EP', 'UCS-SD38TBIS6-EV', 'UCS-SD960GBM1K9', 'UCS-SD38TBKS4-EV', 'UCS-SD800GBEK9', 'UCS-SD480GBE1K9', 'UCS-SD400G0KS2-EP', 'UCS-SD960GBKS4-EV', 'UCS-SD240GBM1K9', 'UCS-SD16T12S2-EP', 'UCS-SD800G0KS2-EP', 'UCS-SD16TB12S3-EP', 'UCS-SD200G12S3-EP', 'UCS-SD16TBKS4-EV', 'UCS-SD800GSAS3-EP', 'UCS-SD19TSAS-EV', 'UCS-SD400GBEK9', 'UCS-SD400GBHK9', 'UCS-SD76TBMS4-EV', 'UCS-SD480GBIS6-EV', 'UCS-SD960GBE1K9', 'UCS-SD400G12S2-EP', 'UCS-SD240GBMS4-EV', 'UCS-SD800G12S3-EP', 'UCS-SD480G0KS2-EV', 'UCS-SD960GIKS4-EV', 'UCS-SD38TSAS-EV', 'UCS-SD480GBKSS-EV', 'UCS-SD960GIS3-EP', 'UCS-SD38TBMS4-EV', 'UCS-SD16TSASS3-EP', 'UCS-SD800GBHK9', 'UCS-SD480GIS3-EP', 'UCS-SD120GBE1K9', 'UCS-SD16TBEK9', 'UCS-SD400GSAS3-EP', 'UCS-SD480GBMS4-EV', 'UCS-SD19TIS3-EP', 'UCS-SD200G0KS2-EP', 'UCS-SD960GSAS-EV', 'UCS-SD16TB12S4-EP', 'UCS-SD32TSASS3-EP', 'UCS-SD120G0KS2-EV', 'UCS-SD960GBIS6-EV', 'UCS-SD150GBKS4-EV', 'UCS-SD16TBHK9', 'UCS-SD38TBM1K9', 'UCS-SD19TBKSS-EV', 'UCS-SD120GBMS4-EV', 'UCS-SD240G0KS2-EV', 'UCS-SD960G0KS2-EV', 'UCS-SD240GBKS4-EV', 'UCS-SD600GBE3K9', 'UCS-SD400G12S4-EP']","['UCS-HD600G15K9', 'UCS-HD1T7KS2-E', 'UCS-HD1T7K12G', 'UCS-HD12TB10K12G', 'UCS-HD2T7K12G', 'UCS-HD300G15K12G', 'UCS-HD450G15KS2-E', 'UCS-HD18G10K9', 'UCS-HD12G10K9', 'UCS-HD1T7K6GA', 'UCS-HD300G10K9', 'UCS-HD600G15KS2-E', 'UCS-HD450G15K12G', 'UCS-HD600G15K12G', 'UCS-HD600G10KS4K', 'UCS-HD12T10KS2-E', 'UCS-HD18TB10KS4K11.8', 'UCS-HD1T7K12GA', 'UCS-HD18TB10KS4K', 'UCS-HD900G15K12G', 'UCS-HDD300GI2F105', 'UCS-HDD900GI2F106', 'UCS-HD900G10K12G', 'UCS-HD600G10K12G', 'UCS-HD300G10K12G']",16GB,2400,1,4,DDR4,RDIMM,ECC,1.2V,STD,1,,,is_encoded,c220m4-sff-spec-sheet.pdf,https://www.cisco.com/c/dam/en/us/products/collateral/servers-unified-computing/ucs-c-series-rack-servers/c220m4-sff-spec-sheet.pdf,https://www.cisco.com/c/dam/en/us/products/collateral/servers-unified-computing/ucs-c-series-rack-servers/c220m4-sff-spec-sheet.pdf,,,16D4ER14240012S1,1Rx4,"('1Rx4', '2Rx4', '8Rx4')",,,,
Cisco,UCS-MR-1X161RV-A,Cisco UCS C220 M4 SFF Rack Server,Cisco,UCS,C220 M4 SFF,UCS-MR-1X161RV-A 16GB DDR4-2400-MHz RDIMM/PC4-19200/single rank/x4/1.2v,['24'],,,,,,memory,"['E5-2643 v4', 'E5-2698 v4', 'E5-2640 v3', 'E5-2683 v4', 'E5-2699 v4', 'E5-2650 v4', 'E5-2658 v4', 'E5-2660 v4', 'E5-2658 v3', 'E5-2623 v4', 'E5-2600 v4', 'E5-2640 v4', 'E5-2600 v3', 'E5-2697 v4', 'E5-2630L v4', 'E5-2637 v4', 'E5-2620 v4', 'E5-2680 v3', 'E5-2695 v4', 'E5-2620 v3', 'E5-2609 v4', 'E52680E', 'E5-2667 v4', 'E5-2697A v4', 'E5-2609 v3', 'E5-2680 v4', 'E5-2650L v4', 'E5-2630 v4', 'E5-2690 v4', 'E5-2699A v4']","['UCS-MR-1X081RV-A', 'UCS-MR-1X081RU-A', 'UCS-MR-1X322RV-A', 'UCS-MR-1X161RV-A', 'UCS-MR-1X162RU-A', 'UCS-MR-1X162RV-A', 'UCS-MR-1X322RVA-S', 'UCS-MR-1X322RU-A', 'UCS-MR-1X648RU-A']","['UCS-SD480GSAS-EV', 'UCS-SD16TBMS4-EV', 'UCS-SD120GBKS4-EV', 'UCS-SD960GBMS4-EV', 'UCS-SD480GBKS4-EV', 'UCS-SD480G12S3-EP', 'UCS-SD19TBMS4-EV', 'UCS-SD800G12S4-EP', 'UCS-SD38TBIS6-EV', 'UCS-SD960GBM1K9', 'UCS-SD38TBKS4-EV', 'UCS-SD800GBEK9', 'UCS-SD480GBE1K9', 'UCS-SD400G0KS2-EP', 'UCS-SD960GBKS4-EV', 'UCS-SD240GBM1K9', 'UCS-SD16T12S2-EP', 'UCS-SD800G0KS2-EP', 'UCS-SD16TB12S3-EP', 'UCS-SD200G12S3-EP', 'UCS-SD16TBKS4-EV', 'UCS-SD800GSAS3-EP', 'UCS-SD19TSAS-EV', 'UCS-SD400GBEK9', 'UCS-SD400GBHK9', 'UCS-SD76TBMS4-EV', 'UCS-SD480GBIS6-EV', 'UCS-SD960GBE1K9', 'UCS-SD400G12S2-EP', 'UCS-SD240GBMS4-EV', 'UCS-SD800G12S3-EP', 'UCS-SD480G0KS2-EV', 'UCS-SD960GIKS4-EV', 'UCS-SD38TSAS-EV', 'UCS-SD480GBKSS-EV', 'UCS-SD960GIS3-EP', 'UCS-SD38TBMS4-EV', 'UCS-SD16TSASS3-EP', 'UCS-SD800GBHK9', 'UCS-SD480GIS3-EP', 'UCS-SD120GBE1K9', 'UCS-SD16TBEK9', 'UCS-SD400GSAS3-EP', 'UCS-SD480GBMS4-EV', 'UCS-SD19TIS3-EP', 'UCS-SD200G0KS2-EP', 'UCS-SD960GSAS-EV', 'UCS-SD16TB12S4-EP', 'UCS-SD32TSASS3-EP', 'UCS-SD120G0KS2-EV', 'UCS-SD960GBIS6-EV', 'UCS-SD150GBKS4-EV', 'UCS-SD16TBHK9', 'UCS-SD38TBM1K9', 'UCS-SD19TBKSS-EV', 'UCS-SD120GBMS4-EV', 'UCS-SD240G0KS2-EV', 'UCS-SD960G0KS2-EV', 'UCS-SD240GBKS4-EV', 'UCS-SD600GBE3K9', 'UCS-SD400G12S4-EP']","['UCS-HD600G15K9', 'UCS-HD1T7KS2-E', 'UCS-HD1T7K12G', 'UCS-HD12TB10K12G', 'UCS-HD2T7K12G', 'UCS-HD300G15K12G', 'UCS-HD450G15KS2-E', 'UCS-HD18G10K9', 'UCS-HD12G10K9', 'UCS-HD1T7K6GA', 'UCS-HD300G10K9', 'UCS-HD600G15KS2-E', 'UCS-HD450G15K12G', 'UCS-HD600G15K12G', 'UCS-HD600G10KS4K', 'UCS-HD12T10KS2-E', 'UCS-HD18TB10KS4K11.8', 'UCS-HD1T7K12GA', 'UCS-HD18TB10KS4K', 'UCS-HD900G15K12G', 'UCS-HDD300GI2F105', 'UCS-HDD900GI2F106', 'UCS-HD900G10K12G', 'UCS-HD600G10K12G', 'UCS-HD300G10K12G']",16GB,2400,1,4,DDR4,RDIMM,ECC,1.2V,STD,1,,,is_encoded,c220m4-sff-spec-sheet.pdf,https://www.cisco.com/c/dam/en/us/products/collateral/servers-unified-computing/ucs-c-series-rack-servers/c220m4-sff-spec-sheet.pdf,https://www.cisco.com/c/dam/en/us/products/collateral/servers-unified-computing/ucs-c-series-rack-servers/c220m4-sff-spec-sheet.pdf,,,16D4ER14240012S1,1Rx4,"('1Rx4', '2Rx4', '8Rx4')",,,,
Cisco,UCS-MR-1X161RV-A,Cisco UCS C220 M4 SFF Rack Server,Cisco,UCS,C220 M4 SFF,UCS-MR-1X161RV-A 8GB DDR4-2400-MHz RDIMM/PC4-19200/single rank/x4/1.2v,['24'],,,,,,memory,"['E5-2643 v4', 'E5-2698 v4', 'E5-2640 v3', 'E5-2683 v4', 'E5-2699 v4', 'E5-2650 v4', 'E5-2658 v4', 'E5-2660 v4', 'E5-2658 v3', 'E5-2623 v4', 'E5-2600 v4', 'E5-2640 v4', 'E5-2600 v3', 'E5-2697 v4', 'E5-2630L v4', 'E5-2637 v4', 'E5-2620 v4', 'E5-2680 v3', 'E5-2695 v4', 'E5-2620 v3', 'E5-2609 v4', 'E52680E', 'E5-2667 v4', 'E5-2697A v4', 'E5-2609 v3', 'E5-2680 v4', 'E5-2650L v4', 'E5-2630 v4', 'E5-2690 v4', 'E5-2699A v4']","['UCS-MR-1X081RV-A', 'UCS-MR-1X081RU-A', 'UCS-MR-1X322RV-A', 'UCS-MR-1X161RV-A', 'UCS-MR-1X162RU-A', 'UCS-MR-1X162RV-A', 'UCS-MR-1X322RVA-S', 'UCS-MR-1X322RU-A', 'UCS-MR-1X648RU-A']","['UCS-SD480GSAS-EV', 'UCS-SD16TBMS4-EV', 'UCS-SD120GBKS4-EV', 'UCS-SD960GBMS4-EV', 'UCS-SD480GBKS4-EV', 'UCS-SD480G12S3-EP', 'UCS-SD19TBMS4-EV', 'UCS-SD800G12S4-EP', 'UCS-SD38TBIS6-EV', 'UCS-SD960GBM1K9', 'UCS-SD38TBKS4-EV', 'UCS-SD800GBEK9', 'UCS-SD480GBE1K9', 'UCS-SD400G0KS2-EP', 'UCS-SD960GBKS4-EV', 'UCS-SD240GBM1K9', 'UCS-SD16T12S2-EP', 'UCS-SD800G0KS2-EP', 'UCS-SD16TB12S3-EP', 'UCS-SD200G12S3-EP', 'UCS-SD16TBKS4-EV', 'UCS-SD800GSAS3-EP', 'UCS-SD19TSAS-EV', 'UCS-SD400GBEK9', 'UCS-SD400GBHK9', 'UCS-SD76TBMS4-EV', 'UCS-SD480GBIS6-EV', 'UCS-SD960GBE1K9', 'UCS-SD400G12S2-EP', 'UCS-SD240GBMS4-EV', 'UCS-SD800G12S3-EP', 'UCS-SD480G0KS2-EV', 'UCS-SD960GIKS4-EV', 'UCS-SD38TSAS-EV', 'UCS-SD480GBKSS-EV', 'UCS-SD960GIS3-EP', 'UCS-SD38TBMS4-EV', 'UCS-SD16TSASS3-EP', 'UCS-SD800GBHK9', 'UCS-SD480GIS3-EP', 'UCS-SD120GBE1K9', 'UCS-SD16TBEK9', 'UCS-SD400GSAS3-EP', 'UCS-SD480GBMS4-EV', 'UCS-SD19TIS3-EP', 'UCS-SD200G0KS2-EP', 'UCS-SD960GSAS-EV', 'UCS-SD16TB12S4-EP', 'UCS-SD32TSASS3-EP', 'UCS-SD120G0KS2-EV', 'UCS-SD960GBIS6-EV', 'UCS-SD150GBKS4-EV', 'UCS-SD16TBHK9', 'UCS-SD38TBM1K9', 'UCS-SD19TBKSS-EV', 'UCS-SD120GBMS4-EV', 'UCS-SD240G0KS2-EV', 'UCS-SD960G0KS2-EV', 'UCS-SD240GBKS4-EV', 'UCS-SD600GBE3K9', 'UCS-SD400G12S4-EP']","['UCS-HD600G15K9', 'UCS-HD1T7KS2-E', 'UCS-HD1T7K12G', 'UCS-HD12TB10K12G', 'UCS-HD2T7K12G', 'UCS-HD300G15K12G', 'UCS-HD450G15KS2-E', 'UCS-HD18G10K9', 'UCS-HD12G10K9', 'UCS-HD1T7K6GA', 'UCS-HD300G10K9', 'UCS-HD600G15KS2-E', 'UCS-HD450G15K12G', 'UCS-HD600G15K12G', 'UCS-HD600G10KS4K', 'UCS-HD12T10KS2-E', 'UCS-HD18TB10KS4K11.8', 'UCS-HD1T7K12GA', 'UCS-HD18TB10KS4K', 'UCS-HD900G15K12G', 'UCS-HDD300GI2F105', 'UCS-HDD900GI2F106', 'UCS-HD900G10K12G', 'UCS-HD600G10K12G', 'UCS-HD300G10K12G']",16GB,2400,1,4,DDR4,RDIMM,ECC,1.2V,STD,1,,,is_encoded,c220m4-sff-spec-sheet.pdf,https://www.cisco.com/c/dam/en/us/products/collateral/servers-unified-computing/ucs-c-series-rack-servers/c220m4-sff-spec-sheet.pdf,https://www.cisco.com/c/dam/en/us/products/collateral/servers-unified-computing/ucs-c-series-rack-servers/c220m4-sff-spec-sheet.pdf,,,16D4ER14240012S1,1Rx4,"('1Rx4', '2Rx4', '8Rx4')",,,,
Cisco,UCS-MR-1X322RVA-S,Cisco UCS C220 M4 SFF Rack Server,Cisco,UCS,C220 M4 SFF,UCS-MR-1X322RVA-S 32GB DDR4-2400-MHz RDIMM/PC4-19200/dual rank/x4/1.2v Samsung,['24'],,,,,,memory,"['E5-2643 v4', 'E5-2698 v4', 'E5-2640 v3', 'E5-2683 v4', 'E5-2699 v4', 'E5-2650 v4', 'E5-2658 v4', 'E5-2660 v4', 'E5-2658 v3', 'E5-2623 v4', 'E5-2600 v4', 'E5-2640 v4', 'E5-2600 v3', 'E5-2697 v4', 'E5-2630L v4', 'E5-2637 v4', 'E5-2620 v4', 'E5-2680 v3', 'E5-2695 v4', 'E5-2620 v3', 'E5-2609 v4', 'E52680E', 'E5-2667 v4', 'E5-2697A v4', 'E5-2609 v3', 'E5-2680 v4', 'E5-2650L v4', 'E5-2630 v4', 'E5-2690 v4', 'E5-2699A v4']","['UCS-MR-1X081RV-A', 'UCS-MR-1X081RU-A', 'UCS-MR-1X322RV-A', 'UCS-MR-1X161RV-A', 'UCS-MR-1X162RU-A', 'UCS-MR-1X162RV-A', 'UCS-MR-1X322RVA-S', 'UCS-MR-1X322RU-A', 'UCS-MR-1X648RU-A']","['UCS-SD480GSAS-EV', 'UCS-SD16TBMS4-EV', 'UCS-SD120GBKS4-EV', 'UCS-SD960GBMS4-EV', 'UCS-SD480GBKS4-EV', 'UCS-SD480G12S3-EP', 'UCS-SD19TBMS4-EV', 'UCS-SD800G12S4-EP', 'UCS-SD38TBIS6-EV', 'UCS-SD960GBM1K9', 'UCS-SD38TBKS4-EV', 'UCS-SD800GBEK9', 'UCS-SD480GBE1K9', 'UCS-SD400G0KS2-EP', 'UCS-SD960GBKS4-EV', 'UCS-SD240GBM1K9', 'UCS-SD16T12S2-EP', 'UCS-SD800G0KS2-EP', 'UCS-SD16TB12S3-EP', 'UCS-SD200G12S3-EP', 'UCS-SD16TBKS4-EV', 'UCS-SD800GSAS3-EP', 'UCS-SD19TSAS-EV', 'UCS-SD400GBEK9', 'UCS-SD400GBHK9', 'UCS-SD76TBMS4-EV', 'UCS-SD480GBIS6-EV', 'UCS-SD960GBE1K9', 'UCS-SD400G12S2-EP', 'UCS-SD240GBMS4-EV', 'UCS-SD800G12S3-EP', 'UCS-SD480G0KS2-EV', 'UCS-SD960GIKS4-EV', 'UCS-SD38TSAS-EV', 'UCS-SD480GBKSS-EV', 'UCS-SD960GIS3-EP', 'UCS-SD38TBMS4-EV', 'UCS-SD16TSASS3-EP', 'UCS-SD800GBHK9', 'UCS-SD480GIS3-EP', 'UCS-SD120GBE1K9', 'UCS-SD16TBEK9', 'UCS-SD400GSAS3-EP', 'UCS-SD480GBMS4-EV', 'UCS-SD19TIS3-EP', 'UCS-SD200G0KS2-EP', 'UCS-SD960GSAS-EV', 'UCS-SD16TB12S4-EP', 'UCS-SD32TSASS3-EP', 'UCS-SD120G0KS2-EV', 'UCS-SD960GBIS6-EV', 'UCS-SD150GBKS4-EV', 'UCS-SD16TBHK9', 'UCS-SD38TBM1K9', 'UCS-SD19TBKSS-EV', 'UCS-SD120GBMS4-EV', 'UCS-SD240G0KS2-EV', 'UCS-SD960G0KS2-EV', 'UCS-SD240GBKS4-EV', 'UCS-SD600GBE3K9', 'UCS-SD400G12S4-EP']","['UCS-HD600G15K9', 'UCS-HD1T7KS2-E', 'UCS-HD1T7K12G', 'UCS-HD12TB10K12G', 'UCS-HD2T7K12G', 'UCS-HD300G15K12G', 'UCS-HD450G15KS2-E', 'UCS-HD18G10K9', 'UCS-HD12G10K9', 'UCS-HD1T7K6GA', 'UCS-HD300G10K9', 'UCS-HD600G15KS2-E', 'UCS-HD450G15K12G', 'UCS-HD600G15K12G', 'UCS-HD600G10KS4K', 'UCS-HD12T10KS2-E', 'UCS-HD18TB10KS4K11.8', 'UCS-HD1T7K12GA', 'UCS-HD18TB10KS4K', 'UCS-HD900G15K12G', 'UCS-HDD300GI2F105', 'UCS-HDD900GI2F106', 'UCS-HD900G10K12G', 'UCS-HD600G10K12G', 'UCS-HD300G10K12G']",32GB,2400,2,4,DDR4,RDIMM,ECC,1.2V,STD,1,,,is_encoded,c220m4-sff-spec-sheet.pdf,https://www.cisco.com/c/dam/en/us/products/collateral/servers-unified-computing/ucs-c-series-rack-servers/c220m4-sff-spec-sheet.pdf,https://www.cisco.com/c/dam/en/us/products/collateral/servers-unified-computing/ucs-c-series-rack-servers/c220m4-sff-spec-sheet.pdf,,,32D4ER24240012S1,2Rx4,"('1Rx4', '2Rx4', '8Rx4')",,,,
Cisco,UCS-MR-1X322RV-A,Cisco UCS C220 M4 SFF Rack Server,Cisco,UCS,C220 M4 SFF,UCS-MR-1X322RV-A 32GB DDR4-2400-MHz RDIMM/PC4-19200/dual rank/x4/1.2v,['24'],,,,,,memory,"['E5-2643 v4', 'E5-2698 v4', 'E5-2640 v3', 'E5-2683 v4', 'E5-2699 v4', 'E5-2650 v4', 'E5-2658 v4', 'E5-2660 v4', 'E5-2658 v3', 'E5-2623 v4', 'E5-2600 v4', 'E5-2640 v4', 'E5-2600 v3', 'E5-2697 v4', 'E5-2630L v4', 'E5-2637 v4', 'E5-2620 v4', 'E5-2680 v3', 'E5-2695 v4', 'E5-2620 v3', 'E5-2609 v4', 'E52680E', 'E5-2667 v4', 'E5-2697A v4', 'E5-2609 v3', 'E5-2680 v4', 'E5-2650L v4', 'E5-2630 v4', 'E5-2690 v4', 'E5-2699A v4']","['UCS-MR-1X081RV-A', 'UCS-MR-1X081RU-A', 'UCS-MR-1X322RV-A', 'UCS-MR-1X161RV-A', 'UCS-MR-1X162RU-A', 'UCS-MR-1X162RV-A', 'UCS-MR-1X322RVA-S', 'UCS-MR-1X322RU-A', 'UCS-MR-1X648RU-A']","['UCS-SD480GSAS-EV', 'UCS-SD16TBMS4-EV', 'UCS-SD120GBKS4-EV', 'UCS-SD960GBMS4-EV', 'UCS-SD480GBKS4-EV', 'UCS-SD480G12S3-EP', 'UCS-SD19TBMS4-EV', 'UCS-SD800G12S4-EP', 'UCS-SD38TBIS6-EV', 'UCS-SD960GBM1K9', 'UCS-SD38TBKS4-EV', 'UCS-SD800GBEK9', 'UCS-SD480GBE1K9', 'UCS-SD400G0KS2-EP', 'UCS-SD960GBKS4-EV', 'UCS-SD240GBM1K9', 'UCS-SD16T12S2-EP', 'UCS-SD800G0KS2-EP', 'UCS-SD16TB12S3-EP', 'UCS-SD200G12S3-EP', 'UCS-SD16TBKS4-EV', 'UCS-SD800GSAS3-EP', 'UCS-SD19TSAS-EV', 'UCS-SD400GBEK9', 'UCS-SD400GBHK9', 'UCS-SD76TBMS4-EV', 'UCS-SD480GBIS6-EV', 'UCS-SD960GBE1K9', 'UCS-SD400G12S2-EP', 'UCS-SD240GBMS4-EV', 'UCS-SD800G12S3-EP', 'UCS-SD480G0KS2-EV', 'UCS-SD960GIKS4-EV', 'UCS-SD38TSAS-EV', 'UCS-SD480GBKSS-EV', 'UCS-SD960GIS3-EP', 'UCS-SD38TBMS4-EV', 'UCS-SD16TSASS3-EP', 'UCS-SD800GBHK9', 'UCS-SD480GIS3-EP', 'UCS-SD120GBE1K9', 'UCS-SD16TBEK9', 'UCS-SD400GSAS3-EP', 'UCS-SD480GBMS4-EV', 'UCS-SD19TIS3-EP', 'UCS-SD200G0KS2-EP', 'UCS-SD960GSAS-EV', 'UCS-SD16TB12S4-EP', 'UCS-SD32TSASS3-EP', 'UCS-SD120G0KS2-EV', 'UCS-SD960GBIS6-EV', 'UCS-SD150GBKS4-EV', 'UCS-SD16TBHK9', 'UCS-SD38TBM1K9', 'UCS-SD19TBKSS-EV', 'UCS-SD120GBMS4-EV', 'UCS-SD240G0KS2-EV', 'UCS-SD960G0KS2-EV', 'UCS-SD240GBKS4-EV', 'UCS-SD600GBE3K9', 'UCS-SD400G12S4-EP']","['UCS-HD600G15K9', 'UCS-HD1T7KS2-E', 'UCS-HD1T7K12G', 'UCS-HD12TB10K12G', 'UCS-HD2T7K12G', 'UCS-HD300G15K12G', 'UCS-HD450G15KS2-E', 'UCS-HD18G10K9', 'UCS-HD12G10K9', 'UCS-HD1T7K6GA', 'UCS-HD300G10K9', 'UCS-HD600G15KS2-E', 'UCS-HD450G15K12G', 'UCS-HD600G15K12G', 'UCS-HD600G10KS4K', 'UCS-HD12T10KS2-E', 'UCS-HD18TB10KS4K11.8', 'UCS-HD1T7K12GA', 'UCS-HD18TB10KS4K', 'UCS-HD900G15K12G', 'UCS-HDD300GI2F105', 'UCS-HDD900GI2F106', 'UCS-HD900G10K12G', 'UCS-HD600G10K12G', 'UCS-HD300G10K12G']",32GB,2400,2,4,DDR4,RDIMM,ECC,1.2V,STD,1,,,is_encoded,c220m4-sff-spec-sheet.pdf,https://www.cisco.com/c/dam/en/us/products/collateral/servers-unified-computing/ucs-c-series-rack-servers/c220m4-sff-spec-sheet.pdf,https://www.cisco.com/c/dam/en/us/products/collateral/servers-unified-computing/ucs-c-series-rack-servers/c220m4-sff-spec-sheet.pdf,,,32D4ER24240012S1,2Rx4,"('1Rx4', '2Rx4', '8Rx4')",,,,
Cisco,UCS-MR-1X322RV-A,Cisco UCS C220 M4 SFF Rack Server,Cisco,UCS,C220 M4 SFF,UCS-MR-1X322RV-A 16GB DDR4-2400-MHz RDIMM/PC4-19200/single rank/x4/1.2v,['24'],,,,,,memory,"['E5-2643 v4', 'E5-2698 v4', 'E5-2640 v3', 'E5-2683 v4', 'E5-2699 v4', 'E5-2650 v4', 'E5-2658 v4', 'E5-2660 v4', 'E5-2658 v3', 'E5-2623 v4', 'E5-2600 v4', 'E5-2640 v4', 'E5-2600 v3', 'E5-2697 v4', 'E5-2630L v4', 'E5-2637 v4', 'E5-2620 v4', 'E5-2680 v3', 'E5-2695 v4', 'E5-2620 v3', 'E5-2609 v4', 'E52680E', 'E5-2667 v4', 'E5-2697A v4', 'E5-2609 v3', 'E5-2680 v4', 'E5-2650L v4', 'E5-2630 v4', 'E5-2690 v4', 'E5-2699A v4']","['UCS-MR-1X081RV-A', 'UCS-MR-1X081RU-A', 'UCS-MR-1X322RV-A', 'UCS-MR-1X161RV-A', 'UCS-MR-1X162RU-A', 'UCS-MR-1X162RV-A', 'UCS-MR-1X322RVA-S', 'UCS-MR-1X322RU-A', 'UCS-MR-1X648RU-A']","['UCS-SD480GSAS-EV', 'UCS-SD16TBMS4-EV', 'UCS-SD120GBKS4-EV', 'UCS-SD960GBMS4-EV', 'UCS-SD480GBKS4-EV', 'UCS-SD480G12S3-EP', 'UCS-SD19TBMS4-EV', 'UCS-SD800G12S4-EP', 'UCS-SD38TBIS6-EV', 'UCS-SD960GBM1K9', 'UCS-SD38TBKS4-EV', 'UCS-SD800GBEK9', 'UCS-SD480GBE1K9', 'UCS-SD400G0KS2-EP', 'UCS-SD960GBKS4-EV', 'UCS-SD240GBM1K9', 'UCS-SD16T12S2-EP', 'UCS-SD800G0KS2-EP', 'UCS-SD16TB12S3-EP', 'UCS-SD200G12S3-EP', 'UCS-SD16TBKS4-EV', 'UCS-SD800GSAS3-EP', 'UCS-SD19TSAS-EV', 'UCS-SD400GBEK9', 'UCS-SD400GBHK9', 'UCS-SD76TBMS4-EV', 'UCS-SD480GBIS6-EV', 'UCS-SD960GBE1K9', 'UCS-SD400G12S2-EP', 'UCS-SD240GBMS4-EV', 'UCS-SD800G12S3-EP', 'UCS-SD480G0KS2-EV', 'UCS-SD960GIKS4-EV', 'UCS-SD38TSAS-EV', 'UCS-SD480GBKSS-EV', 'UCS-SD960GIS3-EP', 'UCS-SD38TBMS4-EV', 'UCS-SD16TSASS3-EP', 'UCS-SD800GBHK9', 'UCS-SD480GIS3-EP', 'UCS-SD120GBE1K9', 'UCS-SD16TBEK9', 'UCS-SD400GSAS3-EP', 'UCS-SD480GBMS4-EV', 'UCS-SD19TIS3-EP', 'UCS-SD200G0KS2-EP', 'UCS-SD960GSAS-EV', 'UCS-SD16TB12S4-EP', 'UCS-SD32TSASS3-EP', 'UCS-SD120G0KS2-EV', 'UCS-SD960GBIS6-EV', 'UCS-SD150GBKS4-EV', 'UCS-SD16TBHK9', 'UCS-SD38TBM1K9', 'UCS-SD19TBKSS-EV', 'UCS-SD120GBMS4-EV', 'UCS-SD240G0KS2-EV', 'UCS-SD960G0KS2-EV', 'UCS-SD240GBKS4-EV', 'UCS-SD600GBE3K9', 'UCS-SD400G12S4-EP']","['UCS-HD600G15K9', 'UCS-HD1T7KS2-E', 'UCS-HD1T7K12G', 'UCS-HD12TB10K12G', 'UCS-HD2T7K12G', 'UCS-HD300G15K12G', 'UCS-HD450G15KS2-E', 'UCS-HD18G10K9', 'UCS-HD12G10K9', 'UCS-HD1T7K6GA', 'UCS-HD300G10K9', 'UCS-HD600G15KS2-E', 'UCS-HD450G15K12G', 'UCS-HD600G15K12G', 'UCS-HD600G10KS4K', 'UCS-HD12T10KS2-E', 'UCS-HD18TB10KS4K11.8', 'UCS-HD1T7K12GA', 'UCS-HD18TB10KS4K', 'UCS-HD900G15K12G', 'UCS-HDD300GI2F105', 'UCS-HDD900GI2F106', 'UCS-HD900G10K12G', 'UCS-HD600G10K12G', 'UCS-HD300G10K12G']",32GB,2400,2,4,DDR4,RDIMM,ECC,1.2V,STD,1,,,is_encoded,c220m4-sff-spec-sheet.pdf,https://www.cisco.com/c/dam/en/us/products/collateral/servers-unified-computing/ucs-c-series-rack-servers/c220m4-sff-spec-sheet.pdf,https://www.cisco.com/c/dam/en/us/products/collateral/servers-unified-computing/ucs-c-series-rack-servers/c220m4-sff-spec-sheet.pdf,,,32D4ER24240012S1,2Rx4,"('1Rx4', '2Rx4', '8Rx4')",,,,
Cisco,UCS-MR-1X322RV-A,Cisco UCS C220 M4 SFF Rack Server,Cisco,UCS,C220 M4 SFF,UCS-MR-1X322RV-A 32GB DDR4-2400-MHz RDIMM/PC4-19200/dual rank/x4 1.2 V 2,['24'],,,,,,memory,"['E5-2643 v4', 'E5-2698 v4', 'E5-2640 v3', 'E5-2683 v4', 'E5-2699 v4', 'E5-2650 v4', 'E5-2658 v4', 'E5-2660 v4', 'E5-2658 v3', 'E5-2623 v4', 'E5-2600 v4', 'E5-2640 v4', 'E5-2600 v3', 'E5-2697 v4', 'E5-2630L v4', 'E5-2637 v4', 'E5-2620 v4', 'E5-2680 v3', 'E5-2695 v4', 'E5-2620 v3', 'E5-2609 v4', 'E52680E', 'E5-2667 v4', 'E5-2697A v4', 'E5-2609 v3', 'E5-2680 v4', 'E5-2650L v4', 'E5-2630 v4', 'E5-2690 v4', 'E5-2699A v4']","['UCS-MR-1X081RV-A', 'UCS-MR-1X081RU-A', 'UCS-MR-1X322RV-A', 'UCS-MR-1X161RV-A', 'UCS-MR-1X162RU-A', 'UCS-MR-1X162RV-A', 'UCS-MR-1X322RVA-S', 'UCS-MR-1X322RU-A', 'UCS-MR-1X648RU-A']","['UCS-SD480GSAS-EV', 'UCS-SD16TBMS4-EV', 'UCS-SD120GBKS4-EV', 'UCS-SD960GBMS4-EV', 'UCS-SD480GBKS4-EV', 'UCS-SD480G12S3-EP', 'UCS-SD19TBMS4-EV', 'UCS-SD800G12S4-EP', 'UCS-SD38TBIS6-EV', 'UCS-SD960GBM1K9', 'UCS-SD38TBKS4-EV', 'UCS-SD800GBEK9', 'UCS-SD480GBE1K9', 'UCS-SD400G0KS2-EP', 'UCS-SD960GBKS4-EV', 'UCS-SD240GBM1K9', 'UCS-SD16T12S2-EP', 'UCS-SD800G0KS2-EP', 'UCS-SD16TB12S3-EP', 'UCS-SD200G12S3-EP', 'UCS-SD16TBKS4-EV', 'UCS-SD800GSAS3-EP', 'UCS-SD19TSAS-EV', 'UCS-SD400GBEK9', 'UCS-SD400GBHK9', 'UCS-SD76TBMS4-EV', 'UCS-SD480GBIS6-EV', 'UCS-SD960GBE1K9', 'UCS-SD400G12S2-EP', 'UCS-SD240GBMS4-EV', 'UCS-SD800G12S3-EP', 'UCS-SD480G0KS2-EV', 'UCS-SD960GIKS4-EV', 'UCS-SD38TSAS-EV', 'UCS-SD480GBKSS-EV', 'UCS-SD960GIS3-EP', 'UCS-SD38TBMS4-EV', 'UCS-SD16TSASS3-EP', 'UCS-SD800GBHK9', 'UCS-SD480GIS3-EP', 'UCS-SD120GBE1K9', 'UCS-SD16TBEK9', 'UCS-SD400GSAS3-EP', 'UCS-SD480GBMS4-EV', 'UCS-SD19TIS3-EP', 'UCS-SD200G0KS2-EP', 'UCS-SD960GSAS-EV', 'UCS-SD16TB12S4-EP', 'UCS-SD32TSASS3-EP', 'UCS-SD120G0KS2-EV', 'UCS-SD960GBIS6-EV', 'UCS-SD150GBKS4-EV', 'UCS-SD16TBHK9', 'UCS-SD38TBM1K9', 'UCS-SD19TBKSS-EV', 'UCS-SD120GBMS4-EV', 'UCS-SD240G0KS2-EV', 'UCS-SD960G0KS2-EV', 'UCS-SD240GBKS4-EV', 'UCS-SD600GBE3K9', 'UCS-SD400G12S4-EP']","['UCS-HD600G15K9', 'UCS-HD1T7KS2-E', 'UCS-HD1T7K12G', 'UCS-HD12TB10K12G', 'UCS-HD2T7K12G', 'UCS-HD300G15K12G', 'UCS-HD450G15KS2-E', 'UCS-HD18G10K9', 'UCS-HD12G10K9', 'UCS-HD1T7K6GA', 'UCS-HD300G10K9', 'UCS-HD600G15KS2-E', 'UCS-HD450G15K12G', 'UCS-HD600G15K12G', 'UCS-HD600G10KS4K', 'UCS-HD12T10KS2-E', 'UCS-HD18TB10KS4K11.8', 'UCS-HD1T7K12GA', 'UCS-HD18TB10KS4K', 'UCS-HD900G15K12G', 'UCS-HDD300GI2F105', 'UCS-HDD900GI2F106', 'UCS-HD900G10K12G', 'UCS-HD600G10K12G', 'UCS-HD300G10K12G']",32GB,2400,2,4,DDR4,RDIMM,ECC,1.2V,STD,1,,,is_encoded,c220m4-sff-spec-sheet.pdf,https://www.cisco.com/c/dam/en/us/products/collateral/servers-unified-computing/ucs-c-series-rack-servers/c220m4-sff-spec-sheet.pdf,https://www.cisco.com/c/dam/en/us/products/collateral/servers-unified-computing/ucs-c-series-rack-servers/c220m4-sff-spec-sheet.pdf,,,32D4ER24240012S1,2Rx4,"('1Rx4', '2Rx4', '8Rx4')",,,,
Cisco,UCS-MR-1X322RU-A,Cisco UCS C220 M4 SFF Rack Server,Cisco,UCS,C220 M4 SFF,UCS-MR-1X322RU-A 32GB DDR4-2133-MHz RDIMM/PC4-17000/dual rank/x4/1.2v,['24'],,,,,,memory,"['E5-2643 v4', 'E5-2698 v4', 'E5-2640 v3', 'E5-2683 v4', 'E5-2699 v4', 'E5-2650 v4', 'E5-2658 v4', 'E5-2660 v4', 'E5-2658 v3', 'E5-2623 v4', 'E5-2600 v4', 'E5-2640 v4', 'E5-2600 v3', 'E5-2697 v4', 'E5-2630L v4', 'E5-2637 v4', 'E5-2620 v4', 'E5-2680 v3', 'E5-2695 v4', 'E5-2620 v3', 'E5-2609 v4', 'E52680E', 'E5-2667 v4', 'E5-2697A v4', 'E5-2609 v3', 'E5-2680 v4', 'E5-2650L v4', 'E5-2630 v4', 'E5-2690 v4', 'E5-2699A v4']","['UCS-MR-1X081RV-A', 'UCS-MR-1X081RU-A', 'UCS-MR-1X322RV-A', 'UCS-MR-1X161RV-A', 'UCS-MR-1X162RU-A', 'UCS-MR-1X162RV-A', 'UCS-MR-1X322RVA-S', 'UCS-MR-1X322RU-A', 'UCS-MR-1X648RU-A']","['UCS-SD480GSAS-EV', 'UCS-SD16TBMS4-EV', 'UCS-SD120GBKS4-EV', 'UCS-SD960GBMS4-EV', 'UCS-SD480GBKS4-EV', 'UCS-SD480G12S3-EP', 'UCS-SD19TBMS4-EV', 'UCS-SD800G12S4-EP', 'UCS-SD38TBIS6-EV', 'UCS-SD960GBM1K9', 'UCS-SD38TBKS4-EV', 'UCS-SD800GBEK9', 'UCS-SD480GBE1K9', 'UCS-SD400G0KS2-EP', 'UCS-SD960GBKS4-EV', 'UCS-SD240GBM1K9', 'UCS-SD16T12S2-EP', 'UCS-SD800G0KS2-EP', 'UCS-SD16TB12S3-EP', 'UCS-SD200G12S3-EP', 'UCS-SD16TBKS4-EV', 'UCS-SD800GSAS3-EP', 'UCS-SD19TSAS-EV', 'UCS-SD400GBEK9', 'UCS-SD400GBHK9', 'UCS-SD76TBMS4-EV', 'UCS-SD480GBIS6-EV', 'UCS-SD960GBE1K9', 'UCS-SD400G12S2-EP', 'UCS-SD240GBMS4-EV', 'UCS-SD800G12S3-EP', 'UCS-SD480G0KS2-EV', 'UCS-SD960GIKS4-EV', 'UCS-SD38TSAS-EV', 'UCS-SD480GBKSS-EV', 'UCS-SD960GIS3-EP', 'UCS-SD38TBMS4-EV', 'UCS-SD16TSASS3-EP', 'UCS-SD800GBHK9', 'UCS-SD480GIS3-EP', 'UCS-SD120GBE1K9', 'UCS-SD16TBEK9', 'UCS-SD400GSAS3-EP', 'UCS-SD480GBMS4-EV', 'UCS-SD19TIS3-EP', 'UCS-SD200G0KS2-EP', 'UCS-SD960GSAS-EV', 'UCS-SD16TB12S4-EP', 'UCS-SD32TSASS3-EP', 'UCS-SD120G0KS2-EV', 'UCS-SD960GBIS6-EV', 'UCS-SD150GBKS4-EV', 'UCS-SD16TBHK9', 'UCS-SD38TBM1K9', 'UCS-SD19TBKSS-EV', 'UCS-SD120GBMS4-EV', 'UCS-SD240G0KS2-EV', 'UCS-SD960G0KS2-EV', 'UCS-SD240GBKS4-EV', 'UCS-SD600GBE3K9', 'UCS-SD400G12S4-EP']","['UCS-HD600G15K9', 'UCS-HD1T7KS2-E', 'UCS-HD1T7K12G', 'UCS-HD12TB10K12G', 'UCS-HD2T7K12G', 'UCS-HD300G15K12G', 'UCS-HD450G15KS2-E', 'UCS-HD18G10K9', 'UCS-HD12G10K9', 'UCS-HD1T7K6GA', 'UCS-HD300G10K9', 'UCS-HD600G15KS2-E', 'UCS-HD450G15K12G', 'UCS-HD600G15K12G', 'UCS-HD600G10KS4K', 'UCS-HD12T10KS2-E', 'UCS-HD18TB10KS4K11.8', 'UCS-HD1T7K12GA', 'UCS-HD18TB10KS4K', 'UCS-HD900G15K12G', 'UCS-HDD300GI2F105', 'UCS-HDD900GI2F106', 'UCS-HD900G10K12G', 'UCS-HD600G10K12G', 'UCS-HD300G10K12G']",32GB,2133,2,4,DDR4,RDIMM,ECC,1.2V,STD,1,,,is_encoded,c220m4-sff-spec-sheet.pdf,https://www.cisco.com/c/dam/en/us/products/collateral/servers-unified-computing/ucs-c-series-rack-servers/c220m4-sff-spec-sheet.pdf,https://www.cisco.com/c/dam/en/us/products/collateral/servers-unified-computing/ucs-c-series-rack-servers/c220m4-sff-spec-sheet.pdf,,,32D4ER24213312S1,2Rx4,"('1Rx4', '2Rx4', '8Rx4')",,,,
Cisco,UCS-MR-1X162RV-A,Cisco UCS C220 M4 SFF Rack Server,Cisco,UCS,C220 M4 SFF,UCS-MR-1X162RV-A 16GB DDR4-2400-MHz RDIMM/PC4-19200/dual rank/x4 1.2 V 2,['24'],,,,,,memory,"['E5-2643 v4', 'E5-2698 v4', 'E5-2640 v3', 'E5-2683 v4', 'E5-2699 v4', 'E5-2650 v4', 'E5-2658 v4', 'E5-2660 v4', 'E5-2658 v3', 'E5-2623 v4', 'E5-2600 v4', 'E5-2640 v4', 'E5-2600 v3', 'E5-2697 v4', 'E5-2630L v4', 'E5-2637 v4', 'E5-2620 v4', 'E5-2680 v3', 'E5-2695 v4', 'E5-2620 v3', 'E5-2609 v4', 'E52680E', 'E5-2667 v4', 'E5-2697A v4', 'E5-2609 v3', 'E5-2680 v4', 'E5-2650L v4', 'E5-2630 v4', 'E5-2690 v4', 'E5-2699A v4']","['UCS-MR-1X081RV-A', 'UCS-MR-1X081RU-A', 'UCS-MR-1X322RV-A', 'UCS-MR-1X161RV-A', 'UCS-MR-1X162RU-A', 'UCS-MR-1X162RV-A', 'UCS-MR-1X322RVA-S', 'UCS-MR-1X322RU-A', 'UCS-MR-1X648RU-A']","['UCS-SD480GSAS-EV', 'UCS-SD16TBMS4-EV', 'UCS-SD120GBKS4-EV', 'UCS-SD960GBMS4-EV', 'UCS-SD480GBKS4-EV', 'UCS-SD480G12S3-EP', 'UCS-SD19TBMS4-EV', 'UCS-SD800G12S4-EP', 'UCS-SD38TBIS6-EV', 'UCS-SD960GBM1K9', 'UCS-SD38TBKS4-EV', 'UCS-SD800GBEK9', 'UCS-SD480GBE1K9', 'UCS-SD400G0KS2-EP', 'UCS-SD960GBKS4-EV', 'UCS-SD240GBM1K9', 'UCS-SD16T12S2-EP', 'UCS-SD800G0KS2-EP', 'UCS-SD16TB12S3-EP', 'UCS-SD200G12S3-EP', 'UCS-SD16TBKS4-EV', 'UCS-SD800GSAS3-EP', 'UCS-SD19TSAS-EV', 'UCS-SD400GBEK9', 'UCS-SD400GBHK9', 'UCS-SD76TBMS4-EV', 'UCS-SD480GBIS6-EV', 'UCS-SD960GBE1K9', 'UCS-SD400G12S2-EP', 'UCS-SD240GBMS4-EV', 'UCS-SD800G12S3-EP', 'UCS-SD480G0KS2-EV', 'UCS-SD960GIKS4-EV', 'UCS-SD38TSAS-EV', 'UCS-SD480GBKSS-EV', 'UCS-SD960GIS3-EP', 'UCS-SD38TBMS4-EV', 'UCS-SD16TSASS3-EP', 'UCS-SD800GBHK9', 'UCS-SD480GIS3-EP', 'UCS-SD120GBE1K9', 'UCS-SD16TBEK9', 'UCS-SD400GSAS3-EP', 'UCS-SD480GBMS4-EV', 'UCS-SD19TIS3-EP', 'UCS-SD200G0KS2-EP', 'UCS-SD960GSAS-EV', 'UCS-SD16TB12S4-EP', 'UCS-SD32TSASS3-EP', 'UCS-SD120G0KS2-EV', 'UCS-SD960GBIS6-EV', 'UCS-SD150GBKS4-EV', 'UCS-SD16TBHK9', 'UCS-SD38TBM1K9', 'UCS-SD19TBKSS-EV', 'UCS-SD120GBMS4-EV', 'UCS-SD240G0KS2-EV', 'UCS-SD960G0KS2-EV', 'UCS-SD240GBKS4-EV', 'UCS-SD600GBE3K9', 'UCS-SD400G12S4-EP']","['UCS-HD600G15K9', 'UCS-HD1T7KS2-E', 'UCS-HD1T7K12G', 'UCS-HD12TB10K12G', 'UCS-HD2T7K12G', 'UCS-HD300G15K12G', 'UCS-HD450G15KS2-E', 'UCS-HD18G10K9', 'UCS-HD12G10K9', 'UCS-HD1T7K6GA', 'UCS-HD300G10K9', 'UCS-HD600G15KS2-E', 'UCS-HD450G15K12G', 'UCS-HD600G15K12G', 'UCS-HD600G10KS4K', 'UCS-HD12T10KS2-E', 'UCS-HD18TB10KS4K11.8', 'UCS-HD1T7K12GA', 'UCS-HD18TB10KS4K', 'UCS-HD900G15K12G', 'UCS-HDD300GI2F105', 'UCS-HDD900GI2F106', 'UCS-HD900G10K12G', 'UCS-HD600G10K12G', 'UCS-HD300G10K12G']",16GB,2400,2,4,DDR4,RDIMM,ECC,1.2V,STD,1,,,is_encoded,c220m4-sff-spec-sheet.pdf,https://www.cisco.com/c/dam/en/us/products/collateral/servers-unified-computing/ucs-c-series-rack-servers/c220m4-sff-spec-sheet.pdf,https://www.cisco.com/c/dam/en/us/products/collateral/servers-unified-computing/ucs-c-series-rack-servers/c220m4-sff-spec-sheet.pdf,,,16D4ER24240012S1,2Rx4,"('1Rx4', '2Rx4', '8Rx4')",,,,
Cisco,UCS-MR-1X162RV-A,Cisco UCS C220 M4 SFF Rack Server,Cisco,UCS,C220 M4 SFF,UCS-MR-1X162RV-A 16GB DDR4-2400-MHz RDIMM/PC4-19200/dual rank/x4/1.2v,['24'],,,,,,memory,"['E5-2643 v4', 'E5-2698 v4', 'E5-2640 v3', 'E5-2683 v4', 'E5-2699 v4', 'E5-2650 v4', 'E5-2658 v4', 'E5-2660 v4', 'E5-2658 v3', 'E5-2623 v4', 'E5-2600 v4', 'E5-2640 v4', 'E5-2600 v3', 'E5-2697 v4', 'E5-2630L v4', 'E5-2637 v4', 'E5-2620 v4', 'E5-2680 v3', 'E5-2695 v4', 'E5-2620 v3', 'E5-2609 v4', 'E52680E', 'E5-2667 v4', 'E5-2697A v4', 'E5-2609 v3', 'E5-2680 v4', 'E5-2650L v4', 'E5-2630 v4', 'E5-2690 v4', 'E5-2699A v4']","['UCS-MR-1X081RV-A', 'UCS-MR-1X081RU-A', 'UCS-MR-1X322RV-A', 'UCS-MR-1X161RV-A', 'UCS-MR-1X162RU-A', 'UCS-MR-1X162RV-A', 'UCS-MR-1X322RVA-S', 'UCS-MR-1X322RU-A', 'UCS-MR-1X648RU-A']","['UCS-SD480GSAS-EV', 'UCS-SD16TBMS4-EV', 'UCS-SD120GBKS4-EV', 'UCS-SD960GBMS4-EV', 'UCS-SD480GBKS4-EV', 'UCS-SD480G12S3-EP', 'UCS-SD19TBMS4-EV', 'UCS-SD800G12S4-EP', 'UCS-SD38TBIS6-EV', 'UCS-SD960GBM1K9', 'UCS-SD38TBKS4-EV', 'UCS-SD800GBEK9', 'UCS-SD480GBE1K9', 'UCS-SD400G0KS2-EP', 'UCS-SD960GBKS4-EV', 'UCS-SD240GBM1K9', 'UCS-SD16T12S2-EP', 'UCS-SD800G0KS2-EP', 'UCS-SD16TB12S3-EP', 'UCS-SD200G12S3-EP', 'UCS-SD16TBKS4-EV', 'UCS-SD800GSAS3-EP', 'UCS-SD19TSAS-EV', 'UCS-SD400GBEK9', 'UCS-SD400GBHK9', 'UCS-SD76TBMS4-EV', 'UCS-SD480GBIS6-EV', 'UCS-SD960GBE1K9', 'UCS-SD400G12S2-EP', 'UCS-SD240GBMS4-EV', 'UCS-SD800G12S3-EP', 'UCS-SD480G0KS2-EV', 'UCS-SD960GIKS4-EV', 'UCS-SD38TSAS-EV', 'UCS-SD480GBKSS-EV', 'UCS-SD960GIS3-EP', 'UCS-SD38TBMS4-EV', 'UCS-SD16TSASS3-EP', 'UCS-SD800GBHK9', 'UCS-SD480GIS3-EP', 'UCS-SD120GBE1K9', 'UCS-SD16TBEK9', 'UCS-SD400GSAS3-EP', 'UCS-SD480GBMS4-EV', 'UCS-SD19TIS3-EP', 'UCS-SD200G0KS2-EP', 'UCS-SD960GSAS-EV', 'UCS-SD16TB12S4-EP', 'UCS-SD32TSASS3-EP', 'UCS-SD120G0KS2-EV', 'UCS-SD960GBIS6-EV', 'UCS-SD150GBKS4-EV', 'UCS-SD16TBHK9', 'UCS-SD38TBM1K9', 'UCS-SD19TBKSS-EV', 'UCS-SD120GBMS4-EV', 'UCS-SD240G0KS2-EV', 'UCS-SD960G0KS2-EV', 'UCS-SD240GBKS4-EV', 'UCS-SD600GBE3K9', 'UCS-SD400G12S4-EP']","['UCS-HD600G15K9', 'UCS-HD1T7KS2-E', 'UCS-HD1T7K12G', 'UCS-HD12TB10K12G', 'UCS-HD2T7K12G', 'UCS-HD300G15K12G', 'UCS-HD450G15KS2-E', 'UCS-HD18G10K9', 'UCS-HD12G10K9', 'UCS-HD1T7K6GA', 'UCS-HD300G10K9', 'UCS-HD600G15KS2-E', 'UCS-HD450G15K12G', 'UCS-HD600G15K12G', 'UCS-HD600G10KS4K', 'UCS-HD12T10KS2-E', 'UCS-HD18TB10KS4K11.8', 'UCS-HD1T7K12GA', 'UCS-HD18TB10KS4K', 'UCS-HD900G15K12G', 'UCS-HDD300GI2F105', 'UCS-HDD900GI2F106', 'UCS-HD900G10K12G', 'UCS-HD600G10K12G', 'UCS-HD300G10K12G']",16GB,2400,2,4,DDR4,RDIMM,ECC,1.2V,STD,1,,,is_encoded,c220m4-sff-spec-sheet.pdf,https://www.cisco.com/c/dam/en/us/products/collateral/servers-unified-computing/ucs-c-series-rack-servers/c220m4-sff-spec-sheet.pdf,https://www.cisco.com/c/dam/en/us/products/collateral/servers-unified-computing/ucs-c-series-rack-servers/c220m4-sff-spec-sheet.pdf,,,16D4ER24240012S1,2Rx4,"('1Rx4', '2Rx4', '8Rx4')",,,,
Cisco,UCS-MR-1X162RU-A,Cisco UCS C220 M4 SFF Rack Server,Cisco,UCS,C220 M4 SFF,UCS-MR-1X162RU-A 16GB DDR4-2133-MHz RDIMM/PC4-17000/dual rank/x4/1.2v,['24'],,,,,,memory,"['E5-2643 v4', 'E5-2698 v4', 'E5-2640 v3', 'E5-2683 v4', 'E5-2699 v4', 'E5-2650 v4', 'E5-2658 v4', 'E5-2660 v4', 'E5-2658 v3', 'E5-2623 v4', 'E5-2600 v4', 'E5-2640 v4', 'E5-2600 v3', 'E5-2697 v4', 'E5-2630L v4', 'E5-2637 v4', 'E5-2620 v4', 'E5-2680 v3', 'E5-2695 v4', 'E5-2620 v3', 'E5-2609 v4', 'E52680E', 'E5-2667 v4', 'E5-2697A v4', 'E5-2609 v3', 'E5-2680 v4', 'E5-2650L v4', 'E5-2630 v4', 'E5-2690 v4', 'E5-2699A v4']","['UCS-MR-1X081RV-A', 'UCS-MR-1X081RU-A', 'UCS-MR-1X322RV-A', 'UCS-MR-1X161RV-A', 'UCS-MR-1X162RU-A', 'UCS-MR-1X162RV-A', 'UCS-MR-1X322RVA-S', 'UCS-MR-1X322RU-A', 'UCS-MR-1X648RU-A']","['UCS-SD480GSAS-EV', 'UCS-SD16TBMS4-EV', 'UCS-SD120GBKS4-EV', 'UCS-SD960GBMS4-EV', 'UCS-SD480GBKS4-EV', 'UCS-SD480G12S3-EP', 'UCS-SD19TBMS4-EV', 'UCS-SD800G12S4-EP', 'UCS-SD38TBIS6-EV', 'UCS-SD960GBM1K9', 'UCS-SD38TBKS4-EV', 'UCS-SD800GBEK9', 'UCS-SD480GBE1K9', 'UCS-SD400G0KS2-EP', 'UCS-SD960GBKS4-EV', 'UCS-SD240GBM1K9', 'UCS-SD16T12S2-EP', 'UCS-SD800G0KS2-EP', 'UCS-SD16TB12S3-EP', 'UCS-SD200G12S3-EP', 'UCS-SD16TBKS4-EV', 'UCS-SD800GSAS3-EP', 'UCS-SD19TSAS-EV', 'UCS-SD400GBEK9', 'UCS-SD400GBHK9', 'UCS-SD76TBMS4-EV', 'UCS-SD480GBIS6-EV', 'UCS-SD960GBE1K9', 'UCS-SD400G12S2-EP', 'UCS-SD240GBMS4-EV', 'UCS-SD800G12S3-EP', 'UCS-SD480G0KS2-EV', 'UCS-SD960GIKS4-EV', 'UCS-SD38TSAS-EV', 'UCS-SD480GBKSS-EV', 'UCS-SD960GIS3-EP', 'UCS-SD38TBMS4-EV', 'UCS-SD16TSASS3-EP', 'UCS-SD800GBHK9', 'UCS-SD480GIS3-EP', 'UCS-SD120GBE1K9', 'UCS-SD16TBEK9', 'UCS-SD400GSAS3-EP', 'UCS-SD480GBMS4-EV', 'UCS-SD19TIS3-EP', 'UCS-SD200G0KS2-EP', 'UCS-SD960GSAS-EV', 'UCS-SD16TB12S4-EP', 'UCS-SD32TSASS3-EP', 'UCS-SD120G0KS2-EV', 'UCS-SD960GBIS6-EV', 'UCS-SD150GBKS4-EV', 'UCS-SD16TBHK9', 'UCS-SD38TBM1K9', 'UCS-SD19TBKSS-EV', 'UCS-SD120GBMS4-EV', 'UCS-SD240G0KS2-EV', 'UCS-SD960G0KS2-EV', 'UCS-SD240GBKS4-EV', 'UCS-SD600GBE3K9', 'UCS-SD400G12S4-EP']","['UCS-HD600G15K9', 'UCS-HD1T7KS2-E', 'UCS-HD1T7K12G', 'UCS-HD12TB10K12G', 'UCS-HD2T7K12G', 'UCS-HD300G15K12G', 'UCS-HD450G15KS2-E', 'UCS-HD18G10K9', 'UCS-HD12G10K9', 'UCS-HD1T7K6GA', 'UCS-HD300G10K9', 'UCS-HD600G15KS2-E', 'UCS-HD450G15K12G', 'UCS-HD600G15K12G', 'UCS-HD600G10KS4K', 'UCS-HD12T10KS2-E', 'UCS-HD18TB10KS4K11.8', 'UCS-HD1T7K12GA', 'UCS-HD18TB10KS4K', 'UCS-HD900G15K12G', 'UCS-HDD300GI2F105', 'UCS-HDD900GI2F106', 'UCS-HD900G10K12G', 'UCS-HD600G10K12G', 'UCS-HD300G10K12G']",16GB,2133,2,4,DDR4,RDIMM,ECC,1.2V,STD,1,,,is_encoded,c220m4-sff-spec-sheet.pdf,https://www.cisco.com/c/dam/en/us/products/collateral/servers-unified-computing/ucs-c-series-rack-servers/c220m4-sff-spec-sheet.pdf,https://www.cisco.com/c/dam/en/us/products/collateral/servers-unified-computing/ucs-c-series-rack-servers/c220m4-sff-spec-sheet.pdf,,,16D4ER24213312S1,2Rx4,"('1Rx4', '2Rx4', '8Rx4')",,,,
Cisco,UCS-MR-1X162RU-A,Cisco UCS C220 M4 SFF Rack Server,Cisco,UCS,C220 M4 SFF,UCS-MR-1X162RU-A 16GB DDR4-2133-MHz RDIMM/PC4-17000/dual rank/x4/1.2v,['24'],,,,,,memory,"['E5-2643 v4', 'E5-2698 v4', 'E5-2640 v3', 'E5-2683 v4', 'E5-2699 v4', 'E5-2650 v4', 'E5-2658 v4', 'E5-2660 v4', 'E5-2658 v3', 'E5-2623 v4', 'E5-2600 v4', 'E5-2640 v4', 'E5-2600 v3', 'E5-2697 v4', 'E5-2630L v4', 'E5-2637 v4', 'E5-2620 v4', 'E5-2680 v3', 'E5-2695 v4', 'E5-2620 v3', 'E5-2609 v4', 'E52680E', 'E5-2667 v4', 'E5-2697A v4', 'E5-2609 v3', 'E5-2680 v4', 'E5-2650L v4', 'E5-2630 v4', 'E5-2690 v4', 'E5-2699A v4']","['UCS-MR-1X081RV-A', 'UCS-MR-1X081RU-A', 'UCS-MR-1X322RV-A', 'UCS-MR-1X161RV-A', 'UCS-MR-1X162RU-A', 'UCS-MR-1X162RV-A', 'UCS-MR-1X322RVA-S', 'UCS-MR-1X322RU-A', 'UCS-MR-1X648RU-A']","['UCS-SD480GSAS-EV', 'UCS-SD16TBMS4-EV', 'UCS-SD120GBKS4-EV', 'UCS-SD960GBMS4-EV', 'UCS-SD480GBKS4-EV', 'UCS-SD480G12S3-EP', 'UCS-SD19TBMS4-EV', 'UCS-SD800G12S4-EP', 'UCS-SD38TBIS6-EV', 'UCS-SD960GBM1K9', 'UCS-SD38TBKS4-EV', 'UCS-SD800GBEK9', 'UCS-SD480GBE1K9', 'UCS-SD400G0KS2-EP', 'UCS-SD960GBKS4-EV', 'UCS-SD240GBM1K9', 'UCS-SD16T12S2-EP', 'UCS-SD800G0KS2-EP', 'UCS-SD16TB12S3-EP', 'UCS-SD200G12S3-EP', 'UCS-SD16TBKS4-EV', 'UCS-SD800GSAS3-EP', 'UCS-SD19TSAS-EV', 'UCS-SD400GBEK9', 'UCS-SD400GBHK9', 'UCS-SD76TBMS4-EV', 'UCS-SD480GBIS6-EV', 'UCS-SD960GBE1K9', 'UCS-SD400G12S2-EP', 'UCS-SD240GBMS4-EV', 'UCS-SD800G12S3-EP', 'UCS-SD480G0KS2-EV', 'UCS-SD960GIKS4-EV', 'UCS-SD38TSAS-EV', 'UCS-SD480GBKSS-EV', 'UCS-SD960GIS3-EP', 'UCS-SD38TBMS4-EV', 'UCS-SD16TSASS3-EP', 'UCS-SD800GBHK9', 'UCS-SD480GIS3-EP', 'UCS-SD120GBE1K9', 'UCS-SD16TBEK9', 'UCS-SD400GSAS3-EP', 'UCS-SD480GBMS4-EV', 'UCS-SD19TIS3-EP', 'UCS-SD200G0KS2-EP', 'UCS-SD960GSAS-EV', 'UCS-SD16TB12S4-EP', 'UCS-SD32TSASS3-EP', 'UCS-SD120G0KS2-EV', 'UCS-SD960GBIS6-EV', 'UCS-SD150GBKS4-EV', 'UCS-SD16TBHK9', 'UCS-SD38TBM1K9', 'UCS-SD19TBKSS-EV', 'UCS-SD120GBMS4-EV', 'UCS-SD240G0KS2-EV', 'UCS-SD960G0KS2-EV', 'UCS-SD240GBKS4-EV', 'UCS-SD600GBE3K9', 'UCS-SD400G12S4-EP']","['UCS-HD600G15K9', 'UCS-HD1T7KS2-E', 'UCS-HD1T7K12G', 'UCS-HD12TB10K12G', 'UCS-HD2T7K12G', 'UCS-HD300G15K12G', 'UCS-HD450G15KS2-E', 'UCS-HD18G10K9', 'UCS-HD12G10K9', 'UCS-HD1T7K6GA', 'UCS-HD300G10K9', 'UCS-HD600G15KS2-E', 'UCS-HD450G15K12G', 'UCS-HD600G15K12G', 'UCS-HD600G10KS4K', 'UCS-HD12T10KS2-E', 'UCS-HD18TB10KS4K11.8', 'UCS-HD1T7K12GA', 'UCS-HD18TB10KS4K', 'UCS-HD900G15K12G', 'UCS-HDD300GI2F105', 'UCS-HDD900GI2F106', 'UCS-HD900G10K12G', 'UCS-HD600G10K12G', 'UCS-HD300G10K12G']",16GB,2133,2,4,DDR4,RDIMM,ECC,1.2V,STD,1,,,is_encoded,c220m4-sff-spec-sheet.pdf,https://www.cisco.com/c/dam/en/us/products/collateral/servers-unified-computing/ucs-c-series-rack-servers/c220m4-sff-spec-sheet.pdf,https://www.cisco.com/c/dam/en/us/products/collateral/servers-unified-computing/ucs-c-series-rack-servers/c220m4-sff-spec-sheet.pdf,,,16D4ER24213312S1,2Rx4,"('1Rx4', '2Rx4', '8Rx4')",,,,
Cisco,UCS-MR-X8G1RS-H,Cisco UCS C220 M5 LFF Rack Server,Cisco,UCS,C220 M5 LFF,UCS-MR-X8G1RS-H 8GB DDR4-2666-MHz RDIMM/PC4-21300/single rank/x4/1.2v,['24'],,,,,,memory,"['6226', '6238', '6246R', '4215', '8276L', '6240R', '5222', '6242R', '6226R', '6230R', '4215R', '8260M', '8276', '5218B', '6262V', '8260L', '8280M', '8260', '8280L', '6240Y', '6240M', '8268', '5218R', '6250', '4216', '6246', '8270', '6252N', '6258R', '4214R', '6244', '6240', '5215M', '4214', '8280', '5218N', '5217', '5220R', '5218', '5220', '8276M', '6238M', '6240L', '6254', '8253', '4214Y', '6252', '6242', '5220S', '4210', '6248', '6230', '6238R', '5215', '8260Y', '6222V', '4210R', '3206R', '6230N', '3204', '6234', '6238L', '4208', '6248R', '5215L']","['UCS-MR-X16G1RW=', 'UCS-MR-128G8RS-H', 'UCS-MR-X64G2RW=', 'UCS-MR-X32G2RT-H', 'UCS-MR-X16G1RS-H', 'UCS-MR-X16G1RW1', 'UCS-MR-X64G2RT-H', 'UCS-MR-X32G2RS-H', 'UCS-MR-X8G1RS-H', 'UCS-MR-X32G2RW1', 'UCS-MR-X16G2RS-H', 'UCS-MR-X32G2RW=', 'UCS-MR-X32G2RSHM', 'UCS-MR-X64G4RS-H', 'UCS-MR-X16G1RSHM', 'UCS-MR-X16G1RT-H', 'UCS-MR-X64G2RW1', 'UCS-MR-X32G2RSHS']","['UCS-SD960G2HTNK9', 'UCS-SD32TKA3X-EP', 'UCS-SD800GBCNK9', 'UCS-SD400GBCNK9', 'UCS-SD480G61X-EV', 'UCS-SD240G61X-EV']","['UCS-HD16TW7KL4KN', 'UCS-HD10T7K4KAN=', 'UCS-HD14TW7KL4KN', 'UCS-HD6T7KL4KN=', 'UCS-HD12T7KL4KN', 'UCS-HD14TT7KL4KN=', 'UCS-HD16TW7KL4KN=', 'UCS-HD12T7KL6GN', 'UCS-HD20TW7KL4KN=', 'UCS-HD12T7KL6GN=', 'UCS-HD4T7KL12N=', 'UCS-HD10T7K6GAN=', 'UCS-HD10T7KL4KN', 'UCS-HD1T7KL12N', 'UCS-HD14TT7KL4KN', 'UCS-HD2T7KL12N=', 'UCS-HD2T7KL6GN', 'UCS-HD4T7KL6GN', 'UCS-HD8T7KL4KN', 'UCS-HD6T7KL6GN', 'UCS-HD8T7K4KAN', 'UCS-HD6T7KL4KN', 'UCS-HD8T7K6GAN', 'UCS-HD10T7K6GAN', 'UCS-HD10T7KLEM', 'UCS-HD10T7K4KAN', 'UCS-HD6T12GANK9=', 'UCS-HD12T7KL4NK9=', 'UCS-HD8T7KL6GN', 'UCS-HD4T12GNK9=', 'UCS-HD18TW7KL4KN=', 'UCS-HD20TW7KL4KN', 'UCS-HD12T7KL4KN=', 'UCS-HD10T7KL6GN', 'UCS-HD4T7KL12N', 'UCS-HD1T7KL6GN', 'UCS-HD12T7KL4NK9', 'UCS-HD18TW7KL4KN', 'UCS-HD8T7K4KAN=', 'UCS-HD8T7K6GAN=', 'UCS-HD22TW7KL4KN', 'UCS-HD2T7KL12N', 'UCS-HD16T7KL4KN', 'UCS-HD6T12GANK9', 'UCS-HD14TW7KL4KN=', 'UCS-HD14T7KL4KN=', 'UCS-HD22TW7KL4KN=', 'UCS-HD16T7KL4KN=', 'UCS-HD14T7KL4KN', 'UCS-HD4T12GNK9']",8GB,2666,1,4,DDR4,RDIMM,ECC,1.2V,STD,1,,,is_encoded,c220m5-lff-specsheet.pdf,https://www.cisco.com/c/dam/en/us/products/collateral/servers-unified-computing/ucs-c-series-rack-servers/c220m5-lff-specsheet.pdf,https://www.cisco.com/c/dam/en/us/products/collateral/servers-unified-computing/ucs-c-series-rack-servers/c220m5-lff-specsheet.pdf,,,8D4ER14266612S1,1Rx4,"('1Rx4', '2Rx4', '8Rx4')",,,,
Cisco,UCS-MR-X16G1RW,Cisco UCS C220 M5 LFF Rack Server,Cisco,UCS,C220 M5 LFF,UCS-MR-X16G1RW1 16 GB DDR4-3200MHz RDIMM 1Rx4 (8Gb) 1.2 V 1 Intel® Optane™ Persistent,['24'],,,,,,memory,"['6226', '6238', '6246R', '4215', '8276L', '6240R', '5222', '6242R', '6226R', '6230R', '4215R', '8260M', '8276', '5218B', '6262V', '8260L', '8280M', '8260', '8280L', '6240Y', '6240M', '8268', '5218R', '6250', '4216', '6246', '8270', '6252N', '6258R', '4214R', '6244', '6240', '5215M', '4214', '8280', '5218N', '5217', '5220R', '5218', '5220', '8276M', '6238M', '6240L', '6254', '8253', '4214Y', '6252', '6242', '5220S', '4210', '6248', '6230', '6238R', '5215', '8260Y', '6222V', '4210R', '3206R', '6230N', '3204', '6234', '6238L', '4208', '6248R', '5215L']","['UCS-MR-X16G1RW=', 'UCS-MR-128G8RS-H', 'UCS-MR-X64G2RW=', 'UCS-MR-X32G2RT-H', 'UCS-MR-X16G1RS-H', 'UCS-MR-X16G1RW1', 'UCS-MR-X64G2RT-H', 'UCS-MR-X32G2RS-H', 'UCS-MR-X8G1RS-H', 'UCS-MR-X32G2RW1', 'UCS-MR-X16G2RS-H', 'UCS-MR-X32G2RW=', 'UCS-MR-X32G2RSHM', 'UCS-MR-X64G4RS-H', 'UCS-MR-X16G1RSHM', 'UCS-MR-X16G1RT-H', 'UCS-MR-X64G2RW1', 'UCS-MR-X32G2RSHS']","['UCS-SD960G2HTNK9', 'UCS-SD32TKA3X-EP', 'UCS-SD800GBCNK9', 'UCS-SD400GBCNK9', 'UCS-SD480G61X-EV', 'UCS-SD240G61X-EV']","['UCS-HD16TW7KL4KN', 'UCS-HD10T7K4KAN=', 'UCS-HD14TW7KL4KN', 'UCS-HD6T7KL4KN=', 'UCS-HD12T7KL4KN', 'UCS-HD14TT7KL4KN=', 'UCS-HD16TW7KL4KN=', 'UCS-HD12T7KL6GN', 'UCS-HD20TW7KL4KN=', 'UCS-HD12T7KL6GN=', 'UCS-HD4T7KL12N=', 'UCS-HD10T7K6GAN=', 'UCS-HD10T7KL4KN', 'UCS-HD1T7KL12N', 'UCS-HD14TT7KL4KN', 'UCS-HD2T7KL12N=', 'UCS-HD2T7KL6GN', 'UCS-HD4T7KL6GN', 'UCS-HD8T7KL4KN', 'UCS-HD6T7KL6GN', 'UCS-HD8T7K4KAN', 'UCS-HD6T7KL4KN', 'UCS-HD8T7K6GAN', 'UCS-HD10T7K6GAN', 'UCS-HD10T7KLEM', 'UCS-HD10T7K4KAN', 'UCS-HD6T12GANK9=', 'UCS-HD12T7KL4NK9=', 'UCS-HD8T7KL6GN', 'UCS-HD4T12GNK9=', 'UCS-HD18TW7KL4KN=', 'UCS-HD20TW7KL4KN', 'UCS-HD12T7KL4KN=', 'UCS-HD10T7KL6GN', 'UCS-HD4T7KL12N', 'UCS-HD1T7KL6GN', 'UCS-HD12T7KL4NK9', 'UCS-HD18TW7KL4KN', 'UCS-HD8T7K4KAN=', 'UCS-HD8T7K6GAN=', 'UCS-HD22TW7KL4KN', 'UCS-HD2T7KL12N', 'UCS-HD16T7KL4KN', 'UCS-HD6T12GANK9', 'UCS-HD14TW7KL4KN=', 'UCS-HD14T7KL4KN=', 'UCS-HD22TW7KL4KN=', 'UCS-HD16T7KL4KN=', 'UCS-HD14T7KL4KN', 'UCS-HD4T12GNK9']",16GB,3200,1,4,DDR4,RDIMM,ECC,1.2V,STD,1,,,is_encoded,c220m5-lff-specsheet.pdf,https://www.cisco.com/c/dam/en/us/products/collateral/servers-unified-computing/ucs-c-series-rack-servers/c220m5-lff-specsheet.pdf,https://www.cisco.com/c/dam/en/us/products/collateral/servers-unified-computing/ucs-c-series-rack-servers/c220m5-lff-specsheet.pdf,,,16D4ER14320012S1,1Rx4,"('1Rx4', '2Rx4', '8Rx4')",,,,
Cisco,UCS-MR-X16G1RW,Cisco UCS C220 M5 LFF Rack Server,Cisco,UCS,C220 M5 LFF,UCS-MR-X16G1RW 16GB DDR4-3200MHz RDIMM 1Rx4 (8Gb),['24'],,,,,,memory,"['6226', '6238', '6246R', '4215', '8276L', '6240R', '5222', '6242R', '6226R', '6230R', '4215R', '8260M', '8276', '5218B', '6262V', '8260L', '8280M', '8260', '8280L', '6240Y', '6240M', '8268', '5218R', '6250', '4216', '6246', '8270', '6252N', '6258R', '4214R', '6244', '6240', '5215M', '4214', '8280', '5218N', '5217', '5220R', '5218', '5220', '8276M', '6238M', '6240L', '6254', '8253', '4214Y', '6252', '6242', '5220S', '4210', '6248', '6230', '6238R', '5215', '8260Y', '6222V', '4210R', '3206R', '6230N', '3204', '6234', '6238L', '4208', '6248R', '5215L']","['UCS-MR-X16G1RW=', 'UCS-MR-128G8RS-H', 'UCS-MR-X64G2RW=', 'UCS-MR-X32G2RT-H', 'UCS-MR-X16G1RS-H', 'UCS-MR-X16G1RW1', 'UCS-MR-X64G2RT-H', 'UCS-MR-X32G2RS-H', 'UCS-MR-X8G1RS-H', 'UCS-MR-X32G2RW1', 'UCS-MR-X16G2RS-H', 'UCS-MR-X32G2RW=', 'UCS-MR-X32G2RSHM', 'UCS-MR-X64G4RS-H', 'UCS-MR-X16G1RSHM', 'UCS-MR-X16G1RT-H', 'UCS-MR-X64G2RW1', 'UCS-MR-X32G2RSHS']","['UCS-SD960G2HTNK9', 'UCS-SD32TKA3X-EP', 'UCS-SD800GBCNK9', 'UCS-SD400GBCNK9', 'UCS-SD480G61X-EV', 'UCS-SD240G61X-EV']","['UCS-HD16TW7KL4KN', 'UCS-HD10T7K4KAN=', 'UCS-HD14TW7KL4KN', 'UCS-HD6T7KL4KN=', 'UCS-HD12T7KL4KN', 'UCS-HD14TT7KL4KN=', 'UCS-HD16TW7KL4KN=', 'UCS-HD12T7KL6GN', 'UCS-HD20TW7KL4KN=', 'UCS-HD12T7KL6GN=', 'UCS-HD4T7KL12N=', 'UCS-HD10T7K6GAN=', 'UCS-HD10T7KL4KN', 'UCS-HD1T7KL12N', 'UCS-HD14TT7KL4KN', 'UCS-HD2T7KL12N=', 'UCS-HD2T7KL6GN', 'UCS-HD4T7KL6GN', 'UCS-HD8T7KL4KN', 'UCS-HD6T7KL6GN', 'UCS-HD8T7K4KAN', 'UCS-HD6T7KL4KN', 'UCS-HD8T7K6GAN', 'UCS-HD10T7K6GAN', 'UCS-HD10T7KLEM', 'UCS-HD10T7K4KAN', 'UCS-HD6T12GANK9=', 'UCS-HD12T7KL4NK9=', 'UCS-HD8T7KL6GN', 'UCS-HD4T12GNK9=', 'UCS-HD18TW7KL4KN=', 'UCS-HD20TW7KL4KN', 'UCS-HD12T7KL4KN=', 'UCS-HD10T7KL6GN', 'UCS-HD4T7KL12N', 'UCS-HD1T7KL6GN', 'UCS-HD12T7KL4NK9', 'UCS-HD18TW7KL4KN', 'UCS-HD8T7K4KAN=', 'UCS-HD8T7K6GAN=', 'UCS-HD22TW7KL4KN', 'UCS-HD2T7KL12N', 'UCS-HD16T7KL4KN', 'UCS-HD6T12GANK9', 'UCS-HD14TW7KL4KN=', 'UCS-HD14T7KL4KN=', 'UCS-HD22TW7KL4KN=', 'UCS-HD16T7KL4KN=', 'UCS-HD14T7KL4KN', 'UCS-HD4T12GNK9']",16GB,3200,1,4,DDR4,RDIMM,ECC,1.2V,STD,1,,,is_encoded,c220m5-lff-specsheet.pdf,https://www.cisco.com/c/dam/en/us/products/collateral/servers-unified-computing/ucs-c-series-rack-servers/c220m5-lff-specsheet.pdf,https://www.cisco.com/c/dam/en/us/products/collateral/servers-unified-computing/ucs-c-series-rack-servers/c220m5-lff-specsheet.pdf,,,16D4ER14320012S1,1Rx4,"('1Rx4', '2Rx4', '8Rx4')",,,,
Cisco,UCS-MR-X16G1RT-H,Cisco UCS C220 M5 LFF Rack Server,Cisco,UCS,C220 M5 LFF,UCS-MR-X16G1RT-H 16GB DDR4-2933MHz RDIMM 1Rx4 (8Gb)/1.2v,['24'],,,,,,memory,"['6226', '6238', '6246R', '4215', '8276L', '6240R', '5222', '6242R', '6226R', '6230R', '4215R', '8260M', '8276', '5218B', '6262V', '8260L', '8280M', '8260', '8280L', '6240Y', '6240M', '8268', '5218R', '6250', '4216', '6246', '8270', '6252N', '6258R', '4214R', '6244', '6240', '5215M', '4214', '8280', '5218N', '5217', '5220R', '5218', '5220', '8276M', '6238M', '6240L', '6254', '8253', '4214Y', '6252', '6242', '5220S', '4210', '6248', '6230', '6238R', '5215', '8260Y', '6222V', '4210R', '3206R', '6230N', '3204', '6234', '6238L', '4208', '6248R', '5215L']","['UCS-MR-X16G1RW=', 'UCS-MR-128G8RS-H', 'UCS-MR-X64G2RW=', 'UCS-MR-X32G2RT-H', 'UCS-MR-X16G1RS-H', 'UCS-MR-X16G1RW1', 'UCS-MR-X64G2RT-H', 'UCS-MR-X32G2RS-H', 'UCS-MR-X8G1RS-H', 'UCS-MR-X32G2RW1', 'UCS-MR-X16G2RS-H', 'UCS-MR-X32G2RW=', 'UCS-MR-X32G2RSHM', 'UCS-MR-X64G4RS-H', 'UCS-MR-X16G1RSHM', 'UCS-MR-X16G1RT-H', 'UCS-MR-X64G2RW1', 'UCS-MR-X32G2RSHS']","['UCS-SD960G2HTNK9', 'UCS-SD32TKA3X-EP', 'UCS-SD800GBCNK9', 'UCS-SD400GBCNK9', 'UCS-SD480G61X-EV', 'UCS-SD240G61X-EV']","['UCS-HD16TW7KL4KN', 'UCS-HD10T7K4KAN=', 'UCS-HD14TW7KL4KN', 'UCS-HD6T7KL4KN=', 'UCS-HD12T7KL4KN', 'UCS-HD14TT7KL4KN=', 'UCS-HD16TW7KL4KN=', 'UCS-HD12T7KL6GN', 'UCS-HD20TW7KL4KN=', 'UCS-HD12T7KL6GN=', 'UCS-HD4T7KL12N=', 'UCS-HD10T7K6GAN=', 'UCS-HD10T7KL4KN', 'UCS-HD1T7KL12N', 'UCS-HD14TT7KL4KN', 'UCS-HD2T7KL12N=', 'UCS-HD2T7KL6GN', 'UCS-HD4T7KL6GN', 'UCS-HD8T7KL4KN', 'UCS-HD6T7KL6GN', 'UCS-HD8T7K4KAN', 'UCS-HD6T7KL4KN', 'UCS-HD8T7K6GAN', 'UCS-HD10T7K6GAN', 'UCS-HD10T7KLEM', 'UCS-HD10T7K4KAN', 'UCS-HD6T12GANK9=', 'UCS-HD12T7KL4NK9=', 'UCS-HD8T7KL6GN', 'UCS-HD4T12GNK9=', 'UCS-HD18TW7KL4KN=', 'UCS-HD20TW7KL4KN', 'UCS-HD12T7KL4KN=', 'UCS-HD10T7KL6GN', 'UCS-HD4T7KL12N', 'UCS-HD1T7KL6GN', 'UCS-HD12T7KL4NK9', 'UCS-HD18TW7KL4KN', 'UCS-HD8T7K4KAN=', 'UCS-HD8T7K6GAN=', 'UCS-HD22TW7KL4KN', 'UCS-HD2T7KL12N', 'UCS-HD16T7KL4KN', 'UCS-HD6T12GANK9', 'UCS-HD14TW7KL4KN=', 'UCS-HD14T7KL4KN=', 'UCS-HD22TW7KL4KN=', 'UCS-HD16T7KL4KN=', 'UCS-HD14T7KL4KN', 'UCS-HD4T12GNK9']",16GB,2933,1,4,DDR4,RDIMM,ECC,1.2V,STD,1,,,is_encoded,c220m5-lff-specsheet.pdf,https://www.cisco.com/c/dam/en/us/products/collateral/servers-unified-computing/ucs-c-series-rack-servers/c220m5-lff-specsheet.pdf,https://www.cisco.com/c/dam/en/us/products/collateral/servers-unified-computing/ucs-c-series-rack-servers/c220m5-lff-specsheet.pdf,,,16D4ER14293312S1,1Rx4,"('1Rx4', '2Rx4', '8Rx4')",,,,
Cisco,UCS-MR-X16G1RSHM,Cisco UCS C220 M5 LFF Rack Server,Cisco,UCS,C220 M5 LFF,UCS-MR-X16G1RSHM 16GB DDR4-2666-MHz RDIMM/single rank/x4/1.2v. Micron only,['24'],,,,,,memory,"['6226', '6238', '6246R', '4215', '8276L', '6240R', '5222', '6242R', '6226R', '6230R', '4215R', '8260M', '8276', '5218B', '6262V', '8260L', '8280M', '8260', '8280L', '6240Y', '6240M', '8268', '5218R', '6250', '4216', '6246', '8270', '6252N', '6258R', '4214R', '6244', '6240', '5215M', '4214', '8280', '5218N', '5217', '5220R', '5218', '5220', '8276M', '6238M', '6240L', '6254', '8253', '4214Y', '6252', '6242', '5220S', '4210', '6248', '6230', '6238R', '5215', '8260Y', '6222V', '4210R', '3206R', '6230N', '3204', '6234', '6238L', '4208', '6248R', '5215L']","['UCS-MR-X16G1RW=', 'UCS-MR-128G8RS-H', 'UCS-MR-X64G2RW=', 'UCS-MR-X32G2RT-H', 'UCS-MR-X16G1RS-H', 'UCS-MR-X16G1RW1', 'UCS-MR-X64G2RT-H', 'UCS-MR-X32G2RS-H', 'UCS-MR-X8G1RS-H', 'UCS-MR-X32G2RW1', 'UCS-MR-X16G2RS-H', 'UCS-MR-X32G2RW=', 'UCS-MR-X32G2RSHM', 'UCS-MR-X64G4RS-H', 'UCS-MR-X16G1RSHM', 'UCS-MR-X16G1RT-H', 'UCS-MR-X64G2RW1', 'UCS-MR-X32G2RSHS']","['UCS-SD960G2HTNK9', 'UCS-SD32TKA3X-EP', 'UCS-SD800GBCNK9', 'UCS-SD400GBCNK9', 'UCS-SD480G61X-EV', 'UCS-SD240G61X-EV']","['UCS-HD16TW7KL4KN', 'UCS-HD10T7K4KAN=', 'UCS-HD14TW7KL4KN', 'UCS-HD6T7KL4KN=', 'UCS-HD12T7KL4KN', 'UCS-HD14TT7KL4KN=', 'UCS-HD16TW7KL4KN=', 'UCS-HD12T7KL6GN', 'UCS-HD20TW7KL4KN=', 'UCS-HD12T7KL6GN=', 'UCS-HD4T7KL12N=', 'UCS-HD10T7K6GAN=', 'UCS-HD10T7KL4KN', 'UCS-HD1T7KL12N', 'UCS-HD14TT7KL4KN', 'UCS-HD2T7KL12N=', 'UCS-HD2T7KL6GN', 'UCS-HD4T7KL6GN', 'UCS-HD8T7KL4KN', 'UCS-HD6T7KL6GN', 'UCS-HD8T7K4KAN', 'UCS-HD6T7KL4KN', 'UCS-HD8T7K6GAN', 'UCS-HD10T7K6GAN', 'UCS-HD10T7KLEM', 'UCS-HD10T7K4KAN', 'UCS-HD6T12GANK9=', 'UCS-HD12T7KL4NK9=', 'UCS-HD8T7KL6GN', 'UCS-HD4T12GNK9=', 'UCS-HD18TW7KL4KN=', 'UCS-HD20TW7KL4KN', 'UCS-HD12T7KL4KN=', 'UCS-HD10T7KL6GN', 'UCS-HD4T7KL12N', 'UCS-HD1T7KL6GN', 'UCS-HD12T7KL4NK9', 'UCS-HD18TW7KL4KN', 'UCS-HD8T7K4KAN=', 'UCS-HD8T7K6GAN=', 'UCS-HD22TW7KL4KN', 'UCS-HD2T7KL12N', 'UCS-HD16T7KL4KN', 'UCS-HD6T12GANK9', 'UCS-HD14TW7KL4KN=', 'UCS-HD14T7KL4KN=', 'UCS-HD22TW7KL4KN=', 'UCS-HD16T7KL4KN=', 'UCS-HD14T7KL4KN', 'UCS-HD4T12GNK9']",16GB,2666,1,4,DDR4,RDIMM,ECC,1.2V,STD,1,,,is_encoded,c220m5-lff-specsheet.pdf,https://www.cisco.com/c/dam/en/us/products/collateral/servers-unified-computing/ucs-c-series-rack-servers/c220m5-lff-specsheet.pdf,https://www.cisco.com/c/dam/en/us/products/collateral/servers-unified-computing/ucs-c-series-rack-servers/c220m5-lff-specsheet.pdf,,,16D4ER14266612S1,1Rx4,"('1Rx4', '2Rx4', '8Rx4')",,,,
Cisco,UCS-MR-X16G1RS-H,Cisco UCS C220 M5 LFF Rack Server,Cisco,UCS,C220 M5 LFF,UCS-MR-X16G1RS-H 16GB DDR4-2666-MHz RDIMM/PC4-21300/single rank/x4/1.2v,['24'],,,,,,memory,"['6226', '6238', '6246R', '4215', '8276L', '6240R', '5222', '6242R', '6226R', '6230R', '4215R', '8260M', '8276', '5218B', '6262V', '8260L', '8280M', '8260', '8280L', '6240Y', '6240M', '8268', '5218R', '6250', '4216', '6246', '8270', '6252N', '6258R', '4214R', '6244', '6240', '5215M', '4214', '8280', '5218N', '5217', '5220R', '5218', '5220', '8276M', '6238M', '6240L', '6254', '8253', '4214Y', '6252', '6242', '5220S', '4210', '6248', '6230', '6238R', '5215', '8260Y', '6222V', '4210R', '3206R', '6230N', '3204', '6234', '6238L', '4208', '6248R', '5215L']","['UCS-MR-X16G1RW=', 'UCS-MR-128G8RS-H', 'UCS-MR-X64G2RW=', 'UCS-MR-X32G2RT-H', 'UCS-MR-X16G1RS-H', 'UCS-MR-X16G1RW1', 'UCS-MR-X64G2RT-H', 'UCS-MR-X32G2RS-H', 'UCS-MR-X8G1RS-H', 'UCS-MR-X32G2RW1', 'UCS-MR-X16G2RS-H', 'UCS-MR-X32G2RW=', 'UCS-MR-X32G2RSHM', 'UCS-MR-X64G4RS-H', 'UCS-MR-X16G1RSHM', 'UCS-MR-X16G1RT-H', 'UCS-MR-X64G2RW1', 'UCS-MR-X32G2RSHS']","['UCS-SD960G2HTNK9', 'UCS-SD32TKA3X-EP', 'UCS-SD800GBCNK9', 'UCS-SD400GBCNK9', 'UCS-SD480G61X-EV', 'UCS-SD240G61X-EV']","['UCS-HD16TW7KL4KN', 'UCS-HD10T7K4KAN=', 'UCS-HD14TW7KL4KN', 'UCS-HD6T7KL4KN=', 'UCS-HD12T7KL4KN', 'UCS-HD14TT7KL4KN=', 'UCS-HD16TW7KL4KN=', 'UCS-HD12T7KL6GN', 'UCS-HD20TW7KL4KN=', 'UCS-HD12T7KL6GN=', 'UCS-HD4T7KL12N=', 'UCS-HD10T7K6GAN=', 'UCS-HD10T7KL4KN', 'UCS-HD1T7KL12N', 'UCS-HD14TT7KL4KN', 'UCS-HD2T7KL12N=', 'UCS-HD2T7KL6GN', 'UCS-HD4T7KL6GN', 'UCS-HD8T7KL4KN', 'UCS-HD6T7KL6GN', 'UCS-HD8T7K4KAN', 'UCS-HD6T7KL4KN', 'UCS-HD8T7K6GAN', 'UCS-HD10T7K6GAN', 'UCS-HD10T7KLEM', 'UCS-HD10T7K4KAN', 'UCS-HD6T12GANK9=', 'UCS-HD12T7KL4NK9=', 'UCS-HD8T7KL6GN', 'UCS-HD4T12GNK9=', 'UCS-HD18TW7KL4KN=', 'UCS-HD20TW7KL4KN', 'UCS-HD12T7KL4KN=', 'UCS-HD10T7KL6GN', 'UCS-HD4T7KL12N', 'UCS-HD1T7KL6GN', 'UCS-HD12T7KL4NK9', 'UCS-HD18TW7KL4KN', 'UCS-HD8T7K4KAN=', 'UCS-HD8T7K6GAN=', 'UCS-HD22TW7KL4KN', 'UCS-HD2T7KL12N', 'UCS-HD16T7KL4KN', 'UCS-HD6T12GANK9', 'UCS-HD14TW7KL4KN=', 'UCS-HD14T7KL4KN=', 'UCS-HD22TW7KL4KN=', 'UCS-HD16T7KL4KN=', 'UCS-HD14T7KL4KN', 'UCS-HD4T12GNK9']",16GB,2666,1,4,DDR4,RDIMM,ECC,1.2V,STD,1,,,is_encoded,c220m5-lff-specsheet.pdf,https://www.cisco.com/c/dam/en/us/products/collateral/servers-unified-computing/ucs-c-series-rack-servers/c220m5-lff-specsheet.pdf,https://www.cisco.com/c/dam/en/us/products/collateral/servers-unified-computing/ucs-c-series-rack-servers/c220m5-lff-specsheet.pdf,,,16D4ER14266612S1,1Rx4,"('1Rx4', '2Rx4', '8Rx4')",,,,
Cisco,UCS-MR-X64G2RW,Cisco UCS C220 M5 LFF Rack Server,Cisco,UCS,C220 M5 LFF,UCS-MR-X64G2RW1 64 GB DDR4-3200MHz RDIMM 2Rx4 (16Gb) 1.2 V 2,['24'],,,,,,memory,"['6226', '6238', '6246R', '4215', '8276L', '6240R', '5222', '6242R', '6226R', '6230R', '4215R', '8260M', '8276', '5218B', '6262V', '8260L', '8280M', '8260', '8280L', '6240Y', '6240M', '8268', '5218R', '6250', '4216', '6246', '8270', '6252N', '6258R', '4214R', '6244', '6240', '5215M', '4214', '8280', '5218N', '5217', '5220R', '5218', '5220', '8276M', '6238M', '6240L', '6254', '8253', '4214Y', '6252', '6242', '5220S', '4210', '6248', '6230', '6238R', '5215', '8260Y', '6222V', '4210R', '3206R', '6230N', '3204', '6234', '6238L', '4208', '6248R', '5215L']","['UCS-MR-X16G1RW=', 'UCS-MR-128G8RS-H', 'UCS-MR-X64G2RW=', 'UCS-MR-X32G2RT-H', 'UCS-MR-X16G1RS-H', 'UCS-MR-X16G1RW1', 'UCS-MR-X64G2RT-H', 'UCS-MR-X32G2RS-H', 'UCS-MR-X8G1RS-H', 'UCS-MR-X32G2RW1', 'UCS-MR-X16G2RS-H', 'UCS-MR-X32G2RW=', 'UCS-MR-X32G2RSHM', 'UCS-MR-X64G4RS-H', 'UCS-MR-X16G1RSHM', 'UCS-MR-X16G1RT-H', 'UCS-MR-X64G2RW1', 'UCS-MR-X32G2RSHS']","['UCS-SD960G2HTNK9', 'UCS-SD32TKA3X-EP', 'UCS-SD800GBCNK9', 'UCS-SD400GBCNK9', 'UCS-SD480G61X-EV', 'UCS-SD240G61X-EV']","['UCS-HD16TW7KL4KN', 'UCS-HD10T7K4KAN=', 'UCS-HD14TW7KL4KN', 'UCS-HD6T7KL4KN=', 'UCS-HD12T7KL4KN', 'UCS-HD14TT7KL4KN=', 'UCS-HD16TW7KL4KN=', 'UCS-HD12T7KL6GN', 'UCS-HD20TW7KL4KN=', 'UCS-HD12T7KL6GN=', 'UCS-HD4T7KL12N=', 'UCS-HD10T7K6GAN=', 'UCS-HD10T7KL4KN', 'UCS-HD1T7KL12N', 'UCS-HD14TT7KL4KN', 'UCS-HD2T7KL12N=', 'UCS-HD2T7KL6GN', 'UCS-HD4T7KL6GN', 'UCS-HD8T7KL4KN', 'UCS-HD6T7KL6GN', 'UCS-HD8T7K4KAN', 'UCS-HD6T7KL4KN', 'UCS-HD8T7K6GAN', 'UCS-HD10T7K6GAN', 'UCS-HD10T7KLEM', 'UCS-HD10T7K4KAN', 'UCS-HD6T12GANK9=', 'UCS-HD12T7KL4NK9=', 'UCS-HD8T7KL6GN', 'UCS-HD4T12GNK9=', 'UCS-HD18TW7KL4KN=', 'UCS-HD20TW7KL4KN', 'UCS-HD12T7KL4KN=', 'UCS-HD10T7KL6GN', 'UCS-HD4T7KL12N', 'UCS-HD1T7KL6GN', 'UCS-HD12T7KL4NK9', 'UCS-HD18TW7KL4KN', 'UCS-HD8T7K4KAN=', 'UCS-HD8T7K6GAN=', 'UCS-HD22TW7KL4KN', 'UCS-HD2T7KL12N', 'UCS-HD16T7KL4KN', 'UCS-HD6T12GANK9', 'UCS-HD14TW7KL4KN=', 'UCS-HD14T7KL4KN=', 'UCS-HD22TW7KL4KN=', 'UCS-HD16T7KL4KN=', 'UCS-HD14T7KL4KN', 'UCS-HD4T12GNK9']",64GB,3200,2,4,DDR4,RDIMM,ECC,1.2V,STD,1,,,is_encoded,c220m5-lff-specsheet.pdf,https://www.cisco.com/c/dam/en/us/products/collateral/servers-unified-computing/ucs-c-series-rack-servers/c220m5-lff-specsheet.pdf,https://www.cisco.com/c/dam/en/us/products/collateral/servers-unified-computing/ucs-c-series-rack-servers/c220m5-lff-specsheet.pdf,,,64D4ER24320012S1,2Rx4,"('1Rx4', '2Rx4', '8Rx4')",,,,
Cisco,UCS-MR-X64G2RW,Cisco UCS C220 M5 LFF Rack Server,Cisco,UCS,C220 M5 LFF,UCS-MR-X64G2RW 64GB DDR4-3200MHz RDIMM 2Rx4 (16Gb),['24'],,,,,,memory,"['6226', '6238', '6246R', '4215', '8276L', '6240R', '5222', '6242R', '6226R', '6230R', '4215R', '8260M', '8276', '5218B', '6262V', '8260L', '8280M', '8260', '8280L', '6240Y', '6240M', '8268', '5218R', '6250', '4216', '6246', '8270', '6252N', '6258R', '4214R', '6244', '6240', '5215M', '4214', '8280', '5218N', '5217', '5220R', '5218', '5220', '8276M', '6238M', '6240L', '6254', '8253', '4214Y', '6252', '6242', '5220S', '4210', '6248', '6230', '6238R', '5215', '8260Y', '6222V', '4210R', '3206R', '6230N', '3204', '6234', '6238L', '4208', '6248R', '5215L']","['UCS-MR-X16G1RW=', 'UCS-MR-128G8RS-H', 'UCS-MR-X64G2RW=', 'UCS-MR-X32G2RT-H', 'UCS-MR-X16G1RS-H', 'UCS-MR-X16G1RW1', 'UCS-MR-X64G2RT-H', 'UCS-MR-X32G2RS-H', 'UCS-MR-X8G1RS-H', 'UCS-MR-X32G2RW1', 'UCS-MR-X16G2RS-H', 'UCS-MR-X32G2RW=', 'UCS-MR-X32G2RSHM', 'UCS-MR-X64G4RS-H', 'UCS-MR-X16G1RSHM', 'UCS-MR-X16G1RT-H', 'UCS-MR-X64G2RW1', 'UCS-MR-X32G2RSHS']","['UCS-SD960G2HTNK9', 'UCS-SD32TKA3X-EP', 'UCS-SD800GBCNK9', 'UCS-SD400GBCNK9', 'UCS-SD480G61X-EV', 'UCS-SD240G61X-EV']","['UCS-HD16TW7KL4KN', 'UCS-HD10T7K4KAN=', 'UCS-HD14TW7KL4KN', 'UCS-HD6T7KL4KN=', 'UCS-HD12T7KL4KN', 'UCS-HD14TT7KL4KN=', 'UCS-HD16TW7KL4KN=', 'UCS-HD12T7KL6GN', 'UCS-HD20TW7KL4KN=', 'UCS-HD12T7KL6GN=', 'UCS-HD4T7KL12N=', 'UCS-HD10T7K6GAN=', 'UCS-HD10T7KL4KN', 'UCS-HD1T7KL12N', 'UCS-HD14TT7KL4KN', 'UCS-HD2T7KL12N=', 'UCS-HD2T7KL6GN', 'UCS-HD4T7KL6GN', 'UCS-HD8T7KL4KN', 'UCS-HD6T7KL6GN', 'UCS-HD8T7K4KAN', 'UCS-HD6T7KL4KN', 'UCS-HD8T7K6GAN', 'UCS-HD10T7K6GAN', 'UCS-HD10T7KLEM', 'UCS-HD10T7K4KAN', 'UCS-HD6T12GANK9=', 'UCS-HD12T7KL4NK9=', 'UCS-HD8T7KL6GN', 'UCS-HD4T12GNK9=', 'UCS-HD18TW7KL4KN=', 'UCS-HD20TW7KL4KN', 'UCS-HD12T7KL4KN=', 'UCS-HD10T7KL6GN', 'UCS-HD4T7KL12N', 'UCS-HD1T7KL6GN', 'UCS-HD12T7KL4NK9', 'UCS-HD18TW7KL4KN', 'UCS-HD8T7K4KAN=', 'UCS-HD8T7K6GAN=', 'UCS-HD22TW7KL4KN', 'UCS-HD2T7KL12N', 'UCS-HD16T7KL4KN', 'UCS-HD6T12GANK9', 'UCS-HD14TW7KL4KN=', 'UCS-HD14T7KL4KN=', 'UCS-HD22TW7KL4KN=', 'UCS-HD16T7KL4KN=', 'UCS-HD14T7KL4KN', 'UCS-HD4T12GNK9']",64GB,3200,2,4,DDR4,RDIMM,ECC,1.2V,STD,1,,,is_encoded,c220m5-lff-specsheet.pdf,https://www.cisco.com/c/dam/en/us/products/collateral/servers-unified-computing/ucs-c-series-rack-servers/c220m5-lff-specsheet.pdf,https://www.cisco.com/c/dam/en/us/products/collateral/servers-unified-computing/ucs-c-series-rack-servers/c220m5-lff-specsheet.pdf,,,64D4ER24320012S1,2Rx4,"('1Rx4', '2Rx4', '8Rx4')",,,,
Cisco,UCS-MR-X64G2RT-H,Cisco UCS C220 M5 LFF Rack Server,Cisco,UCS,C220 M5 LFF,UCS-MR-X64G2RT-H 64GB DDR4-2933MHz RDIMM 2Rx4 (16Gb)/1.2v,['24'],,,,,,memory,"['6226', '6238', '6246R', '4215', '8276L', '6240R', '5222', '6242R', '6226R', '6230R', '4215R', '8260M', '8276', '5218B', '6262V', '8260L', '8280M', '8260', '8280L', '6240Y', '6240M', '8268', '5218R', '6250', '4216', '6246', '8270', '6252N', '6258R', '4214R', '6244', '6240', '5215M', '4214', '8280', '5218N', '5217', '5220R', '5218', '5220', '8276M', '6238M', '6240L', '6254', '8253', '4214Y', '6252', '6242', '5220S', '4210', '6248', '6230', '6238R', '5215', '8260Y', '6222V', '4210R', '3206R', '6230N', '3204', '6234', '6238L', '4208', '6248R', '5215L']","['UCS-MR-X16G1RW=', 'UCS-MR-128G8RS-H', 'UCS-MR-X64G2RW=', 'UCS-MR-X32G2RT-H', 'UCS-MR-X16G1RS-H', 'UCS-MR-X16G1RW1', 'UCS-MR-X64G2RT-H', 'UCS-MR-X32G2RS-H', 'UCS-MR-X8G1RS-H', 'UCS-MR-X32G2RW1', 'UCS-MR-X16G2RS-H', 'UCS-MR-X32G2RW=', 'UCS-MR-X32G2RSHM', 'UCS-MR-X64G4RS-H', 'UCS-MR-X16G1RSHM', 'UCS-MR-X16G1RT-H', 'UCS-MR-X64G2RW1', 'UCS-MR-X32G2RSHS']","['UCS-SD960G2HTNK9', 'UCS-SD32TKA3X-EP', 'UCS-SD800GBCNK9', 'UCS-SD400GBCNK9', 'UCS-SD480G61X-EV', 'UCS-SD240G61X-EV']","['UCS-HD16TW7KL4KN', 'UCS-HD10T7K4KAN=', 'UCS-HD14TW7KL4KN', 'UCS-HD6T7KL4KN=', 'UCS-HD12T7KL4KN', 'UCS-HD14TT7KL4KN=', 'UCS-HD16TW7KL4KN=', 'UCS-HD12T7KL6GN', 'UCS-HD20TW7KL4KN=', 'UCS-HD12T7KL6GN=', 'UCS-HD4T7KL12N=', 'UCS-HD10T7K6GAN=', 'UCS-HD10T7KL4KN', 'UCS-HD1T7KL12N', 'UCS-HD14TT7KL4KN', 'UCS-HD2T7KL12N=', 'UCS-HD2T7KL6GN', 'UCS-HD4T7KL6GN', 'UCS-HD8T7KL4KN', 'UCS-HD6T7KL6GN', 'UCS-HD8T7K4KAN', 'UCS-HD6T7KL4KN', 'UCS-HD8T7K6GAN', 'UCS-HD10T7K6GAN', 'UCS-HD10T7KLEM', 'UCS-HD10T7K4KAN', 'UCS-HD6T12GANK9=', 'UCS-HD12T7KL4NK9=', 'UCS-HD8T7KL6GN', 'UCS-HD4T12GNK9=', 'UCS-HD18TW7KL4KN=', 'UCS-HD20TW7KL4KN', 'UCS-HD12T7KL4KN=', 'UCS-HD10T7KL6GN', 'UCS-HD4T7KL12N', 'UCS-HD1T7KL6GN', 'UCS-HD12T7KL4NK9', 'UCS-HD18TW7KL4KN', 'UCS-HD8T7K4KAN=', 'UCS-HD8T7K6GAN=', 'UCS-HD22TW7KL4KN', 'UCS-HD2T7KL12N', 'UCS-HD16T7KL4KN', 'UCS-HD6T12GANK9', 'UCS-HD14TW7KL4KN=', 'UCS-HD14T7KL4KN=', 'UCS-HD22TW7KL4KN=', 'UCS-HD16T7KL4KN=', 'UCS-HD14T7KL4KN', 'UCS-HD4T12GNK9']",64GB,2933,2,4,DDR4,RDIMM,ECC,1.2V,STD,1,,,is_encoded,c220m5-lff-specsheet.pdf,https://www.cisco.com/c/dam/en/us/products/collateral/servers-unified-computing/ucs-c-series-rack-servers/c220m5-lff-specsheet.pdf,https://www.cisco.com/c/dam/en/us/products/collateral/servers-unified-computing/ucs-c-series-rack-servers/c220m5-lff-specsheet.pdf,,,64D4ER24293312S1,2Rx4,"('1Rx4', '2Rx4', '8Rx4')",,,,
Cisco,UCS-MR-X32G2RW,Cisco UCS C220 M5 LFF Rack Server,Cisco,UCS,C220 M5 LFF,UCS-MR-X32G2RW1 32 GB DDR4-3200MHz RDIMM 2Rx4 (8Gb) 1.2 V 2,['24'],,,,,,memory,"['6226', '6238', '6246R', '4215', '8276L', '6240R', '5222', '6242R', '6226R', '6230R', '4215R', '8260M', '8276', '5218B', '6262V', '8260L', '8280M', '8260', '8280L', '6240Y', '6240M', '8268', '5218R', '6250', '4216', '6246', '8270', '6252N', '6258R', '4214R', '6244', '6240', '5215M', '4214', '8280', '5218N', '5217', '5220R', '5218', '5220', '8276M', '6238M', '6240L', '6254', '8253', '4214Y', '6252', '6242', '5220S', '4210', '6248', '6230', '6238R', '5215', '8260Y', '6222V', '4210R', '3206R', '6230N', '3204', '6234', '6238L', '4208', '6248R', '5215L']","['UCS-MR-X16G1RW=', 'UCS-MR-128G8RS-H', 'UCS-MR-X64G2RW=', 'UCS-MR-X32G2RT-H', 'UCS-MR-X16G1RS-H', 'UCS-MR-X16G1RW1', 'UCS-MR-X64G2RT-H', 'UCS-MR-X32G2RS-H', 'UCS-MR-X8G1RS-H', 'UCS-MR-X32G2RW1', 'UCS-MR-X16G2RS-H', 'UCS-MR-X32G2RW=', 'UCS-MR-X32G2RSHM', 'UCS-MR-X64G4RS-H', 'UCS-MR-X16G1RSHM', 'UCS-MR-X16G1RT-H', 'UCS-MR-X64G2RW1', 'UCS-MR-X32G2RSHS']","['UCS-SD960G2HTNK9', 'UCS-SD32TKA3X-EP', 'UCS-SD800GBCNK9', 'UCS-SD400GBCNK9', 'UCS-SD480G61X-EV', 'UCS-SD240G61X-EV']","['UCS-HD16TW7KL4KN', 'UCS-HD10T7K4KAN=', 'UCS-HD14TW7KL4KN', 'UCS-HD6T7KL4KN=', 'UCS-HD12T7KL4KN', 'UCS-HD14TT7KL4KN=', 'UCS-HD16TW7KL4KN=', 'UCS-HD12T7KL6GN', 'UCS-HD20TW7KL4KN=', 'UCS-HD12T7KL6GN=', 'UCS-HD4T7KL12N=', 'UCS-HD10T7K6GAN=', 'UCS-HD10T7KL4KN', 'UCS-HD1T7KL12N', 'UCS-HD14TT7KL4KN', 'UCS-HD2T7KL12N=', 'UCS-HD2T7KL6GN', 'UCS-HD4T7KL6GN', 'UCS-HD8T7KL4KN', 'UCS-HD6T7KL6GN', 'UCS-HD8T7K4KAN', 'UCS-HD6T7KL4KN', 'UCS-HD8T7K6GAN', 'UCS-HD10T7K6GAN', 'UCS-HD10T7KLEM', 'UCS-HD10T7K4KAN', 'UCS-HD6T12GANK9=', 'UCS-HD12T7KL4NK9=', 'UCS-HD8T7KL6GN', 'UCS-HD4T12GNK9=', 'UCS-HD18TW7KL4KN=', 'UCS-HD20TW7KL4KN', 'UCS-HD12T7KL4KN=', 'UCS-HD10T7KL6GN', 'UCS-HD4T7KL12N', 'UCS-HD1T7KL6GN', 'UCS-HD12T7KL4NK9', 'UCS-HD18TW7KL4KN', 'UCS-HD8T7K4KAN=', 'UCS-HD8T7K6GAN=', 'UCS-HD22TW7KL4KN', 'UCS-HD2T7KL12N', 'UCS-HD16T7KL4KN', 'UCS-HD6T12GANK9', 'UCS-HD14TW7KL4KN=', 'UCS-HD14T7KL4KN=', 'UCS-HD22TW7KL4KN=', 'UCS-HD16T7KL4KN=', 'UCS-HD14T7KL4KN', 'UCS-HD4T12GNK9']",32GB,3200,2,4,DDR4,RDIMM,ECC,1.2V,STD,1,,,is_encoded,c220m5-lff-specsheet.pdf,https://www.cisco.com/c/dam/en/us/products/collateral/servers-unified-computing/ucs-c-series-rack-servers/c220m5-lff-specsheet.pdf,https://www.cisco.com/c/dam/en/us/products/collateral/servers-unified-computing/ucs-c-series-rack-servers/c220m5-lff-specsheet.pdf,,,32D4ER24320012S1,2Rx4,"('1Rx4', '2Rx4', '8Rx4')",,,,
Cisco,UCS-MR-X32G2RW,Cisco UCS C220 M5 LFF Rack Server,Cisco,UCS,C220 M5 LFF,UCS-MR-X32G2RW 32GB DDR4-3200MHz RDIMM 2Rx4 (8Gb),['24'],,,,,,memory,"['6226', '6238', '6246R', '4215', '8276L', '6240R', '5222', '6242R', '6226R', '6230R', '4215R', '8260M', '8276', '5218B', '6262V', '8260L', '8280M', '8260', '8280L', '6240Y', '6240M', '8268', '5218R', '6250', '4216', '6246', '8270', '6252N', '6258R', '4214R', '6244', '6240', '5215M', '4214', '8280', '5218N', '5217', '5220R', '5218', '5220', '8276M', '6238M', '6240L', '6254', '8253', '4214Y', '6252', '6242', '5220S', '4210', '6248', '6230', '6238R', '5215', '8260Y', '6222V', '4210R', '3206R', '6230N', '3204', '6234', '6238L', '4208', '6248R', '5215L']","['UCS-MR-X16G1RW=', 'UCS-MR-128G8RS-H', 'UCS-MR-X64G2RW=', 'UCS-MR-X32G2RT-H', 'UCS-MR-X16G1RS-H', 'UCS-MR-X16G1RW1', 'UCS-MR-X64G2RT-H', 'UCS-MR-X32G2RS-H', 'UCS-MR-X8G1RS-H', 'UCS-MR-X32G2RW1', 'UCS-MR-X16G2RS-H', 'UCS-MR-X32G2RW=', 'UCS-MR-X32G2RSHM', 'UCS-MR-X64G4RS-H', 'UCS-MR-X16G1RSHM', 'UCS-MR-X16G1RT-H', 'UCS-MR-X64G2RW1', 'UCS-MR-X32G2RSHS']","['UCS-SD960G2HTNK9', 'UCS-SD32TKA3X-EP', 'UCS-SD800GBCNK9', 'UCS-SD400GBCNK9', 'UCS-SD480G61X-EV', 'UCS-SD240G61X-EV']","['UCS-HD16TW7KL4KN', 'UCS-HD10T7K4KAN=', 'UCS-HD14TW7KL4KN', 'UCS-HD6T7KL4KN=', 'UCS-HD12T7KL4KN', 'UCS-HD14TT7KL4KN=', 'UCS-HD16TW7KL4KN=', 'UCS-HD12T7KL6GN', 'UCS-HD20TW7KL4KN=', 'UCS-HD12T7KL6GN=', 'UCS-HD4T7KL12N=', 'UCS-HD10T7K6GAN=', 'UCS-HD10T7KL4KN', 'UCS-HD1T7KL12N', 'UCS-HD14TT7KL4KN', 'UCS-HD2T7KL12N=', 'UCS-HD2T7KL6GN', 'UCS-HD4T7KL6GN', 'UCS-HD8T7KL4KN', 'UCS-HD6T7KL6GN', 'UCS-HD8T7K4KAN', 'UCS-HD6T7KL4KN', 'UCS-HD8T7K6GAN', 'UCS-HD10T7K6GAN', 'UCS-HD10T7KLEM', 'UCS-HD10T7K4KAN', 'UCS-HD6T12GANK9=', 'UCS-HD12T7KL4NK9=', 'UCS-HD8T7KL6GN', 'UCS-HD4T12GNK9=', 'UCS-HD18TW7KL4KN=', 'UCS-HD20TW7KL4KN', 'UCS-HD12T7KL4KN=', 'UCS-HD10T7KL6GN', 'UCS-HD4T7KL12N', 'UCS-HD1T7KL6GN', 'UCS-HD12T7KL4NK9', 'UCS-HD18TW7KL4KN', 'UCS-HD8T7K4KAN=', 'UCS-HD8T7K6GAN=', 'UCS-HD22TW7KL4KN', 'UCS-HD2T7KL12N', 'UCS-HD16T7KL4KN', 'UCS-HD6T12GANK9', 'UCS-HD14TW7KL4KN=', 'UCS-HD14T7KL4KN=', 'UCS-HD22TW7KL4KN=', 'UCS-HD16T7KL4KN=', 'UCS-HD14T7KL4KN', 'UCS-HD4T12GNK9']",32GB,3200,2,4,DDR4,RDIMM,ECC,1.2V,STD,1,,,is_encoded,c220m5-lff-specsheet.pdf,https://www.cisco.com/c/dam/en/us/products/collateral/servers-unified-computing/ucs-c-series-rack-servers/c220m5-lff-specsheet.pdf,https://www.cisco.com/c/dam/en/us/products/collateral/servers-unified-computing/ucs-c-series-rack-servers/c220m5-lff-specsheet.pdf,,,32D4ER24320012S1,2Rx4,"('1Rx4', '2Rx4', '8Rx4')",,,,
Cisco,UCS-MR-X32G2RT-H,Cisco UCS C220 M5 LFF Rack Server,Cisco,UCS,C220 M5 LFF,UCS-MR-X32G2RT-H 32GB DDR4-2933MHz RDIMM 2Rx4 (8Gb)/1.2v,['24'],,,,,,memory,"['6226', '6238', '6246R', '4215', '8276L', '6240R', '5222', '6242R', '6226R', '6230R', '4215R', '8260M', '8276', '5218B', '6262V', '8260L', '8280M', '8260', '8280L', '6240Y', '6240M', '8268', '5218R', '6250', '4216', '6246', '8270', '6252N', '6258R', '4214R', '6244', '6240', '5215M', '4214', '8280', '5218N', '5217', '5220R', '5218', '5220', '8276M', '6238M', '6240L', '6254', '8253', '4214Y', '6252', '6242', '5220S', '4210', '6248', '6230', '6238R', '5215', '8260Y', '6222V', '4210R', '3206R', '6230N', '3204', '6234', '6238L', '4208', '6248R', '5215L']","['UCS-MR-X16G1RW=', 'UCS-MR-128G8RS-H', 'UCS-MR-X64G2RW=', 'UCS-MR-X32G2RT-H', 'UCS-MR-X16G1RS-H', 'UCS-MR-X16G1RW1', 'UCS-MR-X64G2RT-H', 'UCS-MR-X32G2RS-H', 'UCS-MR-X8G1RS-H', 'UCS-MR-X32G2RW1', 'UCS-MR-X16G2RS-H', 'UCS-MR-X32G2RW=', 'UCS-MR-X32G2RSHM', 'UCS-MR-X64G4RS-H', 'UCS-MR-X16G1RSHM', 'UCS-MR-X16G1RT-H', 'UCS-MR-X64G2RW1', 'UCS-MR-X32G2RSHS']","['UCS-SD960G2HTNK9', 'UCS-SD32TKA3X-EP', 'UCS-SD800GBCNK9', 'UCS-SD400GBCNK9', 'UCS-SD480G61X-EV', 'UCS-SD240G61X-EV']","['UCS-HD16TW7KL4KN', 'UCS-HD10T7K4KAN=', 'UCS-HD14TW7KL4KN', 'UCS-HD6T7KL4KN=', 'UCS-HD12T7KL4KN', 'UCS-HD14TT7KL4KN=', 'UCS-HD16TW7KL4KN=', 'UCS-HD12T7KL6GN', 'UCS-HD20TW7KL4KN=', 'UCS-HD12T7KL6GN=', 'UCS-HD4T7KL12N=', 'UCS-HD10T7K6GAN=', 'UCS-HD10T7KL4KN', 'UCS-HD1T7KL12N', 'UCS-HD14TT7KL4KN', 'UCS-HD2T7KL12N=', 'UCS-HD2T7KL6GN', 'UCS-HD4T7KL6GN', 'UCS-HD8T7KL4KN', 'UCS-HD6T7KL6GN', 'UCS-HD8T7K4KAN', 'UCS-HD6T7KL4KN', 'UCS-HD8T7K6GAN', 'UCS-HD10T7K6GAN', 'UCS-HD10T7KLEM', 'UCS-HD10T7K4KAN', 'UCS-HD6T12GANK9=', 'UCS-HD12T7KL4NK9=', 'UCS-HD8T7KL6GN', 'UCS-HD4T12GNK9=', 'UCS-HD18TW7KL4KN=', 'UCS-HD20TW7KL4KN', 'UCS-HD12T7KL4KN=', 'UCS-HD10T7KL6GN', 'UCS-HD4T7KL12N', 'UCS-HD1T7KL6GN', 'UCS-HD12T7KL4NK9', 'UCS-HD18TW7KL4KN', 'UCS-HD8T7K4KAN=', 'UCS-HD8T7K6GAN=', 'UCS-HD22TW7KL4KN', 'UCS-HD2T7KL12N', 'UCS-HD16T7KL4KN', 'UCS-HD6T12GANK9', 'UCS-HD14TW7KL4KN=', 'UCS-HD14T7KL4KN=', 'UCS-HD22TW7KL4KN=', 'UCS-HD16T7KL4KN=', 'UCS-HD14T7KL4KN', 'UCS-HD4T12GNK9']",32GB,2933,2,4,DDR4,RDIMM,ECC,1.2V,STD,1,,,is_encoded,c220m5-lff-specsheet.pdf,https://www.cisco.com/c/dam/en/us/products/collateral/servers-unified-computing/ucs-c-series-rack-servers/c220m5-lff-specsheet.pdf,https://www.cisco.com/c/dam/en/us/products/collateral/servers-unified-computing/ucs-c-series-rack-servers/c220m5-lff-specsheet.pdf,,,32D4ER24293312S1,2Rx4,"('1Rx4', '2Rx4', '8Rx4')",,,,
Cisco,UCS-MR-X32G2RSHS,Cisco UCS C220 M5 LFF Rack Server,Cisco,UCS,C220 M5 LFF,UCS-MR-X32G2RSHS 32GB DDR4-2666-MHz RDIMM/dual rank/x4/1.2v. Samsung only,['24'],,,,,,memory,"['6226', '6238', '6246R', '4215', '8276L', '6240R', '5222', '6242R', '6226R', '6230R', '4215R', '8260M', '8276', '5218B', '6262V', '8260L', '8280M', '8260', '8280L', '6240Y', '6240M', '8268', '5218R', '6250', '4216', '6246', '8270', '6252N', '6258R', '4214R', '6244', '6240', '5215M', '4214', '8280', '5218N', '5217', '5220R', '5218', '5220', '8276M', '6238M', '6240L', '6254', '8253', '4214Y', '6252', '6242', '5220S', '4210', '6248', '6230', '6238R', '5215', '8260Y', '6222V', '4210R', '3206R', '6230N', '3204', '6234', '6238L', '4208', '6248R', '5215L']","['UCS-MR-X16G1RW=', 'UCS-MR-128G8RS-H', 'UCS-MR-X64G2RW=', 'UCS-MR-X32G2RT-H', 'UCS-MR-X16G1RS-H', 'UCS-MR-X16G1RW1', 'UCS-MR-X64G2RT-H', 'UCS-MR-X32G2RS-H', 'UCS-MR-X8G1RS-H', 'UCS-MR-X32G2RW1', 'UCS-MR-X16G2RS-H', 'UCS-MR-X32G2RW=', 'UCS-MR-X32G2RSHM', 'UCS-MR-X64G4RS-H', 'UCS-MR-X16G1RSHM', 'UCS-MR-X16G1RT-H', 'UCS-MR-X64G2RW1', 'UCS-MR-X32G2RSHS']","['UCS-SD960G2HTNK9', 'UCS-SD32TKA3X-EP', 'UCS-SD800GBCNK9', 'UCS-SD400GBCNK9', 'UCS-SD480G61X-EV', 'UCS-SD240G61X-EV']","['UCS-HD16TW7KL4KN', 'UCS-HD10T7K4KAN=', 'UCS-HD14TW7KL4KN', 'UCS-HD6T7KL4KN=', 'UCS-HD12T7KL4KN', 'UCS-HD14TT7KL4KN=', 'UCS-HD16TW7KL4KN=', 'UCS-HD12T7KL6GN', 'UCS-HD20TW7KL4KN=', 'UCS-HD12T7KL6GN=', 'UCS-HD4T7KL12N=', 'UCS-HD10T7K6GAN=', 'UCS-HD10T7KL4KN', 'UCS-HD1T7KL12N', 'UCS-HD14TT7KL4KN', 'UCS-HD2T7KL12N=', 'UCS-HD2T7KL6GN', 'UCS-HD4T7KL6GN', 'UCS-HD8T7KL4KN', 'UCS-HD6T7KL6GN', 'UCS-HD8T7K4KAN', 'UCS-HD6T7KL4KN', 'UCS-HD8T7K6GAN', 'UCS-HD10T7K6GAN', 'UCS-HD10T7KLEM', 'UCS-HD10T7K4KAN', 'UCS-HD6T12GANK9=', 'UCS-HD12T7KL4NK9=', 'UCS-HD8T7KL6GN', 'UCS-HD4T12GNK9=', 'UCS-HD18TW7KL4KN=', 'UCS-HD20TW7KL4KN', 'UCS-HD12T7KL4KN=', 'UCS-HD10T7KL6GN', 'UCS-HD4T7KL12N', 'UCS-HD1T7KL6GN', 'UCS-HD12T7KL4NK9', 'UCS-HD18TW7KL4KN', 'UCS-HD8T7K4KAN=', 'UCS-HD8T7K6GAN=', 'UCS-HD22TW7KL4KN', 'UCS-HD2T7KL12N', 'UCS-HD16T7KL4KN', 'UCS-HD6T12GANK9', 'UCS-HD14TW7KL4KN=', 'UCS-HD14T7KL4KN=', 'UCS-HD22TW7KL4KN=', 'UCS-HD16T7KL4KN=', 'UCS-HD14T7KL4KN', 'UCS-HD4T12GNK9']",32GB,2666,2,4,DDR4,RDIMM,ECC,1.2V,STD,1,,,is_encoded,c220m5-lff-specsheet.pdf,https://www.cisco.com/c/dam/en/us/products/collateral/servers-unified-computing/ucs-c-series-rack-servers/c220m5-lff-specsheet.pdf,https://www.cisco.com/c/dam/en/us/products/collateral/servers-unified-computing/ucs-c-series-rack-servers/c220m5-lff-specsheet.pdf,,,32D4ER24266612S1,2Rx4,"('1Rx4', '2Rx4', '8Rx4')",,,,
Cisco,UCS-MR-X32G2RS-H,Cisco UCS C220 M5 LFF Rack Server,Cisco,UCS,C220 M5 LFF,UCS-MR-X32G2RS-H 32GB DDR4-2666-MHz RDIMM/PC4-21300/dual rank/x4/1.2v,['24'],,,,,,memory,"['6226', '6238', '6246R', '4215', '8276L', '6240R', '5222', '6242R', '6226R', '6230R', '4215R', '8260M', '8276', '5218B', '6262V', '8260L', '8280M', '8260', '8280L', '6240Y', '6240M', '8268', '5218R', '6250', '4216', '6246', '8270', '6252N', '6258R', '4214R', '6244', '6240', '5215M', '4214', '8280', '5218N', '5217', '5220R', '5218', '5220', '8276M', '6238M', '6240L', '6254', '8253', '4214Y', '6252', '6242', '5220S', '4210', '6248', '6230', '6238R', '5215', '8260Y', '6222V', '4210R', '3206R', '6230N', '3204', '6234', '6238L', '4208', '6248R', '5215L']","['UCS-MR-X16G1RW=', 'UCS-MR-128G8RS-H', 'UCS-MR-X64G2RW=', 'UCS-MR-X32G2RT-H', 'UCS-MR-X16G1RS-H', 'UCS-MR-X16G1RW1', 'UCS-MR-X64G2RT-H', 'UCS-MR-X32G2RS-H', 'UCS-MR-X8G1RS-H', 'UCS-MR-X32G2RW1', 'UCS-MR-X16G2RS-H', 'UCS-MR-X32G2RW=', 'UCS-MR-X32G2RSHM', 'UCS-MR-X64G4RS-H', 'UCS-MR-X16G1RSHM', 'UCS-MR-X16G1RT-H', 'UCS-MR-X64G2RW1', 'UCS-MR-X32G2RSHS']","['UCS-SD960G2HTNK9', 'UCS-SD32TKA3X-EP', 'UCS-SD800GBCNK9', 'UCS-SD400GBCNK9', 'UCS-SD480G61X-EV', 'UCS-SD240G61X-EV']","['UCS-HD16TW7KL4KN', 'UCS-HD10T7K4KAN=', 'UCS-HD14TW7KL4KN', 'UCS-HD6T7KL4KN=', 'UCS-HD12T7KL4KN', 'UCS-HD14TT7KL4KN=', 'UCS-HD16TW7KL4KN=', 'UCS-HD12T7KL6GN', 'UCS-HD20TW7KL4KN=', 'UCS-HD12T7KL6GN=', 'UCS-HD4T7KL12N=', 'UCS-HD10T7K6GAN=', 'UCS-HD10T7KL4KN', 'UCS-HD1T7KL12N', 'UCS-HD14TT7KL4KN', 'UCS-HD2T7KL12N=', 'UCS-HD2T7KL6GN', 'UCS-HD4T7KL6GN', 'UCS-HD8T7KL4KN', 'UCS-HD6T7KL6GN', 'UCS-HD8T7K4KAN', 'UCS-HD6T7KL4KN', 'UCS-HD8T7K6GAN', 'UCS-HD10T7K6GAN', 'UCS-HD10T7KLEM', 'UCS-HD10T7K4KAN', 'UCS-HD6T12GANK9=', 'UCS-HD12T7KL4NK9=', 'UCS-HD8T7KL6GN', 'UCS-HD4T12GNK9=', 'UCS-HD18TW7KL4KN=', 'UCS-HD20TW7KL4KN', 'UCS-HD12T7KL4KN=', 'UCS-HD10T7KL6GN', 'UCS-HD4T7KL12N', 'UCS-HD1T7KL6GN', 'UCS-HD12T7KL4NK9', 'UCS-HD18TW7KL4KN', 'UCS-HD8T7K4KAN=', 'UCS-HD8T7K6GAN=', 'UCS-HD22TW7KL4KN', 'UCS-HD2T7KL12N', 'UCS-HD16T7KL4KN', 'UCS-HD6T12GANK9', 'UCS-HD14TW7KL4KN=', 'UCS-HD14T7KL4KN=', 'UCS-HD22TW7KL4KN=', 'UCS-HD16T7KL4KN=', 'UCS-HD14T7KL4KN', 'UCS-HD4T12GNK9']",32GB,2666,2,4,DDR4,RDIMM,ECC,1.2V,STD,1,,,is_encoded,c220m5-lff-specsheet.pdf,https://www.cisco.com/c/dam/en/us/products/collateral/servers-unified-computing/ucs-c-series-rack-servers/c220m5-lff-specsheet.pdf,https://www.cisco.com/c/dam/en/us/products/collateral/servers-unified-computing/ucs-c-series-rack-servers/c220m5-lff-specsheet.pdf,,,32D4ER24266612S1,2Rx4,"('1Rx4', '2Rx4', '8Rx4')",,,,
Cisco,UCS-MR-X32G2RSHM,Cisco UCS C220 M5 LFF Rack Server,Cisco,UCS,C220 M5 LFF,UCS-MR-X32G2RSHM 32GB DDR4-2666-MHz RDIMM/dual rank/x4/1.2v. Micron only,['24'],,,,,,memory,"['6226', '6238', '6246R', '4215', '8276L', '6240R', '5222', '6242R', '6226R', '6230R', '4215R', '8260M', '8276', '5218B', '6262V', '8260L', '8280M', '8260', '8280L', '6240Y', '6240M', '8268', '5218R', '6250', '4216', '6246', '8270', '6252N', '6258R', '4214R', '6244', '6240', '5215M', '4214', '8280', '5218N', '5217', '5220R', '5218', '5220', '8276M', '6238M', '6240L', '6254', '8253', '4214Y', '6252', '6242', '5220S', '4210', '6248', '6230', '6238R', '5215', '8260Y', '6222V', '4210R', '3206R', '6230N', '3204', '6234', '6238L', '4208', '6248R', '5215L']","['UCS-MR-X16G1RW=', 'UCS-MR-128G8RS-H', 'UCS-MR-X64G2RW=', 'UCS-MR-X32G2RT-H', 'UCS-MR-X16G1RS-H', 'UCS-MR-X16G1RW1', 'UCS-MR-X64G2RT-H', 'UCS-MR-X32G2RS-H', 'UCS-MR-X8G1RS-H', 'UCS-MR-X32G2RW1', 'UCS-MR-X16G2RS-H', 'UCS-MR-X32G2RW=', 'UCS-MR-X32G2RSHM', 'UCS-MR-X64G4RS-H', 'UCS-MR-X16G1RSHM', 'UCS-MR-X16G1RT-H', 'UCS-MR-X64G2RW1', 'UCS-MR-X32G2RSHS']","['UCS-SD960G2HTNK9', 'UCS-SD32TKA3X-EP', 'UCS-SD800GBCNK9', 'UCS-SD400GBCNK9', 'UCS-SD480G61X-EV', 'UCS-SD240G61X-EV']","['UCS-HD16TW7KL4KN', 'UCS-HD10T7K4KAN=', 'UCS-HD14TW7KL4KN', 'UCS-HD6T7KL4KN=', 'UCS-HD12T7KL4KN', 'UCS-HD14TT7KL4KN=', 'UCS-HD16TW7KL4KN=', 'UCS-HD12T7KL6GN', 'UCS-HD20TW7KL4KN=', 'UCS-HD12T7KL6GN=', 'UCS-HD4T7KL12N=', 'UCS-HD10T7K6GAN=', 'UCS-HD10T7KL4KN', 'UCS-HD1T7KL12N', 'UCS-HD14TT7KL4KN', 'UCS-HD2T7KL12N=', 'UCS-HD2T7KL6GN', 'UCS-HD4T7KL6GN', 'UCS-HD8T7KL4KN', 'UCS-HD6T7KL6GN', 'UCS-HD8T7K4KAN', 'UCS-HD6T7KL4KN', 'UCS-HD8T7K6GAN', 'UCS-HD10T7K6GAN', 'UCS-HD10T7KLEM', 'UCS-HD10T7K4KAN', 'UCS-HD6T12GANK9=', 'UCS-HD12T7KL4NK9=', 'UCS-HD8T7KL6GN', 'UCS-HD4T12GNK9=', 'UCS-HD18TW7KL4KN=', 'UCS-HD20TW7KL4KN', 'UCS-HD12T7KL4KN=', 'UCS-HD10T7KL6GN', 'UCS-HD4T7KL12N', 'UCS-HD1T7KL6GN', 'UCS-HD12T7KL4NK9', 'UCS-HD18TW7KL4KN', 'UCS-HD8T7K4KAN=', 'UCS-HD8T7K6GAN=', 'UCS-HD22TW7KL4KN', 'UCS-HD2T7KL12N', 'UCS-HD16T7KL4KN', 'UCS-HD6T12GANK9', 'UCS-HD14TW7KL4KN=', 'UCS-HD14T7KL4KN=', 'UCS-HD22TW7KL4KN=', 'UCS-HD16T7KL4KN=', 'UCS-HD14T7KL4KN', 'UCS-HD4T12GNK9']",32GB,2666,2,4,DDR4,RDIMM,ECC,1.2V,STD,1,,,is_encoded,c220m5-lff-specsheet.pdf,https://www.cisco.com/c/dam/en/us/products/collateral/servers-unified-computing/ucs-c-series-rack-servers/c220m5-lff-specsheet.pdf,https://www.cisco.com/c/dam/en/us/products/collateral/servers-unified-computing/ucs-c-series-rack-servers/c220m5-lff-specsheet.pdf,,,32D4ER24266612S1,2Rx4,"('1Rx4', '2Rx4', '8Rx4')",,,,
Cisco,UCS-MR-X16G2RS-H,Cisco UCS C220 M5 LFF Rack Server,Cisco,UCS,C220 M5 LFF,UCS-MR-X16G2RS-H 16GB DDR4-2666-MHz RDIMM/PC4-21300/dual rank/x4/1.2v,['24'],,,,,,memory,"['6226', '6238', '6246R', '4215', '8276L', '6240R', '5222', '6242R', '6226R', '6230R', '4215R', '8260M', '8276', '5218B', '6262V', '8260L', '8280M', '8260', '8280L', '6240Y', '6240M', '8268', '5218R', '6250', '4216', '6246', '8270', '6252N', '6258R', '4214R', '6244', '6240', '5215M', '4214', '8280', '5218N', '5217', '5220R', '5218', '5220', '8276M', '6238M', '6240L', '6254', '8253', '4214Y', '6252', '6242', '5220S', '4210', '6248', '6230', '6238R', '5215', '8260Y', '6222V', '4210R', '3206R', '6230N', '3204', '6234', '6238L', '4208', '6248R', '5215L']","['UCS-MR-X16G1RW=', 'UCS-MR-128G8RS-H', 'UCS-MR-X64G2RW=', 'UCS-MR-X32G2RT-H', 'UCS-MR-X16G1RS-H', 'UCS-MR-X16G1RW1', 'UCS-MR-X64G2RT-H', 'UCS-MR-X32G2RS-H', 'UCS-MR-X8G1RS-H', 'UCS-MR-X32G2RW1', 'UCS-MR-X16G2RS-H', 'UCS-MR-X32G2RW=', 'UCS-MR-X32G2RSHM', 'UCS-MR-X64G4RS-H', 'UCS-MR-X16G1RSHM', 'UCS-MR-X16G1RT-H', 'UCS-MR-X64G2RW1', 'UCS-MR-X32G2RSHS']","['UCS-SD960G2HTNK9', 'UCS-SD32TKA3X-EP', 'UCS-SD800GBCNK9', 'UCS-SD400GBCNK9', 'UCS-SD480G61X-EV', 'UCS-SD240G61X-EV']","['UCS-HD16TW7KL4KN', 'UCS-HD10T7K4KAN=', 'UCS-HD14TW7KL4KN', 'UCS-HD6T7KL4KN=', 'UCS-HD12T7KL4KN', 'UCS-HD14TT7KL4KN=', 'UCS-HD16TW7KL4KN=', 'UCS-HD12T7KL6GN', 'UCS-HD20TW7KL4KN=', 'UCS-HD12T7KL6GN=', 'UCS-HD4T7KL12N=', 'UCS-HD10T7K6GAN=', 'UCS-HD10T7KL4KN', 'UCS-HD1T7KL12N', 'UCS-HD14TT7KL4KN', 'UCS-HD2T7KL12N=', 'UCS-HD2T7KL6GN', 'UCS-HD4T7KL6GN', 'UCS-HD8T7KL4KN', 'UCS-HD6T7KL6GN', 'UCS-HD8T7K4KAN', 'UCS-HD6T7KL4KN', 'UCS-HD8T7K6GAN', 'UCS-HD10T7K6GAN', 'UCS-HD10T7KLEM', 'UCS-HD10T7K4KAN', 'UCS-HD6T12GANK9=', 'UCS-HD12T7KL4NK9=', 'UCS-HD8T7KL6GN', 'UCS-HD4T12GNK9=', 'UCS-HD18TW7KL4KN=', 'UCS-HD20TW7KL4KN', 'UCS-HD12T7KL4KN=', 'UCS-HD10T7KL6GN', 'UCS-HD4T7KL12N', 'UCS-HD1T7KL6GN', 'UCS-HD12T7KL4NK9', 'UCS-HD18TW7KL4KN', 'UCS-HD8T7K4KAN=', 'UCS-HD8T7K6GAN=', 'UCS-HD22TW7KL4KN', 'UCS-HD2T7KL12N', 'UCS-HD16T7KL4KN', 'UCS-HD6T12GANK9', 'UCS-HD14TW7KL4KN=', 'UCS-HD14T7KL4KN=', 'UCS-HD22TW7KL4KN=', 'UCS-HD16T7KL4KN=', 'UCS-HD14T7KL4KN', 'UCS-HD4T12GNK9']",16GB,2666,2,4,DDR4,RDIMM,ECC,1.2V,STD,1,,,is_encoded,c220m5-lff-specsheet.pdf,https://www.cisco.com/c/dam/en/us/products/collateral/servers-unified-computing/ucs-c-series-rack-servers/c220m5-lff-specsheet.pdf,https://www.cisco.com/c/dam/en/us/products/collateral/servers-unified-computing/ucs-c-series-rack-servers/c220m5-lff-specsheet.pdf,,,16D4ER24266612S1,2Rx4,"('1Rx4', '2Rx4', '8Rx4')",,,,
Cisco,UCS-MR-X8G1RS-H,Cisco UCS C220 M5 SFF Rack Server,Cisco,UCS,C220 M5 SFF,UCS-MR-X8G1RS-H 8GB DDR4-2666-MHz RDIMM/PC4-21300/single rank/x4/1.2v,['24'],,,,,,memory,"['6226', '6238', '6246R', '4215', '8276L', '6240R', '5222', '6242R', '6226R', '6230R', '4215R', '8260M', '8276', '5218B', '6262V', '8260L', '8280M', '8260', '8280L', '6240Y', '6240M', '8268', '5218R', '6250', '4216', '6246', '8270', '6252N', '6258R', '4214R', '6244', '6240', '5215M', '4214', '8280', '5218N', '5217', '5220R', '5218', '5220', '8276M', '6238M', '6240L', '6254', '8253', '4214Y', '6252', '6242', '5220S', '4210', '6248', '6230', '6238R', '5215', '8260Y', '6222V', '4210R', '3206R', '6230N', '3204', '6234', '6238L', '4208', '6248R', '5215L']","['UCS-MR-X16G1RW=', 'UCS-MR-128G8RS-H', 'UCS-MR-X64G2RW=', 'UCS-MR-X32G2RT-H', 'UCS-MR-X16G1RS-H', 'UCS-MR-X16G1RW1', 'UCS-MR-X64G2RT-H', 'UCS-MR-X32G2RS-H', 'UCS-MR-X8G1RS-H', 'UCS-MR-X32G2RW1', 'UCS-MR-X16G2RS-H', 'UCS-MR-X32G2RW=', 'UCS-MR-X32G2RSHM', 'UCS-MR-X64G4RS-H', 'UCS-MR-X16G1RSHM', 'UCS-MR-X16G1RT-H', 'UCS-MR-X64G2RW1', 'UCS-MR-X32G2RSHS']","['UCS-SD240GBM1X-EV=', 'UCS-SD19TBM3X-EP', 'UCS-SD16TK3X-EP=', 'UCS-SD800GBKNK9=', 'UCS-SD38T6I1X-EV=', 'UCS-SD19T63X-EP', 'UCS-SD38TBM1X-EV', 'UCS-SD32TK3X-EP=', 'UCS-SD16T61X-EV', 'UCS-SD38TBE1NK9', 'UCS-SD19TBM1X-EV', 'UCS-SD16TBM1X-EV=', 'UCS-SD16TB12TX-EP', 'UCS-SD480G121X-EV', 'UCS-SD400H123X-EP', 'UCS-SD480GBM3X-EP', 'UCS-SD76TBKNK9=', 'UCS-SD38T61X-EV', 'UCS-SD76TK1X-EV=', 'UCS-SD38TBM1X-EV=', 'UCS-SD32TKA3X-EP', 'UCS-SD240GBM1X-EV', 'UCS-SD480G2HNK9', 'UCS-SD960GBM2NK9', 'UCS-SD38T6S1X-EV=', 'UCS-SD38TH61X-EV', 'UCS-SD38TM1X-EV', 'UCS-SD38TBHTNK9', 'UCS-SD76TBEM2NK9', 'UCS-SD480GBM1X-EV', 'UCS-SD960GBM3X-EP', 'UCS-SD38TK1X-EV', 'UCS-SD240G61X-EV', 'UCS-SD800GBKNK9', 'UCS-SD76TK1X-EV', 'UCS-SD16T123X-EP', 'UCS-SD960GK1X-EV=', 'UCS-SD76T6S1X-EV', 'UCS-SD32T123X-EP', 'UCS-SD19T6S1X-EV=', 'UCS-SD800G123X-EP', 'UCS-SD120GM1X-EV=', 'UCS-SD480G63X-EP=', 'UCS-SD960G6I1X-EV', 'UCS-SD960GBM3X-EP=', 'UCS-SD480G61X-EV', 'UCS-SD38TB121X-EV', 'UCS-SD960G121X-EV', 'UCS-SD19TBM3X-EP=', 'UCS-SD600GBE3NK9', 'UCS-SD800GBENK9', 'UCS-SD800GK3X-EP=', 'UCS-SD15TK1X-EV', 'UCS-SD960G63X-EP=', 'UCS-SD76T61X-EV', 'UCS-SD960GBHTNK9', 'UCS-SD38T2HTNK9', 'UCS-SD16TBENK9', 'UCS-SD800G12TX-EP', 'UCS-SD480G6I1X-EV=', 'UCS-SD38TBKNK9=', 'UCS-SD32TK3X-EP', 'UCS-SD240GBE1NK9', 'UCS-SD76TBM1X-EV', 'UCS-SD38T6I1X-EV', 'UCS-SD960GK1X-EV', 'UCS-SD76T6S1X-EV=', 'UCS-SD480GBHTNK9', 'UCS-SD960GH61X-EV', 'UCS-SD16TBHNK9', 'UCS-SD960GBKNK9=', 'UCS-SD16TM1X-EV', 'UCS-SD480G63X-EP', 'UCS-SD480GH61X-EV', 'UCS-SD19T63X-EP=', 'UCS-SD76TM1X-EV', 'UCS-SD19TBM1X-EV=', 'UCS-SD19T61X-EV', 'UCS-SD76TBKNK9', 'UCS-SD960G63X-EP', 'UCS-SD19TB121X-EV', 'UCS-SD480GBM3X-EP=', 'UCS-SD32H123X-EP', 'UCS-SD16TK3X-EP', 'UCS-SD960G6S1X-EV', 'UCS-SD76TBM1X-EV=', 'UCS-SD120GM1X-EV', 'UCS-SD38TBKNK9', 'UCS-SD38T61X-EV=', 'UCS-SD960G6S1X-EV=', 'UCS-SD400G123X-EP', 'UCS-SD240GM1X-EV', 'UCS-SD480GM1X-EV', 'UCS-SD960GBM1X-EV', 'UCS-SD960GBE1NK9', 'UCS-SD960G61X-EV', 'UCS-SD960G2HTNK9', 'UCS-SD150G61X-EV', 'UCS-SD16TBKNK9', 'UCS-SD16TBM1X-EV', 'UCS-SD960GBM1X-EV=', 'UCS-SD38TK1X-EV=', 'UCS-SD16H123X-EP', 'UCS-SD480GBM1X-EV=', 'UCS-SD480G6I1X-EV', 'UCS-SD400G12TX-EP', 'UCS-SD800H123X-EP', 'UCS-SD16TBKNK9=', 'UCS-SD19TK1X-EV', 'UCS-SD800GK3X-EP', 'UCS-SD960GBKNK9', 'UCS-SD400GBENK9', 'UCS-SD19T6S1X-EV', 'UCS-SD19TK1X-EV=', 'UCS-SD960G6I1X-EV=', 'UCS-SD19T61X-EV=', 'UCS-SD800GBHNK9', 'UCS-SD38T6S1X-EV', 'UCS-SD400GBHNK9', 'UCS-SD15TK1X-EV=', 'UCS-SD19TH61X-EV']","['UCS-HD600G15NK9=', 'UCS-HD1T7K12N=', 'UCS-HD24TB10K4KN12.4', 'UCS-HD900G15K12N', 'UCS-HD18TB10K4KN=', 'UCS-HD2T7K12N', 'UCS-HD300G10NK9', 'UCS-HD1T7K12N', 'UCS-HD18T10NK9=', 'UCS-HD300G15K12N=', 'UCS-HD12T10NK9', 'UCS-HD12TB10K12N', 'UCS-HD600G10K12N=', 'UCS-HD24T10NK9', 'UCS-HD12T10NK9=', 'UCS-HD600G10K12N', 'UCS-HD600G15NK9', 'UCS-HD600G15K12N=', 'UCS-HD300G10K12N=', 'UCS-HD600G15K12N', 'UCS-HD300G15K12N', 'UCS-HD18T10NK9', 'UCS-HD12TB10K12N=', 'UCS-HD24T10NK9=', 'UCS-HD300G10K12N', 'UCS-HD18TB10K4KN11.8', 'UCS-HD1T7K6GAN=', 'UCS-HD1T7K6GAN', 'UCS-HD900G15K12N=', 'UCS-HD24TB10K4KN=', 'UCS-HD2T7K12N=']",8GB,2666,1,4,DDR4,RDIMM,ECC,1.2V,STD,1,,,is_encoded,c220m5-sff-specsheet.pdf,https://www.cisco.com/c/dam/en/us/products/collateral/servers-unified-computing/ucs-c-series-rack-servers/c220m5-sff-specsheet.pdf,https://www.cisco.com/c/dam/en/us/products/collateral/servers-unified-computing/ucs-c-series-rack-servers/c220m5-sff-specsheet.pdf,,,8D4ER14266612S1,1Rx4,"('1Rx4', '2Rx4', '8Rx4')",,,,
Cisco,UCS-MR-X16G1RW,Cisco UCS C220 M5 SFF Rack Server,Cisco,UCS,C220 M5 SFF,UCS-MR-X16G1RW1 16 GB DDR4-3200MHz RDIMM 1Rx4 (8Gb) 1.2 V 1 Intel® Optane™ Persistent,['24'],,,,,,memory,"['6226', '6238', '6246R', '4215', '8276L', '6240R', '5222', '6242R', '6226R', '6230R', '4215R', '8260M', '8276', '5218B', '6262V', '8260L', '8280M', '8260', '8280L', '6240Y', '6240M', '8268', '5218R', '6250', '4216', '6246', '8270', '6252N', '6258R', '4214R', '6244', '6240', '5215M', '4214', '8280', '5218N', '5217', '5220R', '5218', '5220', '8276M', '6238M', '6240L', '6254', '8253', '4214Y', '6252', '6242', '5220S', '4210', '6248', '6230', '6238R', '5215', '8260Y', '6222V', '4210R', '3206R', '6230N', '3204', '6234', '6238L', '4208', '6248R', '5215L']","['UCS-MR-X16G1RW=', 'UCS-MR-128G8RS-H', 'UCS-MR-X64G2RW=', 'UCS-MR-X32G2RT-H', 'UCS-MR-X16G1RS-H', 'UCS-MR-X16G1RW1', 'UCS-MR-X64G2RT-H', 'UCS-MR-X32G2RS-H', 'UCS-MR-X8G1RS-H', 'UCS-MR-X32G2RW1', 'UCS-MR-X16G2RS-H', 'UCS-MR-X32G2RW=', 'UCS-MR-X32G2RSHM', 'UCS-MR-X64G4RS-H', 'UCS-MR-X16G1RSHM', 'UCS-MR-X16G1RT-H', 'UCS-MR-X64G2RW1', 'UCS-MR-X32G2RSHS']","['UCS-SD240GBM1X-EV=', 'UCS-SD19TBM3X-EP', 'UCS-SD16TK3X-EP=', 'UCS-SD800GBKNK9=', 'UCS-SD38T6I1X-EV=', 'UCS-SD19T63X-EP', 'UCS-SD38TBM1X-EV', 'UCS-SD32TK3X-EP=', 'UCS-SD16T61X-EV', 'UCS-SD38TBE1NK9', 'UCS-SD19TBM1X-EV', 'UCS-SD16TBM1X-EV=', 'UCS-SD16TB12TX-EP', 'UCS-SD480G121X-EV', 'UCS-SD400H123X-EP', 'UCS-SD480GBM3X-EP', 'UCS-SD76TBKNK9=', 'UCS-SD38T61X-EV', 'UCS-SD76TK1X-EV=', 'UCS-SD38TBM1X-EV=', 'UCS-SD32TKA3X-EP', 'UCS-SD240GBM1X-EV', 'UCS-SD480G2HNK9', 'UCS-SD960GBM2NK9', 'UCS-SD38T6S1X-EV=', 'UCS-SD38TH61X-EV', 'UCS-SD38TM1X-EV', 'UCS-SD38TBHTNK9', 'UCS-SD76TBEM2NK9', 'UCS-SD480GBM1X-EV', 'UCS-SD960GBM3X-EP', 'UCS-SD38TK1X-EV', 'UCS-SD240G61X-EV', 'UCS-SD800GBKNK9', 'UCS-SD76TK1X-EV', 'UCS-SD16T123X-EP', 'UCS-SD960GK1X-EV=', 'UCS-SD76T6S1X-EV', 'UCS-SD32T123X-EP', 'UCS-SD19T6S1X-EV=', 'UCS-SD800G123X-EP', 'UCS-SD120GM1X-EV=', 'UCS-SD480G63X-EP=', 'UCS-SD960G6I1X-EV', 'UCS-SD960GBM3X-EP=', 'UCS-SD480G61X-EV', 'UCS-SD38TB121X-EV', 'UCS-SD960G121X-EV', 'UCS-SD19TBM3X-EP=', 'UCS-SD600GBE3NK9', 'UCS-SD800GBENK9', 'UCS-SD800GK3X-EP=', 'UCS-SD15TK1X-EV', 'UCS-SD960G63X-EP=', 'UCS-SD76T61X-EV', 'UCS-SD960GBHTNK9', 'UCS-SD38T2HTNK9', 'UCS-SD16TBENK9', 'UCS-SD800G12TX-EP', 'UCS-SD480G6I1X-EV=', 'UCS-SD38TBKNK9=', 'UCS-SD32TK3X-EP', 'UCS-SD240GBE1NK9', 'UCS-SD76TBM1X-EV', 'UCS-SD38T6I1X-EV', 'UCS-SD960GK1X-EV', 'UCS-SD76T6S1X-EV=', 'UCS-SD480GBHTNK9', 'UCS-SD960GH61X-EV', 'UCS-SD16TBHNK9', 'UCS-SD960GBKNK9=', 'UCS-SD16TM1X-EV', 'UCS-SD480G63X-EP', 'UCS-SD480GH61X-EV', 'UCS-SD19T63X-EP=', 'UCS-SD76TM1X-EV', 'UCS-SD19TBM1X-EV=', 'UCS-SD19T61X-EV', 'UCS-SD76TBKNK9', 'UCS-SD960G63X-EP', 'UCS-SD19TB121X-EV', 'UCS-SD480GBM3X-EP=', 'UCS-SD32H123X-EP', 'UCS-SD16TK3X-EP', 'UCS-SD960G6S1X-EV', 'UCS-SD76TBM1X-EV=', 'UCS-SD120GM1X-EV', 'UCS-SD38TBKNK9', 'UCS-SD38T61X-EV=', 'UCS-SD960G6S1X-EV=', 'UCS-SD400G123X-EP', 'UCS-SD240GM1X-EV', 'UCS-SD480GM1X-EV', 'UCS-SD960GBM1X-EV', 'UCS-SD960GBE1NK9', 'UCS-SD960G61X-EV', 'UCS-SD960G2HTNK9', 'UCS-SD150G61X-EV', 'UCS-SD16TBKNK9', 'UCS-SD16TBM1X-EV', 'UCS-SD960GBM1X-EV=', 'UCS-SD38TK1X-EV=', 'UCS-SD16H123X-EP', 'UCS-SD480GBM1X-EV=', 'UCS-SD480G6I1X-EV', 'UCS-SD400G12TX-EP', 'UCS-SD800H123X-EP', 'UCS-SD16TBKNK9=', 'UCS-SD19TK1X-EV', 'UCS-SD800GK3X-EP', 'UCS-SD960GBKNK9', 'UCS-SD400GBENK9', 'UCS-SD19T6S1X-EV', 'UCS-SD19TK1X-EV=', 'UCS-SD960G6I1X-EV=', 'UCS-SD19T61X-EV=', 'UCS-SD800GBHNK9', 'UCS-SD38T6S1X-EV', 'UCS-SD400GBHNK9', 'UCS-SD15TK1X-EV=', 'UCS-SD19TH61X-EV']","['UCS-HD600G15NK9=', 'UCS-HD1T7K12N=', 'UCS-HD24TB10K4KN12.4', 'UCS-HD900G15K12N', 'UCS-HD18TB10K4KN=', 'UCS-HD2T7K12N', 'UCS-HD300G10NK9', 'UCS-HD1T7K12N', 'UCS-HD18T10NK9=', 'UCS-HD300G15K12N=', 'UCS-HD12T10NK9', 'UCS-HD12TB10K12N', 'UCS-HD600G10K12N=', 'UCS-HD24T10NK9', 'UCS-HD12T10NK9=', 'UCS-HD600G10K12N', 'UCS-HD600G15NK9', 'UCS-HD600G15K12N=', 'UCS-HD300G10K12N=', 'UCS-HD600G15K12N', 'UCS-HD300G15K12N', 'UCS-HD18T10NK9', 'UCS-HD12TB10K12N=', 'UCS-HD24T10NK9=', 'UCS-HD300G10K12N', 'UCS-HD18TB10K4KN11.8', 'UCS-HD1T7K6GAN=', 'UCS-HD1T7K6GAN', 'UCS-HD900G15K12N=', 'UCS-HD24TB10K4KN=', 'UCS-HD2T7K12N=']",16GB,3200,1,4,DDR4,RDIMM,ECC,1.2V,STD,1,,,is_encoded,c220m5-sff-specsheet.pdf,https://www.cisco.com/c/dam/en/us/products/collateral/servers-unified-computing/ucs-c-series-rack-servers/c220m5-sff-specsheet.pdf,https://www.cisco.com/c/dam/en/us/products/collateral/servers-unified-computing/ucs-c-series-rack-servers/c220m5-sff-specsheet.pdf,,,16D4ER14320012S1,1Rx4,"('1Rx4', '2Rx4', '8Rx4')",,,,
Cisco,UCS-MR-X16G1RW,Cisco UCS C220 M5 SFF Rack Server,Cisco,UCS,C220 M5 SFF,UCS-MR-X16G1RW 16GB DDR4-3200MHz RDIMM 1Rx4 (8Gb),['24'],,,,,,memory,"['6226', '6238', '6246R', '4215', '8276L', '6240R', '5222', '6242R', '6226R', '6230R', '4215R', '8260M', '8276', '5218B', '6262V', '8260L', '8280M', '8260', '8280L', '6240Y', '6240M', '8268', '5218R', '6250', '4216', '6246', '8270', '6252N', '6258R', '4214R', '6244', '6240', '5215M', '4214', '8280', '5218N', '5217', '5220R', '5218', '5220', '8276M', '6238M', '6240L', '6254', '8253', '4214Y', '6252', '6242', '5220S', '4210', '6248', '6230', '6238R', '5215', '8260Y', '6222V', '4210R', '3206R', '6230N', '3204', '6234', '6238L', '4208', '6248R', '5215L']","['UCS-MR-X16G1RW=', 'UCS-MR-128G8RS-H', 'UCS-MR-X64G2RW=', 'UCS-MR-X32G2RT-H', 'UCS-MR-X16G1RS-H', 'UCS-MR-X16G1RW1', 'UCS-MR-X64G2RT-H', 'UCS-MR-X32G2RS-H', 'UCS-MR-X8G1RS-H', 'UCS-MR-X32G2RW1', 'UCS-MR-X16G2RS-H', 'UCS-MR-X32G2RW=', 'UCS-MR-X32G2RSHM', 'UCS-MR-X64G4RS-H', 'UCS-MR-X16G1RSHM', 'UCS-MR-X16G1RT-H', 'UCS-MR-X64G2RW1', 'UCS-MR-X32G2RSHS']","['UCS-SD240GBM1X-EV=', 'UCS-SD19TBM3X-EP', 'UCS-SD16TK3X-EP=', 'UCS-SD800GBKNK9=', 'UCS-SD38T6I1X-EV=', 'UCS-SD19T63X-EP', 'UCS-SD38TBM1X-EV', 'UCS-SD32TK3X-EP=', 'UCS-SD16T61X-EV', 'UCS-SD38TBE1NK9', 'UCS-SD19TBM1X-EV', 'UCS-SD16TBM1X-EV=', 'UCS-SD16TB12TX-EP', 'UCS-SD480G121X-EV', 'UCS-SD400H123X-EP', 'UCS-SD480GBM3X-EP', 'UCS-SD76TBKNK9=', 'UCS-SD38T61X-EV', 'UCS-SD76TK1X-EV=', 'UCS-SD38TBM1X-EV=', 'UCS-SD32TKA3X-EP', 'UCS-SD240GBM1X-EV', 'UCS-SD480G2HNK9', 'UCS-SD960GBM2NK9', 'UCS-SD38T6S1X-EV=', 'UCS-SD38TH61X-EV', 'UCS-SD38TM1X-EV', 'UCS-SD38TBHTNK9', 'UCS-SD76TBEM2NK9', 'UCS-SD480GBM1X-EV', 'UCS-SD960GBM3X-EP', 'UCS-SD38TK1X-EV', 'UCS-SD240G61X-EV', 'UCS-SD800GBKNK9', 'UCS-SD76TK1X-EV', 'UCS-SD16T123X-EP', 'UCS-SD960GK1X-EV=', 'UCS-SD76T6S1X-EV', 'UCS-SD32T123X-EP', 'UCS-SD19T6S1X-EV=', 'UCS-SD800G123X-EP', 'UCS-SD120GM1X-EV=', 'UCS-SD480G63X-EP=', 'UCS-SD960G6I1X-EV', 'UCS-SD960GBM3X-EP=', 'UCS-SD480G61X-EV', 'UCS-SD38TB121X-EV', 'UCS-SD960G121X-EV', 'UCS-SD19TBM3X-EP=', 'UCS-SD600GBE3NK9', 'UCS-SD800GBENK9', 'UCS-SD800GK3X-EP=', 'UCS-SD15TK1X-EV', 'UCS-SD960G63X-EP=', 'UCS-SD76T61X-EV', 'UCS-SD960GBHTNK9', 'UCS-SD38T2HTNK9', 'UCS-SD16TBENK9', 'UCS-SD800G12TX-EP', 'UCS-SD480G6I1X-EV=', 'UCS-SD38TBKNK9=', 'UCS-SD32TK3X-EP', 'UCS-SD240GBE1NK9', 'UCS-SD76TBM1X-EV', 'UCS-SD38T6I1X-EV', 'UCS-SD960GK1X-EV', 'UCS-SD76T6S1X-EV=', 'UCS-SD480GBHTNK9', 'UCS-SD960GH61X-EV', 'UCS-SD16TBHNK9', 'UCS-SD960GBKNK9=', 'UCS-SD16TM1X-EV', 'UCS-SD480G63X-EP', 'UCS-SD480GH61X-EV', 'UCS-SD19T63X-EP=', 'UCS-SD76TM1X-EV', 'UCS-SD19TBM1X-EV=', 'UCS-SD19T61X-EV', 'UCS-SD76TBKNK9', 'UCS-SD960G63X-EP', 'UCS-SD19TB121X-EV', 'UCS-SD480GBM3X-EP=', 'UCS-SD32H123X-EP', 'UCS-SD16TK3X-EP', 'UCS-SD960G6S1X-EV', 'UCS-SD76TBM1X-EV=', 'UCS-SD120GM1X-EV', 'UCS-SD38TBKNK9', 'UCS-SD38T61X-EV=', 'UCS-SD960G6S1X-EV=', 'UCS-SD400G123X-EP', 'UCS-SD240GM1X-EV', 'UCS-SD480GM1X-EV', 'UCS-SD960GBM1X-EV', 'UCS-SD960GBE1NK9', 'UCS-SD960G61X-EV', 'UCS-SD960G2HTNK9', 'UCS-SD150G61X-EV', 'UCS-SD16TBKNK9', 'UCS-SD16TBM1X-EV', 'UCS-SD960GBM1X-EV=', 'UCS-SD38TK1X-EV=', 'UCS-SD16H123X-EP', 'UCS-SD480GBM1X-EV=', 'UCS-SD480G6I1X-EV', 'UCS-SD400G12TX-EP', 'UCS-SD800H123X-EP', 'UCS-SD16TBKNK9=', 'UCS-SD19TK1X-EV', 'UCS-SD800GK3X-EP', 'UCS-SD960GBKNK9', 'UCS-SD400GBENK9', 'UCS-SD19T6S1X-EV', 'UCS-SD19TK1X-EV=', 'UCS-SD960G6I1X-EV=', 'UCS-SD19T61X-EV=', 'UCS-SD800GBHNK9', 'UCS-SD38T6S1X-EV', 'UCS-SD400GBHNK9', 'UCS-SD15TK1X-EV=', 'UCS-SD19TH61X-EV']","['UCS-HD600G15NK9=', 'UCS-HD1T7K12N=', 'UCS-HD24TB10K4KN12.4', 'UCS-HD900G15K12N', 'UCS-HD18TB10K4KN=', 'UCS-HD2T7K12N', 'UCS-HD300G10NK9', 'UCS-HD1T7K12N', 'UCS-HD18T10NK9=', 'UCS-HD300G15K12N=', 'UCS-HD12T10NK9', 'UCS-HD12TB10K12N', 'UCS-HD600G10K12N=', 'UCS-HD24T10NK9', 'UCS-HD12T10NK9=', 'UCS-HD600G10K12N', 'UCS-HD600G15NK9', 'UCS-HD600G15K12N=', 'UCS-HD300G10K12N=', 'UCS-HD600G15K12N', 'UCS-HD300G15K12N', 'UCS-HD18T10NK9', 'UCS-HD12TB10K12N=', 'UCS-HD24T10NK9=', 'UCS-HD300G10K12N', 'UCS-HD18TB10K4KN11.8', 'UCS-HD1T7K6GAN=', 'UCS-HD1T7K6GAN', 'UCS-HD900G15K12N=', 'UCS-HD24TB10K4KN=', 'UCS-HD2T7K12N=']",16GB,3200,1,4,DDR4,RDIMM,ECC,1.2V,STD,1,,,is_encoded,c220m5-sff-specsheet.pdf,https://www.cisco.com/c/dam/en/us/products/collateral/servers-unified-computing/ucs-c-series-rack-servers/c220m5-sff-specsheet.pdf,https://www.cisco.com/c/dam/en/us/products/collateral/servers-unified-computing/ucs-c-series-rack-servers/c220m5-sff-specsheet.pdf,,,16D4ER14320012S1,1Rx4,"('1Rx4', '2Rx4', '8Rx4')",,,,
Cisco,UCS-MR-X16G1RT-H,Cisco UCS C220 M5 SFF Rack Server,Cisco,UCS,C220 M5 SFF,UCS-MR-X16G1RT-H 16GB DDR4-2933MHz RDIMM 1Rx4 (8Gb)/1.2v,['24'],,,,,,memory,"['6226', '6238', '6246R', '4215', '8276L', '6240R', '5222', '6242R', '6226R', '6230R', '4215R', '8260M', '8276', '5218B', '6262V', '8260L', '8280M', '8260', '8280L', '6240Y', '6240M', '8268', '5218R', '6250', '4216', '6246', '8270', '6252N', '6258R', '4214R', '6244', '6240', '5215M', '4214', '8280', '5218N', '5217', '5220R', '5218', '5220', '8276M', '6238M', '6240L', '6254', '8253', '4214Y', '6252', '6242', '5220S', '4210', '6248', '6230', '6238R', '5215', '8260Y', '6222V', '4210R', '3206R', '6230N', '3204', '6234', '6238L', '4208', '6248R', '5215L']","['UCS-MR-X16G1RW=', 'UCS-MR-128G8RS-H', 'UCS-MR-X64G2RW=', 'UCS-MR-X32G2RT-H', 'UCS-MR-X16G1RS-H', 'UCS-MR-X16G1RW1', 'UCS-MR-X64G2RT-H', 'UCS-MR-X32G2RS-H', 'UCS-MR-X8G1RS-H', 'UCS-MR-X32G2RW1', 'UCS-MR-X16G2RS-H', 'UCS-MR-X32G2RW=', 'UCS-MR-X32G2RSHM', 'UCS-MR-X64G4RS-H', 'UCS-MR-X16G1RSHM', 'UCS-MR-X16G1RT-H', 'UCS-MR-X64G2RW1', 'UCS-MR-X32G2RSHS']","['UCS-SD240GBM1X-EV=', 'UCS-SD19TBM3X-EP', 'UCS-SD16TK3X-EP=', 'UCS-SD800GBKNK9=', 'UCS-SD38T6I1X-EV=', 'UCS-SD19T63X-EP', 'UCS-SD38TBM1X-EV', 'UCS-SD32TK3X-EP=', 'UCS-SD16T61X-EV', 'UCS-SD38TBE1NK9', 'UCS-SD19TBM1X-EV', 'UCS-SD16TBM1X-EV=', 'UCS-SD16TB12TX-EP', 'UCS-SD480G121X-EV', 'UCS-SD400H123X-EP', 'UCS-SD480GBM3X-EP', 'UCS-SD76TBKNK9=', 'UCS-SD38T61X-EV', 'UCS-SD76TK1X-EV=', 'UCS-SD38TBM1X-EV=', 'UCS-SD32TKA3X-EP', 'UCS-SD240GBM1X-EV', 'UCS-SD480G2HNK9', 'UCS-SD960GBM2NK9', 'UCS-SD38T6S1X-EV=', 'UCS-SD38TH61X-EV', 'UCS-SD38TM1X-EV', 'UCS-SD38TBHTNK9', 'UCS-SD76TBEM2NK9', 'UCS-SD480GBM1X-EV', 'UCS-SD960GBM3X-EP', 'UCS-SD38TK1X-EV', 'UCS-SD240G61X-EV', 'UCS-SD800GBKNK9', 'UCS-SD76TK1X-EV', 'UCS-SD16T123X-EP', 'UCS-SD960GK1X-EV=', 'UCS-SD76T6S1X-EV', 'UCS-SD32T123X-EP', 'UCS-SD19T6S1X-EV=', 'UCS-SD800G123X-EP', 'UCS-SD120GM1X-EV=', 'UCS-SD480G63X-EP=', 'UCS-SD960G6I1X-EV', 'UCS-SD960GBM3X-EP=', 'UCS-SD480G61X-EV', 'UCS-SD38TB121X-EV', 'UCS-SD960G121X-EV', 'UCS-SD19TBM3X-EP=', 'UCS-SD600GBE3NK9', 'UCS-SD800GBENK9', 'UCS-SD800GK3X-EP=', 'UCS-SD15TK1X-EV', 'UCS-SD960G63X-EP=', 'UCS-SD76T61X-EV', 'UCS-SD960GBHTNK9', 'UCS-SD38T2HTNK9', 'UCS-SD16TBENK9', 'UCS-SD800G12TX-EP', 'UCS-SD480G6I1X-EV=', 'UCS-SD38TBKNK9=', 'UCS-SD32TK3X-EP', 'UCS-SD240GBE1NK9', 'UCS-SD76TBM1X-EV', 'UCS-SD38T6I1X-EV', 'UCS-SD960GK1X-EV', 'UCS-SD76T6S1X-EV=', 'UCS-SD480GBHTNK9', 'UCS-SD960GH61X-EV', 'UCS-SD16TBHNK9', 'UCS-SD960GBKNK9=', 'UCS-SD16TM1X-EV', 'UCS-SD480G63X-EP', 'UCS-SD480GH61X-EV', 'UCS-SD19T63X-EP=', 'UCS-SD76TM1X-EV', 'UCS-SD19TBM1X-EV=', 'UCS-SD19T61X-EV', 'UCS-SD76TBKNK9', 'UCS-SD960G63X-EP', 'UCS-SD19TB121X-EV', 'UCS-SD480GBM3X-EP=', 'UCS-SD32H123X-EP', 'UCS-SD16TK3X-EP', 'UCS-SD960G6S1X-EV', 'UCS-SD76TBM1X-EV=', 'UCS-SD120GM1X-EV', 'UCS-SD38TBKNK9', 'UCS-SD38T61X-EV=', 'UCS-SD960G6S1X-EV=', 'UCS-SD400G123X-EP', 'UCS-SD240GM1X-EV', 'UCS-SD480GM1X-EV', 'UCS-SD960GBM1X-EV', 'UCS-SD960GBE1NK9', 'UCS-SD960G61X-EV', 'UCS-SD960G2HTNK9', 'UCS-SD150G61X-EV', 'UCS-SD16TBKNK9', 'UCS-SD16TBM1X-EV', 'UCS-SD960GBM1X-EV=', 'UCS-SD38TK1X-EV=', 'UCS-SD16H123X-EP', 'UCS-SD480GBM1X-EV=', 'UCS-SD480G6I1X-EV', 'UCS-SD400G12TX-EP', 'UCS-SD800H123X-EP', 'UCS-SD16TBKNK9=', 'UCS-SD19TK1X-EV', 'UCS-SD800GK3X-EP', 'UCS-SD960GBKNK9', 'UCS-SD400GBENK9', 'UCS-SD19T6S1X-EV', 'UCS-SD19TK1X-EV=', 'UCS-SD960G6I1X-EV=', 'UCS-SD19T61X-EV=', 'UCS-SD800GBHNK9', 'UCS-SD38T6S1X-EV', 'UCS-SD400GBHNK9', 'UCS-SD15TK1X-EV=', 'UCS-SD19TH61X-EV']","['UCS-HD600G15NK9=', 'UCS-HD1T7K12N=', 'UCS-HD24TB10K4KN12.4', 'UCS-HD900G15K12N', 'UCS-HD18TB10K4KN=', 'UCS-HD2T7K12N', 'UCS-HD300G10NK9', 'UCS-HD1T7K12N', 'UCS-HD18T10NK9=', 'UCS-HD300G15K12N=', 'UCS-HD12T10NK9', 'UCS-HD12TB10K12N', 'UCS-HD600G10K12N=', 'UCS-HD24T10NK9', 'UCS-HD12T10NK9=', 'UCS-HD600G10K12N', 'UCS-HD600G15NK9', 'UCS-HD600G15K12N=', 'UCS-HD300G10K12N=', 'UCS-HD600G15K12N', 'UCS-HD300G15K12N', 'UCS-HD18T10NK9', 'UCS-HD12TB10K12N=', 'UCS-HD24T10NK9=', 'UCS-HD300G10K12N', 'UCS-HD18TB10K4KN11.8', 'UCS-HD1T7K6GAN=', 'UCS-HD1T7K6GAN', 'UCS-HD900G15K12N=', 'UCS-HD24TB10K4KN=', 'UCS-HD2T7K12N=']",16GB,2933,1,4,DDR4,RDIMM,ECC,1.2V,STD,1,,,is_encoded,c220m5-sff-specsheet.pdf,https://www.cisco.com/c/dam/en/us/products/collateral/servers-unified-computing/ucs-c-series-rack-servers/c220m5-sff-specsheet.pdf,https://www.cisco.com/c/dam/en/us/products/collateral/servers-unified-computing/ucs-c-series-rack-servers/c220m5-sff-specsheet.pdf,,,16D4ER14293312S1,1Rx4,"('1Rx4', '2Rx4', '8Rx4')",,,,
Cisco,UCS-MR-X16G1RS-H,Cisco UCS C220 M5 SFF Rack Server,Cisco,UCS,C220 M5 SFF,UCS-MR-X16G1RS-H 16GB DDR4-2666-MHz RDIMM/PC4-21300/single rank/x4/1.2v,['24'],,,,,,memory,"['6226', '6238', '6246R', '4215', '8276L', '6240R', '5222', '6242R', '6226R', '6230R', '4215R', '8260M', '8276', '5218B', '6262V', '8260L', '8280M', '8260', '8280L', '6240Y', '6240M', '8268', '5218R', '6250', '4216', '6246', '8270', '6252N', '6258R', '4214R', '6244', '6240', '5215M', '4214', '8280', '5218N', '5217', '5220R', '5218', '5220', '8276M', '6238M', '6240L', '6254', '8253', '4214Y', '6252', '6242', '5220S', '4210', '6248', '6230', '6238R', '5215', '8260Y', '6222V', '4210R', '3206R', '6230N', '3204', '6234', '6238L', '4208', '6248R', '5215L']","['UCS-MR-X16G1RW=', 'UCS-MR-128G8RS-H', 'UCS-MR-X64G2RW=', 'UCS-MR-X32G2RT-H', 'UCS-MR-X16G1RS-H', 'UCS-MR-X16G1RW1', 'UCS-MR-X64G2RT-H', 'UCS-MR-X32G2RS-H', 'UCS-MR-X8G1RS-H', 'UCS-MR-X32G2RW1', 'UCS-MR-X16G2RS-H', 'UCS-MR-X32G2RW=', 'UCS-MR-X32G2RSHM', 'UCS-MR-X64G4RS-H', 'UCS-MR-X16G1RSHM', 'UCS-MR-X16G1RT-H', 'UCS-MR-X64G2RW1', 'UCS-MR-X32G2RSHS']","['UCS-SD240GBM1X-EV=', 'UCS-SD19TBM3X-EP', 'UCS-SD16TK3X-EP=', 'UCS-SD800GBKNK9=', 'UCS-SD38T6I1X-EV=', 'UCS-SD19T63X-EP', 'UCS-SD38TBM1X-EV', 'UCS-SD32TK3X-EP=', 'UCS-SD16T61X-EV', 'UCS-SD38TBE1NK9', 'UCS-SD19TBM1X-EV', 'UCS-SD16TBM1X-EV=', 'UCS-SD16TB12TX-EP', 'UCS-SD480G121X-EV', 'UCS-SD400H123X-EP', 'UCS-SD480GBM3X-EP', 'UCS-SD76TBKNK9=', 'UCS-SD38T61X-EV', 'UCS-SD76TK1X-EV=', 'UCS-SD38TBM1X-EV=', 'UCS-SD32TKA3X-EP', 'UCS-SD240GBM1X-EV', 'UCS-SD480G2HNK9', 'UCS-SD960GBM2NK9', 'UCS-SD38T6S1X-EV=', 'UCS-SD38TH61X-EV', 'UCS-SD38TM1X-EV', 'UCS-SD38TBHTNK9', 'UCS-SD76TBEM2NK9', 'UCS-SD480GBM1X-EV', 'UCS-SD960GBM3X-EP', 'UCS-SD38TK1X-EV', 'UCS-SD240G61X-EV', 'UCS-SD800GBKNK9', 'UCS-SD76TK1X-EV', 'UCS-SD16T123X-EP', 'UCS-SD960GK1X-EV=', 'UCS-SD76T6S1X-EV', 'UCS-SD32T123X-EP', 'UCS-SD19T6S1X-EV=', 'UCS-SD800G123X-EP', 'UCS-SD120GM1X-EV=', 'UCS-SD480G63X-EP=', 'UCS-SD960G6I1X-EV', 'UCS-SD960GBM3X-EP=', 'UCS-SD480G61X-EV', 'UCS-SD38TB121X-EV', 'UCS-SD960G121X-EV', 'UCS-SD19TBM3X-EP=', 'UCS-SD600GBE3NK9', 'UCS-SD800GBENK9', 'UCS-SD800GK3X-EP=', 'UCS-SD15TK1X-EV', 'UCS-SD960G63X-EP=', 'UCS-SD76T61X-EV', 'UCS-SD960GBHTNK9', 'UCS-SD38T2HTNK9', 'UCS-SD16TBENK9', 'UCS-SD800G12TX-EP', 'UCS-SD480G6I1X-EV=', 'UCS-SD38TBKNK9=', 'UCS-SD32TK3X-EP', 'UCS-SD240GBE1NK9', 'UCS-SD76TBM1X-EV', 'UCS-SD38T6I1X-EV', 'UCS-SD960GK1X-EV', 'UCS-SD76T6S1X-EV=', 'UCS-SD480GBHTNK9', 'UCS-SD960GH61X-EV', 'UCS-SD16TBHNK9', 'UCS-SD960GBKNK9=', 'UCS-SD16TM1X-EV', 'UCS-SD480G63X-EP', 'UCS-SD480GH61X-EV', 'UCS-SD19T63X-EP=', 'UCS-SD76TM1X-EV', 'UCS-SD19TBM1X-EV=', 'UCS-SD19T61X-EV', 'UCS-SD76TBKNK9', 'UCS-SD960G63X-EP', 'UCS-SD19TB121X-EV', 'UCS-SD480GBM3X-EP=', 'UCS-SD32H123X-EP', 'UCS-SD16TK3X-EP', 'UCS-SD960G6S1X-EV', 'UCS-SD76TBM1X-EV=', 'UCS-SD120GM1X-EV', 'UCS-SD38TBKNK9', 'UCS-SD38T61X-EV=', 'UCS-SD960G6S1X-EV=', 'UCS-SD400G123X-EP', 'UCS-SD240GM1X-EV', 'UCS-SD480GM1X-EV', 'UCS-SD960GBM1X-EV', 'UCS-SD960GBE1NK9', 'UCS-SD960G61X-EV', 'UCS-SD960G2HTNK9', 'UCS-SD150G61X-EV', 'UCS-SD16TBKNK9', 'UCS-SD16TBM1X-EV', 'UCS-SD960GBM1X-EV=', 'UCS-SD38TK1X-EV=', 'UCS-SD16H123X-EP', 'UCS-SD480GBM1X-EV=', 'UCS-SD480G6I1X-EV', 'UCS-SD400G12TX-EP', 'UCS-SD800H123X-EP', 'UCS-SD16TBKNK9=', 'UCS-SD19TK1X-EV', 'UCS-SD800GK3X-EP', 'UCS-SD960GBKNK9', 'UCS-SD400GBENK9', 'UCS-SD19T6S1X-EV', 'UCS-SD19TK1X-EV=', 'UCS-SD960G6I1X-EV=', 'UCS-SD19T61X-EV=', 'UCS-SD800GBHNK9', 'UCS-SD38T6S1X-EV', 'UCS-SD400GBHNK9', 'UCS-SD15TK1X-EV=', 'UCS-SD19TH61X-EV']","['UCS-HD600G15NK9=', 'UCS-HD1T7K12N=', 'UCS-HD24TB10K4KN12.4', 'UCS-HD900G15K12N', 'UCS-HD18TB10K4KN=', 'UCS-HD2T7K12N', 'UCS-HD300G10NK9', 'UCS-HD1T7K12N', 'UCS-HD18T10NK9=', 'UCS-HD300G15K12N=', 'UCS-HD12T10NK9', 'UCS-HD12TB10K12N', 'UCS-HD600G10K12N=', 'UCS-HD24T10NK9', 'UCS-HD12T10NK9=', 'UCS-HD600G10K12N', 'UCS-HD600G15NK9', 'UCS-HD600G15K12N=', 'UCS-HD300G10K12N=', 'UCS-HD600G15K12N', 'UCS-HD300G15K12N', 'UCS-HD18T10NK9', 'UCS-HD12TB10K12N=', 'UCS-HD24T10NK9=', 'UCS-HD300G10K12N', 'UCS-HD18TB10K4KN11.8', 'UCS-HD1T7K6GAN=', 'UCS-HD1T7K6GAN', 'UCS-HD900G15K12N=', 'UCS-HD24TB10K4KN=', 'UCS-HD2T7K12N=']",16GB,2666,1,4,DDR4,RDIMM,ECC,1.2V,STD,1,,,is_encoded,c220m5-sff-specsheet.pdf,https://www.cisco.com/c/dam/en/us/products/collateral/servers-unified-computing/ucs-c-series-rack-servers/c220m5-sff-specsheet.pdf,https://www.cisco.com/c/dam/en/us/products/collateral/servers-unified-computing/ucs-c-series-rack-servers/c220m5-sff-specsheet.pdf,,,16D4ER14266612S1,1Rx4,"('1Rx4', '2Rx4', '8Rx4')",,,,
Cisco,UCS-MR-X16G1RSHM,Cisco UCS C220 M5 SFF Rack Server,Cisco,UCS,C220 M5 SFF,UCS-MR-X16G1RSHM 16GB DDR4-2666-MHz RDIMM/single rank/x4/1.2v. Micron only,['24'],,,,,,memory,"['6226', '6238', '6246R', '4215', '8276L', '6240R', '5222', '6242R', '6226R', '6230R', '4215R', '8260M', '8276', '5218B', '6262V', '8260L', '8280M', '8260', '8280L', '6240Y', '6240M', '8268', '5218R', '6250', '4216', '6246', '8270', '6252N', '6258R', '4214R', '6244', '6240', '5215M', '4214', '8280', '5218N', '5217', '5220R', '5218', '5220', '8276M', '6238M', '6240L', '6254', '8253', '4214Y', '6252', '6242', '5220S', '4210', '6248', '6230', '6238R', '5215', '8260Y', '6222V', '4210R', '3206R', '6230N', '3204', '6234', '6238L', '4208', '6248R', '5215L']","['UCS-MR-X16G1RW=', 'UCS-MR-128G8RS-H', 'UCS-MR-X64G2RW=', 'UCS-MR-X32G2RT-H', 'UCS-MR-X16G1RS-H', 'UCS-MR-X16G1RW1', 'UCS-MR-X64G2RT-H', 'UCS-MR-X32G2RS-H', 'UCS-MR-X8G1RS-H', 'UCS-MR-X32G2RW1', 'UCS-MR-X16G2RS-H', 'UCS-MR-X32G2RW=', 'UCS-MR-X32G2RSHM', 'UCS-MR-X64G4RS-H', 'UCS-MR-X16G1RSHM', 'UCS-MR-X16G1RT-H', 'UCS-MR-X64G2RW1', 'UCS-MR-X32G2RSHS']","['UCS-SD240GBM1X-EV=', 'UCS-SD19TBM3X-EP', 'UCS-SD16TK3X-EP=', 'UCS-SD800GBKNK9=', 'UCS-SD38T6I1X-EV=', 'UCS-SD19T63X-EP', 'UCS-SD38TBM1X-EV', 'UCS-SD32TK3X-EP=', 'UCS-SD16T61X-EV', 'UCS-SD38TBE1NK9', 'UCS-SD19TBM1X-EV', 'UCS-SD16TBM1X-EV=', 'UCS-SD16TB12TX-EP', 'UCS-SD480G121X-EV', 'UCS-SD400H123X-EP', 'UCS-SD480GBM3X-EP', 'UCS-SD76TBKNK9=', 'UCS-SD38T61X-EV', 'UCS-SD76TK1X-EV=', 'UCS-SD38TBM1X-EV=', 'UCS-SD32TKA3X-EP', 'UCS-SD240GBM1X-EV', 'UCS-SD480G2HNK9', 'UCS-SD960GBM2NK9', 'UCS-SD38T6S1X-EV=', 'UCS-SD38TH61X-EV', 'UCS-SD38TM1X-EV', 'UCS-SD38TBHTNK9', 'UCS-SD76TBEM2NK9', 'UCS-SD480GBM1X-EV', 'UCS-SD960GBM3X-EP', 'UCS-SD38TK1X-EV', 'UCS-SD240G61X-EV', 'UCS-SD800GBKNK9', 'UCS-SD76TK1X-EV', 'UCS-SD16T123X-EP', 'UCS-SD960GK1X-EV=', 'UCS-SD76T6S1X-EV', 'UCS-SD32T123X-EP', 'UCS-SD19T6S1X-EV=', 'UCS-SD800G123X-EP', 'UCS-SD120GM1X-EV=', 'UCS-SD480G63X-EP=', 'UCS-SD960G6I1X-EV', 'UCS-SD960GBM3X-EP=', 'UCS-SD480G61X-EV', 'UCS-SD38TB121X-EV', 'UCS-SD960G121X-EV', 'UCS-SD19TBM3X-EP=', 'UCS-SD600GBE3NK9', 'UCS-SD800GBENK9', 'UCS-SD800GK3X-EP=', 'UCS-SD15TK1X-EV', 'UCS-SD960G63X-EP=', 'UCS-SD76T61X-EV', 'UCS-SD960GBHTNK9', 'UCS-SD38T2HTNK9', 'UCS-SD16TBENK9', 'UCS-SD800G12TX-EP', 'UCS-SD480G6I1X-EV=', 'UCS-SD38TBKNK9=', 'UCS-SD32TK3X-EP', 'UCS-SD240GBE1NK9', 'UCS-SD76TBM1X-EV', 'UCS-SD38T6I1X-EV', 'UCS-SD960GK1X-EV', 'UCS-SD76T6S1X-EV=', 'UCS-SD480GBHTNK9', 'UCS-SD960GH61X-EV', 'UCS-SD16TBHNK9', 'UCS-SD960GBKNK9=', 'UCS-SD16TM1X-EV', 'UCS-SD480G63X-EP', 'UCS-SD480GH61X-EV', 'UCS-SD19T63X-EP=', 'UCS-SD76TM1X-EV', 'UCS-SD19TBM1X-EV=', 'UCS-SD19T61X-EV', 'UCS-SD76TBKNK9', 'UCS-SD960G63X-EP', 'UCS-SD19TB121X-EV', 'UCS-SD480GBM3X-EP=', 'UCS-SD32H123X-EP', 'UCS-SD16TK3X-EP', 'UCS-SD960G6S1X-EV', 'UCS-SD76TBM1X-EV=', 'UCS-SD120GM1X-EV', 'UCS-SD38TBKNK9', 'UCS-SD38T61X-EV=', 'UCS-SD960G6S1X-EV=', 'UCS-SD400G123X-EP', 'UCS-SD240GM1X-EV', 'UCS-SD480GM1X-EV', 'UCS-SD960GBM1X-EV', 'UCS-SD960GBE1NK9', 'UCS-SD960G61X-EV', 'UCS-SD960G2HTNK9', 'UCS-SD150G61X-EV', 'UCS-SD16TBKNK9', 'UCS-SD16TBM1X-EV', 'UCS-SD960GBM1X-EV=', 'UCS-SD38TK1X-EV=', 'UCS-SD16H123X-EP', 'UCS-SD480GBM1X-EV=', 'UCS-SD480G6I1X-EV', 'UCS-SD400G12TX-EP', 'UCS-SD800H123X-EP', 'UCS-SD16TBKNK9=', 'UCS-SD19TK1X-EV', 'UCS-SD800GK3X-EP', 'UCS-SD960GBKNK9', 'UCS-SD400GBENK9', 'UCS-SD19T6S1X-EV', 'UCS-SD19TK1X-EV=', 'UCS-SD960G6I1X-EV=', 'UCS-SD19T61X-EV=', 'UCS-SD800GBHNK9', 'UCS-SD38T6S1X-EV', 'UCS-SD400GBHNK9', 'UCS-SD15TK1X-EV=', 'UCS-SD19TH61X-EV']","['UCS-HD600G15NK9=', 'UCS-HD1T7K12N=', 'UCS-HD24TB10K4KN12.4', 'UCS-HD900G15K12N', 'UCS-HD18TB10K4KN=', 'UCS-HD2T7K12N', 'UCS-HD300G10NK9', 'UCS-HD1T7K12N', 'UCS-HD18T10NK9=', 'UCS-HD300G15K12N=', 'UCS-HD12T10NK9', 'UCS-HD12TB10K12N', 'UCS-HD600G10K12N=', 'UCS-HD24T10NK9', 'UCS-HD12T10NK9=', 'UCS-HD600G10K12N', 'UCS-HD600G15NK9', 'UCS-HD600G15K12N=', 'UCS-HD300G10K12N=', 'UCS-HD600G15K12N', 'UCS-HD300G15K12N', 'UCS-HD18T10NK9', 'UCS-HD12TB10K12N=', 'UCS-HD24T10NK9=', 'UCS-HD300G10K12N', 'UCS-HD18TB10K4KN11.8', 'UCS-HD1T7K6GAN=', 'UCS-HD1T7K6GAN', 'UCS-HD900G15K12N=', 'UCS-HD24TB10K4KN=', 'UCS-HD2T7K12N=']",16GB,2666,1,4,DDR4,RDIMM,ECC,1.2V,STD,1,,,is_encoded,c220m5-sff-specsheet.pdf,https://www.cisco.com/c/dam/en/us/products/collateral/servers-unified-computing/ucs-c-series-rack-servers/c220m5-sff-specsheet.pdf,https://www.cisco.com/c/dam/en/us/products/collateral/servers-unified-computing/ucs-c-series-rack-servers/c220m5-sff-specsheet.pdf,,,16D4ER14266612S1,1Rx4,"('1Rx4', '2Rx4', '8Rx4')",,,,
Cisco,UCS-MR-X64G2RW,Cisco UCS C220 M5 SFF Rack Server,Cisco,UCS,C220 M5 SFF,UCS-MR-X64G2RW1 64 GB DDR4-3200MHz RDIMM 2Rx4 (16Gb) 1.2 V 2,['24'],,,,,,memory,"['6226', '6238', '6246R', '4215', '8276L', '6240R', '5222', '6242R', '6226R', '6230R', '4215R', '8260M', '8276', '5218B', '6262V', '8260L', '8280M', '8260', '8280L', '6240Y', '6240M', '8268', '5218R', '6250', '4216', '6246', '8270', '6252N', '6258R', '4214R', '6244', '6240', '5215M', '4214', '8280', '5218N', '5217', '5220R', '5218', '5220', '8276M', '6238M', '6240L', '6254', '8253', '4214Y', '6252', '6242', '5220S', '4210', '6248', '6230', '6238R', '5215', '8260Y', '6222V', '4210R', '3206R', '6230N', '3204', '6234', '6238L', '4208', '6248R', '5215L']","['UCS-MR-X16G1RW=', 'UCS-MR-128G8RS-H', 'UCS-MR-X64G2RW=', 'UCS-MR-X32G2RT-H', 'UCS-MR-X16G1RS-H', 'UCS-MR-X16G1RW1', 'UCS-MR-X64G2RT-H', 'UCS-MR-X32G2RS-H', 'UCS-MR-X8G1RS-H', 'UCS-MR-X32G2RW1', 'UCS-MR-X16G2RS-H', 'UCS-MR-X32G2RW=', 'UCS-MR-X32G2RSHM', 'UCS-MR-X64G4RS-H', 'UCS-MR-X16G1RSHM', 'UCS-MR-X16G1RT-H', 'UCS-MR-X64G2RW1', 'UCS-MR-X32G2RSHS']","['UCS-SD240GBM1X-EV=', 'UCS-SD19TBM3X-EP', 'UCS-SD16TK3X-EP=', 'UCS-SD800GBKNK9=', 'UCS-SD38T6I1X-EV=', 'UCS-SD19T63X-EP', 'UCS-SD38TBM1X-EV', 'UCS-SD32TK3X-EP=', 'UCS-SD16T61X-EV', 'UCS-SD38TBE1NK9', 'UCS-SD19TBM1X-EV', 'UCS-SD16TBM1X-EV=', 'UCS-SD16TB12TX-EP', 'UCS-SD480G121X-EV', 'UCS-SD400H123X-EP', 'UCS-SD480GBM3X-EP', 'UCS-SD76TBKNK9=', 'UCS-SD38T61X-EV', 'UCS-SD76TK1X-EV=', 'UCS-SD38TBM1X-EV=', 'UCS-SD32TKA3X-EP', 'UCS-SD240GBM1X-EV', 'UCS-SD480G2HNK9', 'UCS-SD960GBM2NK9', 'UCS-SD38T6S1X-EV=', 'UCS-SD38TH61X-EV', 'UCS-SD38TM1X-EV', 'UCS-SD38TBHTNK9', 'UCS-SD76TBEM2NK9', 'UCS-SD480GBM1X-EV', 'UCS-SD960GBM3X-EP', 'UCS-SD38TK1X-EV', 'UCS-SD240G61X-EV', 'UCS-SD800GBKNK9', 'UCS-SD76TK1X-EV', 'UCS-SD16T123X-EP', 'UCS-SD960GK1X-EV=', 'UCS-SD76T6S1X-EV', 'UCS-SD32T123X-EP', 'UCS-SD19T6S1X-EV=', 'UCS-SD800G123X-EP', 'UCS-SD120GM1X-EV=', 'UCS-SD480G63X-EP=', 'UCS-SD960G6I1X-EV', 'UCS-SD960GBM3X-EP=', 'UCS-SD480G61X-EV', 'UCS-SD38TB121X-EV', 'UCS-SD960G121X-EV', 'UCS-SD19TBM3X-EP=', 'UCS-SD600GBE3NK9', 'UCS-SD800GBENK9', 'UCS-SD800GK3X-EP=', 'UCS-SD15TK1X-EV', 'UCS-SD960G63X-EP=', 'UCS-SD76T61X-EV', 'UCS-SD960GBHTNK9', 'UCS-SD38T2HTNK9', 'UCS-SD16TBENK9', 'UCS-SD800G12TX-EP', 'UCS-SD480G6I1X-EV=', 'UCS-SD38TBKNK9=', 'UCS-SD32TK3X-EP', 'UCS-SD240GBE1NK9', 'UCS-SD76TBM1X-EV', 'UCS-SD38T6I1X-EV', 'UCS-SD960GK1X-EV', 'UCS-SD76T6S1X-EV=', 'UCS-SD480GBHTNK9', 'UCS-SD960GH61X-EV', 'UCS-SD16TBHNK9', 'UCS-SD960GBKNK9=', 'UCS-SD16TM1X-EV', 'UCS-SD480G63X-EP', 'UCS-SD480GH61X-EV', 'UCS-SD19T63X-EP=', 'UCS-SD76TM1X-EV', 'UCS-SD19TBM1X-EV=', 'UCS-SD19T61X-EV', 'UCS-SD76TBKNK9', 'UCS-SD960G63X-EP', 'UCS-SD19TB121X-EV', 'UCS-SD480GBM3X-EP=', 'UCS-SD32H123X-EP', 'UCS-SD16TK3X-EP', 'UCS-SD960G6S1X-EV', 'UCS-SD76TBM1X-EV=', 'UCS-SD120GM1X-EV', 'UCS-SD38TBKNK9', 'UCS-SD38T61X-EV=', 'UCS-SD960G6S1X-EV=', 'UCS-SD400G123X-EP', 'UCS-SD240GM1X-EV', 'UCS-SD480GM1X-EV', 'UCS-SD960GBM1X-EV', 'UCS-SD960GBE1NK9', 'UCS-SD960G61X-EV', 'UCS-SD960G2HTNK9', 'UCS-SD150G61X-EV', 'UCS-SD16TBKNK9', 'UCS-SD16TBM1X-EV', 'UCS-SD960GBM1X-EV=', 'UCS-SD38TK1X-EV=', 'UCS-SD16H123X-EP', 'UCS-SD480GBM1X-EV=', 'UCS-SD480G6I1X-EV', 'UCS-SD400G12TX-EP', 'UCS-SD800H123X-EP', 'UCS-SD16TBKNK9=', 'UCS-SD19TK1X-EV', 'UCS-SD800GK3X-EP', 'UCS-SD960GBKNK9', 'UCS-SD400GBENK9', 'UCS-SD19T6S1X-EV', 'UCS-SD19TK1X-EV=', 'UCS-SD960G6I1X-EV=', 'UCS-SD19T61X-EV=', 'UCS-SD800GBHNK9', 'UCS-SD38T6S1X-EV', 'UCS-SD400GBHNK9', 'UCS-SD15TK1X-EV=', 'UCS-SD19TH61X-EV']","['UCS-HD600G15NK9=', 'UCS-HD1T7K12N=', 'UCS-HD24TB10K4KN12.4', 'UCS-HD900G15K12N', 'UCS-HD18TB10K4KN=', 'UCS-HD2T7K12N', 'UCS-HD300G10NK9', 'UCS-HD1T7K12N', 'UCS-HD18T10NK9=', 'UCS-HD300G15K12N=', 'UCS-HD12T10NK9', 'UCS-HD12TB10K12N', 'UCS-HD600G10K12N=', 'UCS-HD24T10NK9', 'UCS-HD12T10NK9=', 'UCS-HD600G10K12N', 'UCS-HD600G15NK9', 'UCS-HD600G15K12N=', 'UCS-HD300G10K12N=', 'UCS-HD600G15K12N', 'UCS-HD300G15K12N', 'UCS-HD18T10NK9', 'UCS-HD12TB10K12N=', 'UCS-HD24T10NK9=', 'UCS-HD300G10K12N', 'UCS-HD18TB10K4KN11.8', 'UCS-HD1T7K6GAN=', 'UCS-HD1T7K6GAN', 'UCS-HD900G15K12N=', 'UCS-HD24TB10K4KN=', 'UCS-HD2T7K12N=']",64GB,3200,2,4,DDR4,RDIMM,ECC,1.2V,STD,1,,,is_encoded,c220m5-sff-specsheet.pdf,https://www.cisco.com/c/dam/en/us/products/collateral/servers-unified-computing/ucs-c-series-rack-servers/c220m5-sff-specsheet.pdf,https://www.cisco.com/c/dam/en/us/products/collateral/servers-unified-computing/ucs-c-series-rack-servers/c220m5-sff-specsheet.pdf,,,64D4ER24320012S1,2Rx4,"('1Rx4', '2Rx4', '8Rx4')",,,,
Cisco,UCS-MR-X64G2RW,Cisco UCS C220 M5 SFF Rack Server,Cisco,UCS,C220 M5 SFF,UCS-MR-X64G2RW 64GB DDR4-3200MHz RDIMM 2Rx4 (16Gb),['24'],,,,,,memory,"['6226', '6238', '6246R', '4215', '8276L', '6240R', '5222', '6242R', '6226R', '6230R', '4215R', '8260M', '8276', '5218B', '6262V', '8260L', '8280M', '8260', '8280L', '6240Y', '6240M', '8268', '5218R', '6250', '4216', '6246', '8270', '6252N', '6258R', '4214R', '6244', '6240', '5215M', '4214', '8280', '5218N', '5217', '5220R', '5218', '5220', '8276M', '6238M', '6240L', '6254', '8253', '4214Y', '6252', '6242', '5220S', '4210', '6248', '6230', '6238R', '5215', '8260Y', '6222V', '4210R', '3206R', '6230N', '3204', '6234', '6238L', '4208', '6248R', '5215L']","['UCS-MR-X16G1RW=', 'UCS-MR-128G8RS-H', 'UCS-MR-X64G2RW=', 'UCS-MR-X32G2RT-H', 'UCS-MR-X16G1RS-H', 'UCS-MR-X16G1RW1', 'UCS-MR-X64G2RT-H', 'UCS-MR-X32G2RS-H', 'UCS-MR-X8G1RS-H', 'UCS-MR-X32G2RW1', 'UCS-MR-X16G2RS-H', 'UCS-MR-X32G2RW=', 'UCS-MR-X32G2RSHM', 'UCS-MR-X64G4RS-H', 'UCS-MR-X16G1RSHM', 'UCS-MR-X16G1RT-H', 'UCS-MR-X64G2RW1', 'UCS-MR-X32G2RSHS']","['UCS-SD240GBM1X-EV=', 'UCS-SD19TBM3X-EP', 'UCS-SD16TK3X-EP=', 'UCS-SD800GBKNK9=', 'UCS-SD38T6I1X-EV=', 'UCS-SD19T63X-EP', 'UCS-SD38TBM1X-EV', 'UCS-SD32TK3X-EP=', 'UCS-SD16T61X-EV', 'UCS-SD38TBE1NK9', 'UCS-SD19TBM1X-EV', 'UCS-SD16TBM1X-EV=', 'UCS-SD16TB12TX-EP', 'UCS-SD480G121X-EV', 'UCS-SD400H123X-EP', 'UCS-SD480GBM3X-EP', 'UCS-SD76TBKNK9=', 'UCS-SD38T61X-EV', 'UCS-SD76TK1X-EV=', 'UCS-SD38TBM1X-EV=', 'UCS-SD32TKA3X-EP', 'UCS-SD240GBM1X-EV', 'UCS-SD480G2HNK9', 'UCS-SD960GBM2NK9', 'UCS-SD38T6S1X-EV=', 'UCS-SD38TH61X-EV', 'UCS-SD38TM1X-EV', 'UCS-SD38TBHTNK9', 'UCS-SD76TBEM2NK9', 'UCS-SD480GBM1X-EV', 'UCS-SD960GBM3X-EP', 'UCS-SD38TK1X-EV', 'UCS-SD240G61X-EV', 'UCS-SD800GBKNK9', 'UCS-SD76TK1X-EV', 'UCS-SD16T123X-EP', 'UCS-SD960GK1X-EV=', 'UCS-SD76T6S1X-EV', 'UCS-SD32T123X-EP', 'UCS-SD19T6S1X-EV=', 'UCS-SD800G123X-EP', 'UCS-SD120GM1X-EV=', 'UCS-SD480G63X-EP=', 'UCS-SD960G6I1X-EV', 'UCS-SD960GBM3X-EP=', 'UCS-SD480G61X-EV', 'UCS-SD38TB121X-EV', 'UCS-SD960G121X-EV', 'UCS-SD19TBM3X-EP=', 'UCS-SD600GBE3NK9', 'UCS-SD800GBENK9', 'UCS-SD800GK3X-EP=', 'UCS-SD15TK1X-EV', 'UCS-SD960G63X-EP=', 'UCS-SD76T61X-EV', 'UCS-SD960GBHTNK9', 'UCS-SD38T2HTNK9', 'UCS-SD16TBENK9', 'UCS-SD800G12TX-EP', 'UCS-SD480G6I1X-EV=', 'UCS-SD38TBKNK9=', 'UCS-SD32TK3X-EP', 'UCS-SD240GBE1NK9', 'UCS-SD76TBM1X-EV', 'UCS-SD38T6I1X-EV', 'UCS-SD960GK1X-EV', 'UCS-SD76T6S1X-EV=', 'UCS-SD480GBHTNK9', 'UCS-SD960GH61X-EV', 'UCS-SD16TBHNK9', 'UCS-SD960GBKNK9=', 'UCS-SD16TM1X-EV', 'UCS-SD480G63X-EP', 'UCS-SD480GH61X-EV', 'UCS-SD19T63X-EP=', 'UCS-SD76TM1X-EV', 'UCS-SD19TBM1X-EV=', 'UCS-SD19T61X-EV', 'UCS-SD76TBKNK9', 'UCS-SD960G63X-EP', 'UCS-SD19TB121X-EV', 'UCS-SD480GBM3X-EP=', 'UCS-SD32H123X-EP', 'UCS-SD16TK3X-EP', 'UCS-SD960G6S1X-EV', 'UCS-SD76TBM1X-EV=', 'UCS-SD120GM1X-EV', 'UCS-SD38TBKNK9', 'UCS-SD38T61X-EV=', 'UCS-SD960G6S1X-EV=', 'UCS-SD400G123X-EP', 'UCS-SD240GM1X-EV', 'UCS-SD480GM1X-EV', 'UCS-SD960GBM1X-EV', 'UCS-SD960GBE1NK9', 'UCS-SD960G61X-EV', 'UCS-SD960G2HTNK9', 'UCS-SD150G61X-EV', 'UCS-SD16TBKNK9', 'UCS-SD16TBM1X-EV', 'UCS-SD960GBM1X-EV=', 'UCS-SD38TK1X-EV=', 'UCS-SD16H123X-EP', 'UCS-SD480GBM1X-EV=', 'UCS-SD480G6I1X-EV', 'UCS-SD400G12TX-EP', 'UCS-SD800H123X-EP', 'UCS-SD16TBKNK9=', 'UCS-SD19TK1X-EV', 'UCS-SD800GK3X-EP', 'UCS-SD960GBKNK9', 'UCS-SD400GBENK9', 'UCS-SD19T6S1X-EV', 'UCS-SD19TK1X-EV=', 'UCS-SD960G6I1X-EV=', 'UCS-SD19T61X-EV=', 'UCS-SD800GBHNK9', 'UCS-SD38T6S1X-EV', 'UCS-SD400GBHNK9', 'UCS-SD15TK1X-EV=', 'UCS-SD19TH61X-EV']","['UCS-HD600G15NK9=', 'UCS-HD1T7K12N=', 'UCS-HD24TB10K4KN12.4', 'UCS-HD900G15K12N', 'UCS-HD18TB10K4KN=', 'UCS-HD2T7K12N', 'UCS-HD300G10NK9', 'UCS-HD1T7K12N', 'UCS-HD18T10NK9=', 'UCS-HD300G15K12N=', 'UCS-HD12T10NK9', 'UCS-HD12TB10K12N', 'UCS-HD600G10K12N=', 'UCS-HD24T10NK9', 'UCS-HD12T10NK9=', 'UCS-HD600G10K12N', 'UCS-HD600G15NK9', 'UCS-HD600G15K12N=', 'UCS-HD300G10K12N=', 'UCS-HD600G15K12N', 'UCS-HD300G15K12N', 'UCS-HD18T10NK9', 'UCS-HD12TB10K12N=', 'UCS-HD24T10NK9=', 'UCS-HD300G10K12N', 'UCS-HD18TB10K4KN11.8', 'UCS-HD1T7K6GAN=', 'UCS-HD1T7K6GAN', 'UCS-HD900G15K12N=', 'UCS-HD24TB10K4KN=', 'UCS-HD2T7K12N=']",64GB,3200,2,4,DDR4,RDIMM,ECC,1.2V,STD,1,,,is_encoded,c220m5-sff-specsheet.pdf,https://www.cisco.com/c/dam/en/us/products/collateral/servers-unified-computing/ucs-c-series-rack-servers/c220m5-sff-specsheet.pdf,https://www.cisco.com/c/dam/en/us/products/collateral/servers-unified-computing/ucs-c-series-rack-servers/c220m5-sff-specsheet.pdf,,,64D4ER24320012S1,2Rx4,"('1Rx4', '2Rx4', '8Rx4')",,,,
Cisco,UCS-MR-X64G2RT-H,Cisco UCS C220 M5 SFF Rack Server,Cisco,UCS,C220 M5 SFF,UCS-MR-X64G2RT-H 64GB DDR4-2933MHz RDIMM 2Rx4 (16Gb)/1.2v,['24'],,,,,,memory,"['6226', '6238', '6246R', '4215', '8276L', '6240R', '5222', '6242R', '6226R', '6230R', '4215R', '8260M', '8276', '5218B', '6262V', '8260L', '8280M', '8260', '8280L', '6240Y', '6240M', '8268', '5218R', '6250', '4216', '6246', '8270', '6252N', '6258R', '4214R', '6244', '6240', '5215M', '4214', '8280', '5218N', '5217', '5220R', '5218', '5220', '8276M', '6238M', '6240L', '6254', '8253', '4214Y', '6252', '6242', '5220S', '4210', '6248', '6230', '6238R', '5215', '8260Y', '6222V', '4210R', '3206R', '6230N', '3204', '6234', '6238L', '4208', '6248R', '5215L']","['UCS-MR-X16G1RW=', 'UCS-MR-128G8RS-H', 'UCS-MR-X64G2RW=', 'UCS-MR-X32G2RT-H', 'UCS-MR-X16G1RS-H', 'UCS-MR-X16G1RW1', 'UCS-MR-X64G2RT-H', 'UCS-MR-X32G2RS-H', 'UCS-MR-X8G1RS-H', 'UCS-MR-X32G2RW1', 'UCS-MR-X16G2RS-H', 'UCS-MR-X32G2RW=', 'UCS-MR-X32G2RSHM', 'UCS-MR-X64G4RS-H', 'UCS-MR-X16G1RSHM', 'UCS-MR-X16G1RT-H', 'UCS-MR-X64G2RW1', 'UCS-MR-X32G2RSHS']","['UCS-SD240GBM1X-EV=', 'UCS-SD19TBM3X-EP', 'UCS-SD16TK3X-EP=', 'UCS-SD800GBKNK9=', 'UCS-SD38T6I1X-EV=', 'UCS-SD19T63X-EP', 'UCS-SD38TBM1X-EV', 'UCS-SD32TK3X-EP=', 'UCS-SD16T61X-EV', 'UCS-SD38TBE1NK9', 'UCS-SD19TBM1X-EV', 'UCS-SD16TBM1X-EV=', 'UCS-SD16TB12TX-EP', 'UCS-SD480G121X-EV', 'UCS-SD400H123X-EP', 'UCS-SD480GBM3X-EP', 'UCS-SD76TBKNK9=', 'UCS-SD38T61X-EV', 'UCS-SD76TK1X-EV=', 'UCS-SD38TBM1X-EV=', 'UCS-SD32TKA3X-EP', 'UCS-SD240GBM1X-EV', 'UCS-SD480G2HNK9', 'UCS-SD960GBM2NK9', 'UCS-SD38T6S1X-EV=', 'UCS-SD38TH61X-EV', 'UCS-SD38TM1X-EV', 'UCS-SD38TBHTNK9', 'UCS-SD76TBEM2NK9', 'UCS-SD480GBM1X-EV', 'UCS-SD960GBM3X-EP', 'UCS-SD38TK1X-EV', 'UCS-SD240G61X-EV', 'UCS-SD800GBKNK9', 'UCS-SD76TK1X-EV', 'UCS-SD16T123X-EP', 'UCS-SD960GK1X-EV=', 'UCS-SD76T6S1X-EV', 'UCS-SD32T123X-EP', 'UCS-SD19T6S1X-EV=', 'UCS-SD800G123X-EP', 'UCS-SD120GM1X-EV=', 'UCS-SD480G63X-EP=', 'UCS-SD960G6I1X-EV', 'UCS-SD960GBM3X-EP=', 'UCS-SD480G61X-EV', 'UCS-SD38TB121X-EV', 'UCS-SD960G121X-EV', 'UCS-SD19TBM3X-EP=', 'UCS-SD600GBE3NK9', 'UCS-SD800GBENK9', 'UCS-SD800GK3X-EP=', 'UCS-SD15TK1X-EV', 'UCS-SD960G63X-EP=', 'UCS-SD76T61X-EV', 'UCS-SD960GBHTNK9', 'UCS-SD38T2HTNK9', 'UCS-SD16TBENK9', 'UCS-SD800G12TX-EP', 'UCS-SD480G6I1X-EV=', 'UCS-SD38TBKNK9=', 'UCS-SD32TK3X-EP', 'UCS-SD240GBE1NK9', 'UCS-SD76TBM1X-EV', 'UCS-SD38T6I1X-EV', 'UCS-SD960GK1X-EV', 'UCS-SD76T6S1X-EV=', 'UCS-SD480GBHTNK9', 'UCS-SD960GH61X-EV', 'UCS-SD16TBHNK9', 'UCS-SD960GBKNK9=', 'UCS-SD16TM1X-EV', 'UCS-SD480G63X-EP', 'UCS-SD480GH61X-EV', 'UCS-SD19T63X-EP=', 'UCS-SD76TM1X-EV', 'UCS-SD19TBM1X-EV=', 'UCS-SD19T61X-EV', 'UCS-SD76TBKNK9', 'UCS-SD960G63X-EP', 'UCS-SD19TB121X-EV', 'UCS-SD480GBM3X-EP=', 'UCS-SD32H123X-EP', 'UCS-SD16TK3X-EP', 'UCS-SD960G6S1X-EV', 'UCS-SD76TBM1X-EV=', 'UCS-SD120GM1X-EV', 'UCS-SD38TBKNK9', 'UCS-SD38T61X-EV=', 'UCS-SD960G6S1X-EV=', 'UCS-SD400G123X-EP', 'UCS-SD240GM1X-EV', 'UCS-SD480GM1X-EV', 'UCS-SD960GBM1X-EV', 'UCS-SD960GBE1NK9', 'UCS-SD960G61X-EV', 'UCS-SD960G2HTNK9', 'UCS-SD150G61X-EV', 'UCS-SD16TBKNK9', 'UCS-SD16TBM1X-EV', 'UCS-SD960GBM1X-EV=', 'UCS-SD38TK1X-EV=', 'UCS-SD16H123X-EP', 'UCS-SD480GBM1X-EV=', 'UCS-SD480G6I1X-EV', 'UCS-SD400G12TX-EP', 'UCS-SD800H123X-EP', 'UCS-SD16TBKNK9=', 'UCS-SD19TK1X-EV', 'UCS-SD800GK3X-EP', 'UCS-SD960GBKNK9', 'UCS-SD400GBENK9', 'UCS-SD19T6S1X-EV', 'UCS-SD19TK1X-EV=', 'UCS-SD960G6I1X-EV=', 'UCS-SD19T61X-EV=', 'UCS-SD800GBHNK9', 'UCS-SD38T6S1X-EV', 'UCS-SD400GBHNK9', 'UCS-SD15TK1X-EV=', 'UCS-SD19TH61X-EV']","['UCS-HD600G15NK9=', 'UCS-HD1T7K12N=', 'UCS-HD24TB10K4KN12.4', 'UCS-HD900G15K12N', 'UCS-HD18TB10K4KN=', 'UCS-HD2T7K12N', 'UCS-HD300G10NK9', 'UCS-HD1T7K12N', 'UCS-HD18T10NK9=', 'UCS-HD300G15K12N=', 'UCS-HD12T10NK9', 'UCS-HD12TB10K12N', 'UCS-HD600G10K12N=', 'UCS-HD24T10NK9', 'UCS-HD12T10NK9=', 'UCS-HD600G10K12N', 'UCS-HD600G15NK9', 'UCS-HD600G15K12N=', 'UCS-HD300G10K12N=', 'UCS-HD600G15K12N', 'UCS-HD300G15K12N', 'UCS-HD18T10NK9', 'UCS-HD12TB10K12N=', 'UCS-HD24T10NK9=', 'UCS-HD300G10K12N', 'UCS-HD18TB10K4KN11.8', 'UCS-HD1T7K6GAN=', 'UCS-HD1T7K6GAN', 'UCS-HD900G15K12N=', 'UCS-HD24TB10K4KN=', 'UCS-HD2T7K12N=']",64GB,2933,2,4,DDR4,RDIMM,ECC,1.2V,STD,1,,,is_encoded,c220m5-sff-specsheet.pdf,https://www.cisco.com/c/dam/en/us/products/collateral/servers-unified-computing/ucs-c-series-rack-servers/c220m5-sff-specsheet.pdf,https://www.cisco.com/c/dam/en/us/products/collateral/servers-unified-computing/ucs-c-series-rack-servers/c220m5-sff-specsheet.pdf,,,64D4ER24293312S1,2Rx4,"('1Rx4', '2Rx4', '8Rx4')",,,,
Cisco,UCS-MR-X32G2RW,Cisco UCS C220 M5 SFF Rack Server,Cisco,UCS,C220 M5 SFF,UCS-MR-X32G2RW1 32 GB DDR4-3200MHz RDIMM 2Rx4 (8Gb) 1.2 V 2,['24'],,,,,,memory,"['6226', '6238', '6246R', '4215', '8276L', '6240R', '5222', '6242R', '6226R', '6230R', '4215R', '8260M', '8276', '5218B', '6262V', '8260L', '8280M', '8260', '8280L', '6240Y', '6240M', '8268', '5218R', '6250', '4216', '6246', '8270', '6252N', '6258R', '4214R', '6244', '6240', '5215M', '4214', '8280', '5218N', '5217', '5220R', '5218', '5220', '8276M', '6238M', '6240L', '6254', '8253', '4214Y', '6252', '6242', '5220S', '4210', '6248', '6230', '6238R', '5215', '8260Y', '6222V', '4210R', '3206R', '6230N', '3204', '6234', '6238L', '4208', '6248R', '5215L']","['UCS-MR-X16G1RW=', 'UCS-MR-128G8RS-H', 'UCS-MR-X64G2RW=', 'UCS-MR-X32G2RT-H', 'UCS-MR-X16G1RS-H', 'UCS-MR-X16G1RW1', 'UCS-MR-X64G2RT-H', 'UCS-MR-X32G2RS-H', 'UCS-MR-X8G1RS-H', 'UCS-MR-X32G2RW1', 'UCS-MR-X16G2RS-H', 'UCS-MR-X32G2RW=', 'UCS-MR-X32G2RSHM', 'UCS-MR-X64G4RS-H', 'UCS-MR-X16G1RSHM', 'UCS-MR-X16G1RT-H', 'UCS-MR-X64G2RW1', 'UCS-MR-X32G2RSHS']","['UCS-SD240GBM1X-EV=', 'UCS-SD19TBM3X-EP', 'UCS-SD16TK3X-EP=', 'UCS-SD800GBKNK9=', 'UCS-SD38T6I1X-EV=', 'UCS-SD19T63X-EP', 'UCS-SD38TBM1X-EV', 'UCS-SD32TK3X-EP=', 'UCS-SD16T61X-EV', 'UCS-SD38TBE1NK9', 'UCS-SD19TBM1X-EV', 'UCS-SD16TBM1X-EV=', 'UCS-SD16TB12TX-EP', 'UCS-SD480G121X-EV', 'UCS-SD400H123X-EP', 'UCS-SD480GBM3X-EP', 'UCS-SD76TBKNK9=', 'UCS-SD38T61X-EV', 'UCS-SD76TK1X-EV=', 'UCS-SD38TBM1X-EV=', 'UCS-SD32TKA3X-EP', 'UCS-SD240GBM1X-EV', 'UCS-SD480G2HNK9', 'UCS-SD960GBM2NK9', 'UCS-SD38T6S1X-EV=', 'UCS-SD38TH61X-EV', 'UCS-SD38TM1X-EV', 'UCS-SD38TBHTNK9', 'UCS-SD76TBEM2NK9', 'UCS-SD480GBM1X-EV', 'UCS-SD960GBM3X-EP', 'UCS-SD38TK1X-EV', 'UCS-SD240G61X-EV', 'UCS-SD800GBKNK9', 'UCS-SD76TK1X-EV', 'UCS-SD16T123X-EP', 'UCS-SD960GK1X-EV=', 'UCS-SD76T6S1X-EV', 'UCS-SD32T123X-EP', 'UCS-SD19T6S1X-EV=', 'UCS-SD800G123X-EP', 'UCS-SD120GM1X-EV=', 'UCS-SD480G63X-EP=', 'UCS-SD960G6I1X-EV', 'UCS-SD960GBM3X-EP=', 'UCS-SD480G61X-EV', 'UCS-SD38TB121X-EV', 'UCS-SD960G121X-EV', 'UCS-SD19TBM3X-EP=', 'UCS-SD600GBE3NK9', 'UCS-SD800GBENK9', 'UCS-SD800GK3X-EP=', 'UCS-SD15TK1X-EV', 'UCS-SD960G63X-EP=', 'UCS-SD76T61X-EV', 'UCS-SD960GBHTNK9', 'UCS-SD38T2HTNK9', 'UCS-SD16TBENK9', 'UCS-SD800G12TX-EP', 'UCS-SD480G6I1X-EV=', 'UCS-SD38TBKNK9=', 'UCS-SD32TK3X-EP', 'UCS-SD240GBE1NK9', 'UCS-SD76TBM1X-EV', 'UCS-SD38T6I1X-EV', 'UCS-SD960GK1X-EV', 'UCS-SD76T6S1X-EV=', 'UCS-SD480GBHTNK9', 'UCS-SD960GH61X-EV', 'UCS-SD16TBHNK9', 'UCS-SD960GBKNK9=', 'UCS-SD16TM1X-EV', 'UCS-SD480G63X-EP', 'UCS-SD480GH61X-EV', 'UCS-SD19T63X-EP=', 'UCS-SD76TM1X-EV', 'UCS-SD19TBM1X-EV=', 'UCS-SD19T61X-EV', 'UCS-SD76TBKNK9', 'UCS-SD960G63X-EP', 'UCS-SD19TB121X-EV', 'UCS-SD480GBM3X-EP=', 'UCS-SD32H123X-EP', 'UCS-SD16TK3X-EP', 'UCS-SD960G6S1X-EV', 'UCS-SD76TBM1X-EV=', 'UCS-SD120GM1X-EV', 'UCS-SD38TBKNK9', 'UCS-SD38T61X-EV=', 'UCS-SD960G6S1X-EV=', 'UCS-SD400G123X-EP', 'UCS-SD240GM1X-EV', 'UCS-SD480GM1X-EV', 'UCS-SD960GBM1X-EV', 'UCS-SD960GBE1NK9', 'UCS-SD960G61X-EV', 'UCS-SD960G2HTNK9', 'UCS-SD150G61X-EV', 'UCS-SD16TBKNK9', 'UCS-SD16TBM1X-EV', 'UCS-SD960GBM1X-EV=', 'UCS-SD38TK1X-EV=', 'UCS-SD16H123X-EP', 'UCS-SD480GBM1X-EV=', 'UCS-SD480G6I1X-EV', 'UCS-SD400G12TX-EP', 'UCS-SD800H123X-EP', 'UCS-SD16TBKNK9=', 'UCS-SD19TK1X-EV', 'UCS-SD800GK3X-EP', 'UCS-SD960GBKNK9', 'UCS-SD400GBENK9', 'UCS-SD19T6S1X-EV', 'UCS-SD19TK1X-EV=', 'UCS-SD960G6I1X-EV=', 'UCS-SD19T61X-EV=', 'UCS-SD800GBHNK9', 'UCS-SD38T6S1X-EV', 'UCS-SD400GBHNK9', 'UCS-SD15TK1X-EV=', 'UCS-SD19TH61X-EV']","['UCS-HD600G15NK9=', 'UCS-HD1T7K12N=', 'UCS-HD24TB10K4KN12.4', 'UCS-HD900G15K12N', 'UCS-HD18TB10K4KN=', 'UCS-HD2T7K12N', 'UCS-HD300G10NK9', 'UCS-HD1T7K12N', 'UCS-HD18T10NK9=', 'UCS-HD300G15K12N=', 'UCS-HD12T10NK9', 'UCS-HD12TB10K12N', 'UCS-HD600G10K12N=', 'UCS-HD24T10NK9', 'UCS-HD12T10NK9=', 'UCS-HD600G10K12N', 'UCS-HD600G15NK9', 'UCS-HD600G15K12N=', 'UCS-HD300G10K12N=', 'UCS-HD600G15K12N', 'UCS-HD300G15K12N', 'UCS-HD18T10NK9', 'UCS-HD12TB10K12N=', 'UCS-HD24T10NK9=', 'UCS-HD300G10K12N', 'UCS-HD18TB10K4KN11.8', 'UCS-HD1T7K6GAN=', 'UCS-HD1T7K6GAN', 'UCS-HD900G15K12N=', 'UCS-HD24TB10K4KN=', 'UCS-HD2T7K12N=']",32GB,3200,2,4,DDR4,RDIMM,ECC,1.2V,STD,1,,,is_encoded,c220m5-sff-specsheet.pdf,https://www.cisco.com/c/dam/en/us/products/collateral/servers-unified-computing/ucs-c-series-rack-servers/c220m5-sff-specsheet.pdf,https://www.cisco.com/c/dam/en/us/products/collateral/servers-unified-computing/ucs-c-series-rack-servers/c220m5-sff-specsheet.pdf,,,32D4ER24320012S1,2Rx4,"('1Rx4', '2Rx4', '8Rx4')",,,,
Cisco,UCS-MR-X32G2RW,Cisco UCS C220 M5 SFF Rack Server,Cisco,UCS,C220 M5 SFF,UCS-MR-X32G2RW 32GB DDR4-3200MHz RDIMM 2Rx4 (8Gb),['24'],,,,,,memory,"['6226', '6238', '6246R', '4215', '8276L', '6240R', '5222', '6242R', '6226R', '6230R', '4215R', '8260M', '8276', '5218B', '6262V', '8260L', '8280M', '8260', '8280L', '6240Y', '6240M', '8268', '5218R', '6250', '4216', '6246', '8270', '6252N', '6258R', '4214R', '6244', '6240', '5215M', '4214', '8280', '5218N', '5217', '5220R', '5218', '5220', '8276M', '6238M', '6240L', '6254', '8253', '4214Y', '6252', '6242', '5220S', '4210', '6248', '6230', '6238R', '5215', '8260Y', '6222V', '4210R', '3206R', '6230N', '3204', '6234', '6238L', '4208', '6248R', '5215L']","['UCS-MR-X16G1RW=', 'UCS-MR-128G8RS-H', 'UCS-MR-X64G2RW=', 'UCS-MR-X32G2RT-H', 'UCS-MR-X16G1RS-H', 'UCS-MR-X16G1RW1', 'UCS-MR-X64G2RT-H', 'UCS-MR-X32G2RS-H', 'UCS-MR-X8G1RS-H', 'UCS-MR-X32G2RW1', 'UCS-MR-X16G2RS-H', 'UCS-MR-X32G2RW=', 'UCS-MR-X32G2RSHM', 'UCS-MR-X64G4RS-H', 'UCS-MR-X16G1RSHM', 'UCS-MR-X16G1RT-H', 'UCS-MR-X64G2RW1', 'UCS-MR-X32G2RSHS']","['UCS-SD240GBM1X-EV=', 'UCS-SD19TBM3X-EP', 'UCS-SD16TK3X-EP=', 'UCS-SD800GBKNK9=', 'UCS-SD38T6I1X-EV=', 'UCS-SD19T63X-EP', 'UCS-SD38TBM1X-EV', 'UCS-SD32TK3X-EP=', 'UCS-SD16T61X-EV', 'UCS-SD38TBE1NK9', 'UCS-SD19TBM1X-EV', 'UCS-SD16TBM1X-EV=', 'UCS-SD16TB12TX-EP', 'UCS-SD480G121X-EV', 'UCS-SD400H123X-EP', 'UCS-SD480GBM3X-EP', 'UCS-SD76TBKNK9=', 'UCS-SD38T61X-EV', 'UCS-SD76TK1X-EV=', 'UCS-SD38TBM1X-EV=', 'UCS-SD32TKA3X-EP', 'UCS-SD240GBM1X-EV', 'UCS-SD480G2HNK9', 'UCS-SD960GBM2NK9', 'UCS-SD38T6S1X-EV=', 'UCS-SD38TH61X-EV', 'UCS-SD38TM1X-EV', 'UCS-SD38TBHTNK9', 'UCS-SD76TBEM2NK9', 'UCS-SD480GBM1X-EV', 'UCS-SD960GBM3X-EP', 'UCS-SD38TK1X-EV', 'UCS-SD240G61X-EV', 'UCS-SD800GBKNK9', 'UCS-SD76TK1X-EV', 'UCS-SD16T123X-EP', 'UCS-SD960GK1X-EV=', 'UCS-SD76T6S1X-EV', 'UCS-SD32T123X-EP', 'UCS-SD19T6S1X-EV=', 'UCS-SD800G123X-EP', 'UCS-SD120GM1X-EV=', 'UCS-SD480G63X-EP=', 'UCS-SD960G6I1X-EV', 'UCS-SD960GBM3X-EP=', 'UCS-SD480G61X-EV', 'UCS-SD38TB121X-EV', 'UCS-SD960G121X-EV', 'UCS-SD19TBM3X-EP=', 'UCS-SD600GBE3NK9', 'UCS-SD800GBENK9', 'UCS-SD800GK3X-EP=', 'UCS-SD15TK1X-EV', 'UCS-SD960G63X-EP=', 'UCS-SD76T61X-EV', 'UCS-SD960GBHTNK9', 'UCS-SD38T2HTNK9', 'UCS-SD16TBENK9', 'UCS-SD800G12TX-EP', 'UCS-SD480G6I1X-EV=', 'UCS-SD38TBKNK9=', 'UCS-SD32TK3X-EP', 'UCS-SD240GBE1NK9', 'UCS-SD76TBM1X-EV', 'UCS-SD38T6I1X-EV', 'UCS-SD960GK1X-EV', 'UCS-SD76T6S1X-EV=', 'UCS-SD480GBHTNK9', 'UCS-SD960GH61X-EV', 'UCS-SD16TBHNK9', 'UCS-SD960GBKNK9=', 'UCS-SD16TM1X-EV', 'UCS-SD480G63X-EP', 'UCS-SD480GH61X-EV', 'UCS-SD19T63X-EP=', 'UCS-SD76TM1X-EV', 'UCS-SD19TBM1X-EV=', 'UCS-SD19T61X-EV', 'UCS-SD76TBKNK9', 'UCS-SD960G63X-EP', 'UCS-SD19TB121X-EV', 'UCS-SD480GBM3X-EP=', 'UCS-SD32H123X-EP', 'UCS-SD16TK3X-EP', 'UCS-SD960G6S1X-EV', 'UCS-SD76TBM1X-EV=', 'UCS-SD120GM1X-EV', 'UCS-SD38TBKNK9', 'UCS-SD38T61X-EV=', 'UCS-SD960G6S1X-EV=', 'UCS-SD400G123X-EP', 'UCS-SD240GM1X-EV', 'UCS-SD480GM1X-EV', 'UCS-SD960GBM1X-EV', 'UCS-SD960GBE1NK9', 'UCS-SD960G61X-EV', 'UCS-SD960G2HTNK9', 'UCS-SD150G61X-EV', 'UCS-SD16TBKNK9', 'UCS-SD16TBM1X-EV', 'UCS-SD960GBM1X-EV=', 'UCS-SD38TK1X-EV=', 'UCS-SD16H123X-EP', 'UCS-SD480GBM1X-EV=', 'UCS-SD480G6I1X-EV', 'UCS-SD400G12TX-EP', 'UCS-SD800H123X-EP', 'UCS-SD16TBKNK9=', 'UCS-SD19TK1X-EV', 'UCS-SD800GK3X-EP', 'UCS-SD960GBKNK9', 'UCS-SD400GBENK9', 'UCS-SD19T6S1X-EV', 'UCS-SD19TK1X-EV=', 'UCS-SD960G6I1X-EV=', 'UCS-SD19T61X-EV=', 'UCS-SD800GBHNK9', 'UCS-SD38T6S1X-EV', 'UCS-SD400GBHNK9', 'UCS-SD15TK1X-EV=', 'UCS-SD19TH61X-EV']","['UCS-HD600G15NK9=', 'UCS-HD1T7K12N=', 'UCS-HD24TB10K4KN12.4', 'UCS-HD900G15K12N', 'UCS-HD18TB10K4KN=', 'UCS-HD2T7K12N', 'UCS-HD300G10NK9', 'UCS-HD1T7K12N', 'UCS-HD18T10NK9=', 'UCS-HD300G15K12N=', 'UCS-HD12T10NK9', 'UCS-HD12TB10K12N', 'UCS-HD600G10K12N=', 'UCS-HD24T10NK9', 'UCS-HD12T10NK9=', 'UCS-HD600G10K12N', 'UCS-HD600G15NK9', 'UCS-HD600G15K12N=', 'UCS-HD300G10K12N=', 'UCS-HD600G15K12N', 'UCS-HD300G15K12N', 'UCS-HD18T10NK9', 'UCS-HD12TB10K12N=', 'UCS-HD24T10NK9=', 'UCS-HD300G10K12N', 'UCS-HD18TB10K4KN11.8', 'UCS-HD1T7K6GAN=', 'UCS-HD1T7K6GAN', 'UCS-HD900G15K12N=', 'UCS-HD24TB10K4KN=', 'UCS-HD2T7K12N=']",32GB,3200,2,4,DDR4,RDIMM,ECC,1.2V,STD,1,,,is_encoded,c220m5-sff-specsheet.pdf,https://www.cisco.com/c/dam/en/us/products/collateral/servers-unified-computing/ucs-c-series-rack-servers/c220m5-sff-specsheet.pdf,https://www.cisco.com/c/dam/en/us/products/collateral/servers-unified-computing/ucs-c-series-rack-servers/c220m5-sff-specsheet.pdf,,,32D4ER24320012S1,2Rx4,"('1Rx4', '2Rx4', '8Rx4')",,,,
Cisco,UCS-MR-X32G2RT-H,Cisco UCS C220 M5 SFF Rack Server,Cisco,UCS,C220 M5 SFF,UCS-MR-X32G2RT-H 32GB DDR4-2933MHz RDIMM 2Rx4 (8Gb)/1.2v,['24'],,,,,,memory,"['6226', '6238', '6246R', '4215', '8276L', '6240R', '5222', '6242R', '6226R', '6230R', '4215R', '8260M', '8276', '5218B', '6262V', '8260L', '8280M', '8260', '8280L', '6240Y', '6240M', '8268', '5218R', '6250', '4216', '6246', '8270', '6252N', '6258R', '4214R', '6244', '6240', '5215M', '4214', '8280', '5218N', '5217', '5220R', '5218', '5220', '8276M', '6238M', '6240L', '6254', '8253', '4214Y', '6252', '6242', '5220S', '4210', '6248', '6230', '6238R', '5215', '8260Y', '6222V', '4210R', '3206R', '6230N', '3204', '6234', '6238L', '4208', '6248R', '5215L']","['UCS-MR-X16G1RW=', 'UCS-MR-128G8RS-H', 'UCS-MR-X64G2RW=', 'UCS-MR-X32G2RT-H', 'UCS-MR-X16G1RS-H', 'UCS-MR-X16G1RW1', 'UCS-MR-X64G2RT-H', 'UCS-MR-X32G2RS-H', 'UCS-MR-X8G1RS-H', 'UCS-MR-X32G2RW1', 'UCS-MR-X16G2RS-H', 'UCS-MR-X32G2RW=', 'UCS-MR-X32G2RSHM', 'UCS-MR-X64G4RS-H', 'UCS-MR-X16G1RSHM', 'UCS-MR-X16G1RT-H', 'UCS-MR-X64G2RW1', 'UCS-MR-X32G2RSHS']","['UCS-SD240GBM1X-EV=', 'UCS-SD19TBM3X-EP', 'UCS-SD16TK3X-EP=', 'UCS-SD800GBKNK9=', 'UCS-SD38T6I1X-EV=', 'UCS-SD19T63X-EP', 'UCS-SD38TBM1X-EV', 'UCS-SD32TK3X-EP=', 'UCS-SD16T61X-EV', 'UCS-SD38TBE1NK9', 'UCS-SD19TBM1X-EV', 'UCS-SD16TBM1X-EV=', 'UCS-SD16TB12TX-EP', 'UCS-SD480G121X-EV', 'UCS-SD400H123X-EP', 'UCS-SD480GBM3X-EP', 'UCS-SD76TBKNK9=', 'UCS-SD38T61X-EV', 'UCS-SD76TK1X-EV=', 'UCS-SD38TBM1X-EV=', 'UCS-SD32TKA3X-EP', 'UCS-SD240GBM1X-EV', 'UCS-SD480G2HNK9', 'UCS-SD960GBM2NK9', 'UCS-SD38T6S1X-EV=', 'UCS-SD38TH61X-EV', 'UCS-SD38TM1X-EV', 'UCS-SD38TBHTNK9', 'UCS-SD76TBEM2NK9', 'UCS-SD480GBM1X-EV', 'UCS-SD960GBM3X-EP', 'UCS-SD38TK1X-EV', 'UCS-SD240G61X-EV', 'UCS-SD800GBKNK9', 'UCS-SD76TK1X-EV', 'UCS-SD16T123X-EP', 'UCS-SD960GK1X-EV=', 'UCS-SD76T6S1X-EV', 'UCS-SD32T123X-EP', 'UCS-SD19T6S1X-EV=', 'UCS-SD800G123X-EP', 'UCS-SD120GM1X-EV=', 'UCS-SD480G63X-EP=', 'UCS-SD960G6I1X-EV', 'UCS-SD960GBM3X-EP=', 'UCS-SD480G61X-EV', 'UCS-SD38TB121X-EV', 'UCS-SD960G121X-EV', 'UCS-SD19TBM3X-EP=', 'UCS-SD600GBE3NK9', 'UCS-SD800GBENK9', 'UCS-SD800GK3X-EP=', 'UCS-SD15TK1X-EV', 'UCS-SD960G63X-EP=', 'UCS-SD76T61X-EV', 'UCS-SD960GBHTNK9', 'UCS-SD38T2HTNK9', 'UCS-SD16TBENK9', 'UCS-SD800G12TX-EP', 'UCS-SD480G6I1X-EV=', 'UCS-SD38TBKNK9=', 'UCS-SD32TK3X-EP', 'UCS-SD240GBE1NK9', 'UCS-SD76TBM1X-EV', 'UCS-SD38T6I1X-EV', 'UCS-SD960GK1X-EV', 'UCS-SD76T6S1X-EV=', 'UCS-SD480GBHTNK9', 'UCS-SD960GH61X-EV', 'UCS-SD16TBHNK9', 'UCS-SD960GBKNK9=', 'UCS-SD16TM1X-EV', 'UCS-SD480G63X-EP', 'UCS-SD480GH61X-EV', 'UCS-SD19T63X-EP=', 'UCS-SD76TM1X-EV', 'UCS-SD19TBM1X-EV=', 'UCS-SD19T61X-EV', 'UCS-SD76TBKNK9', 'UCS-SD960G63X-EP', 'UCS-SD19TB121X-EV', 'UCS-SD480GBM3X-EP=', 'UCS-SD32H123X-EP', 'UCS-SD16TK3X-EP', 'UCS-SD960G6S1X-EV', 'UCS-SD76TBM1X-EV=', 'UCS-SD120GM1X-EV', 'UCS-SD38TBKNK9', 'UCS-SD38T61X-EV=', 'UCS-SD960G6S1X-EV=', 'UCS-SD400G123X-EP', 'UCS-SD240GM1X-EV', 'UCS-SD480GM1X-EV', 'UCS-SD960GBM1X-EV', 'UCS-SD960GBE1NK9', 'UCS-SD960G61X-EV', 'UCS-SD960G2HTNK9', 'UCS-SD150G61X-EV', 'UCS-SD16TBKNK9', 'UCS-SD16TBM1X-EV', 'UCS-SD960GBM1X-EV=', 'UCS-SD38TK1X-EV=', 'UCS-SD16H123X-EP', 'UCS-SD480GBM1X-EV=', 'UCS-SD480G6I1X-EV', 'UCS-SD400G12TX-EP', 'UCS-SD800H123X-EP', 'UCS-SD16TBKNK9=', 'UCS-SD19TK1X-EV', 'UCS-SD800GK3X-EP', 'UCS-SD960GBKNK9', 'UCS-SD400GBENK9', 'UCS-SD19T6S1X-EV', 'UCS-SD19TK1X-EV=', 'UCS-SD960G6I1X-EV=', 'UCS-SD19T61X-EV=', 'UCS-SD800GBHNK9', 'UCS-SD38T6S1X-EV', 'UCS-SD400GBHNK9', 'UCS-SD15TK1X-EV=', 'UCS-SD19TH61X-EV']","['UCS-HD600G15NK9=', 'UCS-HD1T7K12N=', 'UCS-HD24TB10K4KN12.4', 'UCS-HD900G15K12N', 'UCS-HD18TB10K4KN=', 'UCS-HD2T7K12N', 'UCS-HD300G10NK9', 'UCS-HD1T7K12N', 'UCS-HD18T10NK9=', 'UCS-HD300G15K12N=', 'UCS-HD12T10NK9', 'UCS-HD12TB10K12N', 'UCS-HD600G10K12N=', 'UCS-HD24T10NK9', 'UCS-HD12T10NK9=', 'UCS-HD600G10K12N', 'UCS-HD600G15NK9', 'UCS-HD600G15K12N=', 'UCS-HD300G10K12N=', 'UCS-HD600G15K12N', 'UCS-HD300G15K12N', 'UCS-HD18T10NK9', 'UCS-HD12TB10K12N=', 'UCS-HD24T10NK9=', 'UCS-HD300G10K12N', 'UCS-HD18TB10K4KN11.8', 'UCS-HD1T7K6GAN=', 'UCS-HD1T7K6GAN', 'UCS-HD900G15K12N=', 'UCS-HD24TB10K4KN=', 'UCS-HD2T7K12N=']",32GB,2933,2,4,DDR4,RDIMM,ECC,1.2V,STD,1,,,is_encoded,c220m5-sff-specsheet.pdf,https://www.cisco.com/c/dam/en/us/products/collateral/servers-unified-computing/ucs-c-series-rack-servers/c220m5-sff-specsheet.pdf,https://www.cisco.com/c/dam/en/us/products/collateral/servers-unified-computing/ucs-c-series-rack-servers/c220m5-sff-specsheet.pdf,,,32D4ER24293312S1,2Rx4,"('1Rx4', '2Rx4', '8Rx4')",,,,
Cisco,UCS-MR-X32G2RS-H,Cisco UCS C220 M5 SFF Rack Server,Cisco,UCS,C220 M5 SFF,UCS-MR-X32G2RS-H 32GB DDR4-2666-MHz RDIMM/PC4-21300/dual rank/x4/1.2v,['24'],,,,,,memory,"['6226', '6238', '6246R', '4215', '8276L', '6240R', '5222', '6242R', '6226R', '6230R', '4215R', '8260M', '8276', '5218B', '6262V', '8260L', '8280M', '8260', '8280L', '6240Y', '6240M', '8268', '5218R', '6250', '4216', '6246', '8270', '6252N', '6258R', '4214R', '6244', '6240', '5215M', '4214', '8280', '5218N', '5217', '5220R', '5218', '5220', '8276M', '6238M', '6240L', '6254', '8253', '4214Y', '6252', '6242', '5220S', '4210', '6248', '6230', '6238R', '5215', '8260Y', '6222V', '4210R', '3206R', '6230N', '3204', '6234', '6238L', '4208', '6248R', '5215L']","['UCS-MR-X16G1RW=', 'UCS-MR-128G8RS-H', 'UCS-MR-X64G2RW=', 'UCS-MR-X32G2RT-H', 'UCS-MR-X16G1RS-H', 'UCS-MR-X16G1RW1', 'UCS-MR-X64G2RT-H', 'UCS-MR-X32G2RS-H', 'UCS-MR-X8G1RS-H', 'UCS-MR-X32G2RW1', 'UCS-MR-X16G2RS-H', 'UCS-MR-X32G2RW=', 'UCS-MR-X32G2RSHM', 'UCS-MR-X64G4RS-H', 'UCS-MR-X16G1RSHM', 'UCS-MR-X16G1RT-H', 'UCS-MR-X64G2RW1', 'UCS-MR-X32G2RSHS']","['UCS-SD240GBM1X-EV=', 'UCS-SD19TBM3X-EP', 'UCS-SD16TK3X-EP=', 'UCS-SD800GBKNK9=', 'UCS-SD38T6I1X-EV=', 'UCS-SD19T63X-EP', 'UCS-SD38TBM1X-EV', 'UCS-SD32TK3X-EP=', 'UCS-SD16T61X-EV', 'UCS-SD38TBE1NK9', 'UCS-SD19TBM1X-EV', 'UCS-SD16TBM1X-EV=', 'UCS-SD16TB12TX-EP', 'UCS-SD480G121X-EV', 'UCS-SD400H123X-EP', 'UCS-SD480GBM3X-EP', 'UCS-SD76TBKNK9=', 'UCS-SD38T61X-EV', 'UCS-SD76TK1X-EV=', 'UCS-SD38TBM1X-EV=', 'UCS-SD32TKA3X-EP', 'UCS-SD240GBM1X-EV', 'UCS-SD480G2HNK9', 'UCS-SD960GBM2NK9', 'UCS-SD38T6S1X-EV=', 'UCS-SD38TH61X-EV', 'UCS-SD38TM1X-EV', 'UCS-SD38TBHTNK9', 'UCS-SD76TBEM2NK9', 'UCS-SD480GBM1X-EV', 'UCS-SD960GBM3X-EP', 'UCS-SD38TK1X-EV', 'UCS-SD240G61X-EV', 'UCS-SD800GBKNK9', 'UCS-SD76TK1X-EV', 'UCS-SD16T123X-EP', 'UCS-SD960GK1X-EV=', 'UCS-SD76T6S1X-EV', 'UCS-SD32T123X-EP', 'UCS-SD19T6S1X-EV=', 'UCS-SD800G123X-EP', 'UCS-SD120GM1X-EV=', 'UCS-SD480G63X-EP=', 'UCS-SD960G6I1X-EV', 'UCS-SD960GBM3X-EP=', 'UCS-SD480G61X-EV', 'UCS-SD38TB121X-EV', 'UCS-SD960G121X-EV', 'UCS-SD19TBM3X-EP=', 'UCS-SD600GBE3NK9', 'UCS-SD800GBENK9', 'UCS-SD800GK3X-EP=', 'UCS-SD15TK1X-EV', 'UCS-SD960G63X-EP=', 'UCS-SD76T61X-EV', 'UCS-SD960GBHTNK9', 'UCS-SD38T2HTNK9', 'UCS-SD16TBENK9', 'UCS-SD800G12TX-EP', 'UCS-SD480G6I1X-EV=', 'UCS-SD38TBKNK9=', 'UCS-SD32TK3X-EP', 'UCS-SD240GBE1NK9', 'UCS-SD76TBM1X-EV', 'UCS-SD38T6I1X-EV', 'UCS-SD960GK1X-EV', 'UCS-SD76T6S1X-EV=', 'UCS-SD480GBHTNK9', 'UCS-SD960GH61X-EV', 'UCS-SD16TBHNK9', 'UCS-SD960GBKNK9=', 'UCS-SD16TM1X-EV', 'UCS-SD480G63X-EP', 'UCS-SD480GH61X-EV', 'UCS-SD19T63X-EP=', 'UCS-SD76TM1X-EV', 'UCS-SD19TBM1X-EV=', 'UCS-SD19T61X-EV', 'UCS-SD76TBKNK9', 'UCS-SD960G63X-EP', 'UCS-SD19TB121X-EV', 'UCS-SD480GBM3X-EP=', 'UCS-SD32H123X-EP', 'UCS-SD16TK3X-EP', 'UCS-SD960G6S1X-EV', 'UCS-SD76TBM1X-EV=', 'UCS-SD120GM1X-EV', 'UCS-SD38TBKNK9', 'UCS-SD38T61X-EV=', 'UCS-SD960G6S1X-EV=', 'UCS-SD400G123X-EP', 'UCS-SD240GM1X-EV', 'UCS-SD480GM1X-EV', 'UCS-SD960GBM1X-EV', 'UCS-SD960GBE1NK9', 'UCS-SD960G61X-EV', 'UCS-SD960G2HTNK9', 'UCS-SD150G61X-EV', 'UCS-SD16TBKNK9', 'UCS-SD16TBM1X-EV', 'UCS-SD960GBM1X-EV=', 'UCS-SD38TK1X-EV=', 'UCS-SD16H123X-EP', 'UCS-SD480GBM1X-EV=', 'UCS-SD480G6I1X-EV', 'UCS-SD400G12TX-EP', 'UCS-SD800H123X-EP', 'UCS-SD16TBKNK9=', 'UCS-SD19TK1X-EV', 'UCS-SD800GK3X-EP', 'UCS-SD960GBKNK9', 'UCS-SD400GBENK9', 'UCS-SD19T6S1X-EV', 'UCS-SD19TK1X-EV=', 'UCS-SD960G6I1X-EV=', 'UCS-SD19T61X-EV=', 'UCS-SD800GBHNK9', 'UCS-SD38T6S1X-EV', 'UCS-SD400GBHNK9', 'UCS-SD15TK1X-EV=', 'UCS-SD19TH61X-EV']","['UCS-HD600G15NK9=', 'UCS-HD1T7K12N=', 'UCS-HD24TB10K4KN12.4', 'UCS-HD900G15K12N', 'UCS-HD18TB10K4KN=', 'UCS-HD2T7K12N', 'UCS-HD300G10NK9', 'UCS-HD1T7K12N', 'UCS-HD18T10NK9=', 'UCS-HD300G15K12N=', 'UCS-HD12T10NK9', 'UCS-HD12TB10K12N', 'UCS-HD600G10K12N=', 'UCS-HD24T10NK9', 'UCS-HD12T10NK9=', 'UCS-HD600G10K12N', 'UCS-HD600G15NK9', 'UCS-HD600G15K12N=', 'UCS-HD300G10K12N=', 'UCS-HD600G15K12N', 'UCS-HD300G15K12N', 'UCS-HD18T10NK9', 'UCS-HD12TB10K12N=', 'UCS-HD24T10NK9=', 'UCS-HD300G10K12N', 'UCS-HD18TB10K4KN11.8', 'UCS-HD1T7K6GAN=', 'UCS-HD1T7K6GAN', 'UCS-HD900G15K12N=', 'UCS-HD24TB10K4KN=', 'UCS-HD2T7K12N=']",32GB,2666,2,4,DDR4,RDIMM,ECC,1.2V,STD,1,,,is_encoded,c220m5-sff-specsheet.pdf,https://www.cisco.com/c/dam/en/us/products/collateral/servers-unified-computing/ucs-c-series-rack-servers/c220m5-sff-specsheet.pdf,https://www.cisco.com/c/dam/en/us/products/collateral/servers-unified-computing/ucs-c-series-rack-servers/c220m5-sff-specsheet.pdf,,,32D4ER24266612S1,2Rx4,"('1Rx4', '2Rx4', '8Rx4')",,,,
Cisco,UCS-MR-X32G2RSHM,Cisco UCS C220 M5 SFF Rack Server,Cisco,UCS,C220 M5 SFF,UCS-MR-X32G2RSHM 32GB DDR4-2666-MHz RDIMM/dual rank/x4/1.2v. Micron only,['24'],,,,,,memory,"['6226', '6238', '6246R', '4215', '8276L', '6240R', '5222', '6242R', '6226R', '6230R', '4215R', '8260M', '8276', '5218B', '6262V', '8260L', '8280M', '8260', '8280L', '6240Y', '6240M', '8268', '5218R', '6250', '4216', '6246', '8270', '6252N', '6258R', '4214R', '6244', '6240', '5215M', '4214', '8280', '5218N', '5217', '5220R', '5218', '5220', '8276M', '6238M', '6240L', '6254', '8253', '4214Y', '6252', '6242', '5220S', '4210', '6248', '6230', '6238R', '5215', '8260Y', '6222V', '4210R', '3206R', '6230N', '3204', '6234', '6238L', '4208', '6248R', '5215L']","['UCS-MR-X16G1RW=', 'UCS-MR-128G8RS-H', 'UCS-MR-X64G2RW=', 'UCS-MR-X32G2RT-H', 'UCS-MR-X16G1RS-H', 'UCS-MR-X16G1RW1', 'UCS-MR-X64G2RT-H', 'UCS-MR-X32G2RS-H', 'UCS-MR-X8G1RS-H', 'UCS-MR-X32G2RW1', 'UCS-MR-X16G2RS-H', 'UCS-MR-X32G2RW=', 'UCS-MR-X32G2RSHM', 'UCS-MR-X64G4RS-H', 'UCS-MR-X16G1RSHM', 'UCS-MR-X16G1RT-H', 'UCS-MR-X64G2RW1', 'UCS-MR-X32G2RSHS']","['UCS-SD240GBM1X-EV=', 'UCS-SD19TBM3X-EP', 'UCS-SD16TK3X-EP=', 'UCS-SD800GBKNK9=', 'UCS-SD38T6I1X-EV=', 'UCS-SD19T63X-EP', 'UCS-SD38TBM1X-EV', 'UCS-SD32TK3X-EP=', 'UCS-SD16T61X-EV', 'UCS-SD38TBE1NK9', 'UCS-SD19TBM1X-EV', 'UCS-SD16TBM1X-EV=', 'UCS-SD16TB12TX-EP', 'UCS-SD480G121X-EV', 'UCS-SD400H123X-EP', 'UCS-SD480GBM3X-EP', 'UCS-SD76TBKNK9=', 'UCS-SD38T61X-EV', 'UCS-SD76TK1X-EV=', 'UCS-SD38TBM1X-EV=', 'UCS-SD32TKA3X-EP', 'UCS-SD240GBM1X-EV', 'UCS-SD480G2HNK9', 'UCS-SD960GBM2NK9', 'UCS-SD38T6S1X-EV=', 'UCS-SD38TH61X-EV', 'UCS-SD38TM1X-EV', 'UCS-SD38TBHTNK9', 'UCS-SD76TBEM2NK9', 'UCS-SD480GBM1X-EV', 'UCS-SD960GBM3X-EP', 'UCS-SD38TK1X-EV', 'UCS-SD240G61X-EV', 'UCS-SD800GBKNK9', 'UCS-SD76TK1X-EV', 'UCS-SD16T123X-EP', 'UCS-SD960GK1X-EV=', 'UCS-SD76T6S1X-EV', 'UCS-SD32T123X-EP', 'UCS-SD19T6S1X-EV=', 'UCS-SD800G123X-EP', 'UCS-SD120GM1X-EV=', 'UCS-SD480G63X-EP=', 'UCS-SD960G6I1X-EV', 'UCS-SD960GBM3X-EP=', 'UCS-SD480G61X-EV', 'UCS-SD38TB121X-EV', 'UCS-SD960G121X-EV', 'UCS-SD19TBM3X-EP=', 'UCS-SD600GBE3NK9', 'UCS-SD800GBENK9', 'UCS-SD800GK3X-EP=', 'UCS-SD15TK1X-EV', 'UCS-SD960G63X-EP=', 'UCS-SD76T61X-EV', 'UCS-SD960GBHTNK9', 'UCS-SD38T2HTNK9', 'UCS-SD16TBENK9', 'UCS-SD800G12TX-EP', 'UCS-SD480G6I1X-EV=', 'UCS-SD38TBKNK9=', 'UCS-SD32TK3X-EP', 'UCS-SD240GBE1NK9', 'UCS-SD76TBM1X-EV', 'UCS-SD38T6I1X-EV', 'UCS-SD960GK1X-EV', 'UCS-SD76T6S1X-EV=', 'UCS-SD480GBHTNK9', 'UCS-SD960GH61X-EV', 'UCS-SD16TBHNK9', 'UCS-SD960GBKNK9=', 'UCS-SD16TM1X-EV', 'UCS-SD480G63X-EP', 'UCS-SD480GH61X-EV', 'UCS-SD19T63X-EP=', 'UCS-SD76TM1X-EV', 'UCS-SD19TBM1X-EV=', 'UCS-SD19T61X-EV', 'UCS-SD76TBKNK9', 'UCS-SD960G63X-EP', 'UCS-SD19TB121X-EV', 'UCS-SD480GBM3X-EP=', 'UCS-SD32H123X-EP', 'UCS-SD16TK3X-EP', 'UCS-SD960G6S1X-EV', 'UCS-SD76TBM1X-EV=', 'UCS-SD120GM1X-EV', 'UCS-SD38TBKNK9', 'UCS-SD38T61X-EV=', 'UCS-SD960G6S1X-EV=', 'UCS-SD400G123X-EP', 'UCS-SD240GM1X-EV', 'UCS-SD480GM1X-EV', 'UCS-SD960GBM1X-EV', 'UCS-SD960GBE1NK9', 'UCS-SD960G61X-EV', 'UCS-SD960G2HTNK9', 'UCS-SD150G61X-EV', 'UCS-SD16TBKNK9', 'UCS-SD16TBM1X-EV', 'UCS-SD960GBM1X-EV=', 'UCS-SD38TK1X-EV=', 'UCS-SD16H123X-EP', 'UCS-SD480GBM1X-EV=', 'UCS-SD480G6I1X-EV', 'UCS-SD400G12TX-EP', 'UCS-SD800H123X-EP', 'UCS-SD16TBKNK9=', 'UCS-SD19TK1X-EV', 'UCS-SD800GK3X-EP', 'UCS-SD960GBKNK9', 'UCS-SD400GBENK9', 'UCS-SD19T6S1X-EV', 'UCS-SD19TK1X-EV=', 'UCS-SD960G6I1X-EV=', 'UCS-SD19T61X-EV=', 'UCS-SD800GBHNK9', 'UCS-SD38T6S1X-EV', 'UCS-SD400GBHNK9', 'UCS-SD15TK1X-EV=', 'UCS-SD19TH61X-EV']","['UCS-HD600G15NK9=', 'UCS-HD1T7K12N=', 'UCS-HD24TB10K4KN12.4', 'UCS-HD900G15K12N', 'UCS-HD18TB10K4KN=', 'UCS-HD2T7K12N', 'UCS-HD300G10NK9', 'UCS-HD1T7K12N', 'UCS-HD18T10NK9=', 'UCS-HD300G15K12N=', 'UCS-HD12T10NK9', 'UCS-HD12TB10K12N', 'UCS-HD600G10K12N=', 'UCS-HD24T10NK9', 'UCS-HD12T10NK9=', 'UCS-HD600G10K12N', 'UCS-HD600G15NK9', 'UCS-HD600G15K12N=', 'UCS-HD300G10K12N=', 'UCS-HD600G15K12N', 'UCS-HD300G15K12N', 'UCS-HD18T10NK9', 'UCS-HD12TB10K12N=', 'UCS-HD24T10NK9=', 'UCS-HD300G10K12N', 'UCS-HD18TB10K4KN11.8', 'UCS-HD1T7K6GAN=', 'UCS-HD1T7K6GAN', 'UCS-HD900G15K12N=', 'UCS-HD24TB10K4KN=', 'UCS-HD2T7K12N=']",32GB,2666,2,4,DDR4,RDIMM,ECC,1.2V,STD,1,,,is_encoded,c220m5-sff-specsheet.pdf,https://www.cisco.com/c/dam/en/us/products/collateral/servers-unified-computing/ucs-c-series-rack-servers/c220m5-sff-specsheet.pdf,https://www.cisco.com/c/dam/en/us/products/collateral/servers-unified-computing/ucs-c-series-rack-servers/c220m5-sff-specsheet.pdf,,,32D4ER24266612S1,2Rx4,"('1Rx4', '2Rx4', '8Rx4')",,,,
Cisco,UCS-MR-X32G2RSHS,Cisco UCS C220 M5 SFF Rack Server,Cisco,UCS,C220 M5 SFF,UCS-MR-X32G2RSHS 32GB DDR4-2666-MHz RDIMM/dual rank/x4/1.2v. Samsung only,['24'],,,,,,memory,"['6226', '6238', '6246R', '4215', '8276L', '6240R', '5222', '6242R', '6226R', '6230R', '4215R', '8260M', '8276', '5218B', '6262V', '8260L', '8280M', '8260', '8280L', '6240Y', '6240M', '8268', '5218R', '6250', '4216', '6246', '8270', '6252N', '6258R', '4214R', '6244', '6240', '5215M', '4214', '8280', '5218N', '5217', '5220R', '5218', '5220', '8276M', '6238M', '6240L', '6254', '8253', '4214Y', '6252', '6242', '5220S', '4210', '6248', '6230', '6238R', '5215', '8260Y', '6222V', '4210R', '3206R', '6230N', '3204', '6234', '6238L', '4208', '6248R', '5215L']","['UCS-MR-X16G1RW=', 'UCS-MR-128G8RS-H', 'UCS-MR-X64G2RW=', 'UCS-MR-X32G2RT-H', 'UCS-MR-X16G1RS-H', 'UCS-MR-X16G1RW1', 'UCS-MR-X64G2RT-H', 'UCS-MR-X32G2RS-H', 'UCS-MR-X8G1RS-H', 'UCS-MR-X32G2RW1', 'UCS-MR-X16G2RS-H', 'UCS-MR-X32G2RW=', 'UCS-MR-X32G2RSHM', 'UCS-MR-X64G4RS-H', 'UCS-MR-X16G1RSHM', 'UCS-MR-X16G1RT-H', 'UCS-MR-X64G2RW1', 'UCS-MR-X32G2RSHS']","['UCS-SD240GBM1X-EV=', 'UCS-SD19TBM3X-EP', 'UCS-SD16TK3X-EP=', 'UCS-SD800GBKNK9=', 'UCS-SD38T6I1X-EV=', 'UCS-SD19T63X-EP', 'UCS-SD38TBM1X-EV', 'UCS-SD32TK3X-EP=', 'UCS-SD16T61X-EV', 'UCS-SD38TBE1NK9', 'UCS-SD19TBM1X-EV', 'UCS-SD16TBM1X-EV=', 'UCS-SD16TB12TX-EP', 'UCS-SD480G121X-EV', 'UCS-SD400H123X-EP', 'UCS-SD480GBM3X-EP', 'UCS-SD76TBKNK9=', 'UCS-SD38T61X-EV', 'UCS-SD76TK1X-EV=', 'UCS-SD38TBM1X-EV=', 'UCS-SD32TKA3X-EP', 'UCS-SD240GBM1X-EV', 'UCS-SD480G2HNK9', 'UCS-SD960GBM2NK9', 'UCS-SD38T6S1X-EV=', 'UCS-SD38TH61X-EV', 'UCS-SD38TM1X-EV', 'UCS-SD38TBHTNK9', 'UCS-SD76TBEM2NK9', 'UCS-SD480GBM1X-EV', 'UCS-SD960GBM3X-EP', 'UCS-SD38TK1X-EV', 'UCS-SD240G61X-EV', 'UCS-SD800GBKNK9', 'UCS-SD76TK1X-EV', 'UCS-SD16T123X-EP', 'UCS-SD960GK1X-EV=', 'UCS-SD76T6S1X-EV', 'UCS-SD32T123X-EP', 'UCS-SD19T6S1X-EV=', 'UCS-SD800G123X-EP', 'UCS-SD120GM1X-EV=', 'UCS-SD480G63X-EP=', 'UCS-SD960G6I1X-EV', 'UCS-SD960GBM3X-EP=', 'UCS-SD480G61X-EV', 'UCS-SD38TB121X-EV', 'UCS-SD960G121X-EV', 'UCS-SD19TBM3X-EP=', 'UCS-SD600GBE3NK9', 'UCS-SD800GBENK9', 'UCS-SD800GK3X-EP=', 'UCS-SD15TK1X-EV', 'UCS-SD960G63X-EP=', 'UCS-SD76T61X-EV', 'UCS-SD960GBHTNK9', 'UCS-SD38T2HTNK9', 'UCS-SD16TBENK9', 'UCS-SD800G12TX-EP', 'UCS-SD480G6I1X-EV=', 'UCS-SD38TBKNK9=', 'UCS-SD32TK3X-EP', 'UCS-SD240GBE1NK9', 'UCS-SD76TBM1X-EV', 'UCS-SD38T6I1X-EV', 'UCS-SD960GK1X-EV', 'UCS-SD76T6S1X-EV=', 'UCS-SD480GBHTNK9', 'UCS-SD960GH61X-EV', 'UCS-SD16TBHNK9', 'UCS-SD960GBKNK9=', 'UCS-SD16TM1X-EV', 'UCS-SD480G63X-EP', 'UCS-SD480GH61X-EV', 'UCS-SD19T63X-EP=', 'UCS-SD76TM1X-EV', 'UCS-SD19TBM1X-EV=', 'UCS-SD19T61X-EV', 'UCS-SD76TBKNK9', 'UCS-SD960G63X-EP', 'UCS-SD19TB121X-EV', 'UCS-SD480GBM3X-EP=', 'UCS-SD32H123X-EP', 'UCS-SD16TK3X-EP', 'UCS-SD960G6S1X-EV', 'UCS-SD76TBM1X-EV=', 'UCS-SD120GM1X-EV', 'UCS-SD38TBKNK9', 'UCS-SD38T61X-EV=', 'UCS-SD960G6S1X-EV=', 'UCS-SD400G123X-EP', 'UCS-SD240GM1X-EV', 'UCS-SD480GM1X-EV', 'UCS-SD960GBM1X-EV', 'UCS-SD960GBE1NK9', 'UCS-SD960G61X-EV', 'UCS-SD960G2HTNK9', 'UCS-SD150G61X-EV', 'UCS-SD16TBKNK9', 'UCS-SD16TBM1X-EV', 'UCS-SD960GBM1X-EV=', 'UCS-SD38TK1X-EV=', 'UCS-SD16H123X-EP', 'UCS-SD480GBM1X-EV=', 'UCS-SD480G6I1X-EV', 'UCS-SD400G12TX-EP', 'UCS-SD800H123X-EP', 'UCS-SD16TBKNK9=', 'UCS-SD19TK1X-EV', 'UCS-SD800GK3X-EP', 'UCS-SD960GBKNK9', 'UCS-SD400GBENK9', 'UCS-SD19T6S1X-EV', 'UCS-SD19TK1X-EV=', 'UCS-SD960G6I1X-EV=', 'UCS-SD19T61X-EV=', 'UCS-SD800GBHNK9', 'UCS-SD38T6S1X-EV', 'UCS-SD400GBHNK9', 'UCS-SD15TK1X-EV=', 'UCS-SD19TH61X-EV']","['UCS-HD600G15NK9=', 'UCS-HD1T7K12N=', 'UCS-HD24TB10K4KN12.4', 'UCS-HD900G15K12N', 'UCS-HD18TB10K4KN=', 'UCS-HD2T7K12N', 'UCS-HD300G10NK9', 'UCS-HD1T7K12N', 'UCS-HD18T10NK9=', 'UCS-HD300G15K12N=', 'UCS-HD12T10NK9', 'UCS-HD12TB10K12N', 'UCS-HD600G10K12N=', 'UCS-HD24T10NK9', 'UCS-HD12T10NK9=', 'UCS-HD600G10K12N', 'UCS-HD600G15NK9', 'UCS-HD600G15K12N=', 'UCS-HD300G10K12N=', 'UCS-HD600G15K12N', 'UCS-HD300G15K12N', 'UCS-HD18T10NK9', 'UCS-HD12TB10K12N=', 'UCS-HD24T10NK9=', 'UCS-HD300G10K12N', 'UCS-HD18TB10K4KN11.8', 'UCS-HD1T7K6GAN=', 'UCS-HD1T7K6GAN', 'UCS-HD900G15K12N=', 'UCS-HD24TB10K4KN=', 'UCS-HD2T7K12N=']",32GB,2666,2,4,DDR4,RDIMM,ECC,1.2V,STD,1,,,is_encoded,c220m5-sff-specsheet.pdf,https://www.cisco.com/c/dam/en/us/products/collateral/servers-unified-computing/ucs-c-series-rack-servers/c220m5-sff-specsheet.pdf,https://www.cisco.com/c/dam/en/us/products/collateral/servers-unified-computing/ucs-c-series-rack-servers/c220m5-sff-specsheet.pdf,,,32D4ER24266612S1,2Rx4,"('1Rx4', '2Rx4', '8Rx4')",,,,
Cisco,UCS-MR-X16G2RS-H,Cisco UCS C220 M5 SFF Rack Server,Cisco,UCS,C220 M5 SFF,UCS-MR-X16G2RS-H 16GB DDR4-2666-MHz RDIMM/PC4-21300/dual rank/x4/1.2v,['24'],,,,,,memory,"['6226', '6238', '6246R', '4215', '8276L', '6240R', '5222', '6242R', '6226R', '6230R', '4215R', '8260M', '8276', '5218B', '6262V', '8260L', '8280M', '8260', '8280L', '6240Y', '6240M', '8268', '5218R', '6250', '4216', '6246', '8270', '6252N', '6258R', '4214R', '6244', '6240', '5215M', '4214', '8280', '5218N', '5217', '5220R', '5218', '5220', '8276M', '6238M', '6240L', '6254', '8253', '4214Y', '6252', '6242', '5220S', '4210', '6248', '6230', '6238R', '5215', '8260Y', '6222V', '4210R', '3206R', '6230N', '3204', '6234', '6238L', '4208', '6248R', '5215L']","['UCS-MR-X16G1RW=', 'UCS-MR-128G8RS-H', 'UCS-MR-X64G2RW=', 'UCS-MR-X32G2RT-H', 'UCS-MR-X16G1RS-H', 'UCS-MR-X16G1RW1', 'UCS-MR-X64G2RT-H', 'UCS-MR-X32G2RS-H', 'UCS-MR-X8G1RS-H', 'UCS-MR-X32G2RW1', 'UCS-MR-X16G2RS-H', 'UCS-MR-X32G2RW=', 'UCS-MR-X32G2RSHM', 'UCS-MR-X64G4RS-H', 'UCS-MR-X16G1RSHM', 'UCS-MR-X16G1RT-H', 'UCS-MR-X64G2RW1', 'UCS-MR-X32G2RSHS']","['UCS-SD240GBM1X-EV=', 'UCS-SD19TBM3X-EP', 'UCS-SD16TK3X-EP=', 'UCS-SD800GBKNK9=', 'UCS-SD38T6I1X-EV=', 'UCS-SD19T63X-EP', 'UCS-SD38TBM1X-EV', 'UCS-SD32TK3X-EP=', 'UCS-SD16T61X-EV', 'UCS-SD38TBE1NK9', 'UCS-SD19TBM1X-EV', 'UCS-SD16TBM1X-EV=', 'UCS-SD16TB12TX-EP', 'UCS-SD480G121X-EV', 'UCS-SD400H123X-EP', 'UCS-SD480GBM3X-EP', 'UCS-SD76TBKNK9=', 'UCS-SD38T61X-EV', 'UCS-SD76TK1X-EV=', 'UCS-SD38TBM1X-EV=', 'UCS-SD32TKA3X-EP', 'UCS-SD240GBM1X-EV', 'UCS-SD480G2HNK9', 'UCS-SD960GBM2NK9', 'UCS-SD38T6S1X-EV=', 'UCS-SD38TH61X-EV', 'UCS-SD38TM1X-EV', 'UCS-SD38TBHTNK9', 'UCS-SD76TBEM2NK9', 'UCS-SD480GBM1X-EV', 'UCS-SD960GBM3X-EP', 'UCS-SD38TK1X-EV', 'UCS-SD240G61X-EV', 'UCS-SD800GBKNK9', 'UCS-SD76TK1X-EV', 'UCS-SD16T123X-EP', 'UCS-SD960GK1X-EV=', 'UCS-SD76T6S1X-EV', 'UCS-SD32T123X-EP', 'UCS-SD19T6S1X-EV=', 'UCS-SD800G123X-EP', 'UCS-SD120GM1X-EV=', 'UCS-SD480G63X-EP=', 'UCS-SD960G6I1X-EV', 'UCS-SD960GBM3X-EP=', 'UCS-SD480G61X-EV', 'UCS-SD38TB121X-EV', 'UCS-SD960G121X-EV', 'UCS-SD19TBM3X-EP=', 'UCS-SD600GBE3NK9', 'UCS-SD800GBENK9', 'UCS-SD800GK3X-EP=', 'UCS-SD15TK1X-EV', 'UCS-SD960G63X-EP=', 'UCS-SD76T61X-EV', 'UCS-SD960GBHTNK9', 'UCS-SD38T2HTNK9', 'UCS-SD16TBENK9', 'UCS-SD800G12TX-EP', 'UCS-SD480G6I1X-EV=', 'UCS-SD38TBKNK9=', 'UCS-SD32TK3X-EP', 'UCS-SD240GBE1NK9', 'UCS-SD76TBM1X-EV', 'UCS-SD38T6I1X-EV', 'UCS-SD960GK1X-EV', 'UCS-SD76T6S1X-EV=', 'UCS-SD480GBHTNK9', 'UCS-SD960GH61X-EV', 'UCS-SD16TBHNK9', 'UCS-SD960GBKNK9=', 'UCS-SD16TM1X-EV', 'UCS-SD480G63X-EP', 'UCS-SD480GH61X-EV', 'UCS-SD19T63X-EP=', 'UCS-SD76TM1X-EV', 'UCS-SD19TBM1X-EV=', 'UCS-SD19T61X-EV', 'UCS-SD76TBKNK9', 'UCS-SD960G63X-EP', 'UCS-SD19TB121X-EV', 'UCS-SD480GBM3X-EP=', 'UCS-SD32H123X-EP', 'UCS-SD16TK3X-EP', 'UCS-SD960G6S1X-EV', 'UCS-SD76TBM1X-EV=', 'UCS-SD120GM1X-EV', 'UCS-SD38TBKNK9', 'UCS-SD38T61X-EV=', 'UCS-SD960G6S1X-EV=', 'UCS-SD400G123X-EP', 'UCS-SD240GM1X-EV', 'UCS-SD480GM1X-EV', 'UCS-SD960GBM1X-EV', 'UCS-SD960GBE1NK9', 'UCS-SD960G61X-EV', 'UCS-SD960G2HTNK9', 'UCS-SD150G61X-EV', 'UCS-SD16TBKNK9', 'UCS-SD16TBM1X-EV', 'UCS-SD960GBM1X-EV=', 'UCS-SD38TK1X-EV=', 'UCS-SD16H123X-EP', 'UCS-SD480GBM1X-EV=', 'UCS-SD480G6I1X-EV', 'UCS-SD400G12TX-EP', 'UCS-SD800H123X-EP', 'UCS-SD16TBKNK9=', 'UCS-SD19TK1X-EV', 'UCS-SD800GK3X-EP', 'UCS-SD960GBKNK9', 'UCS-SD400GBENK9', 'UCS-SD19T6S1X-EV', 'UCS-SD19TK1X-EV=', 'UCS-SD960G6I1X-EV=', 'UCS-SD19T61X-EV=', 'UCS-SD800GBHNK9', 'UCS-SD38T6S1X-EV', 'UCS-SD400GBHNK9', 'UCS-SD15TK1X-EV=', 'UCS-SD19TH61X-EV']","['UCS-HD600G15NK9=', 'UCS-HD1T7K12N=', 'UCS-HD24TB10K4KN12.4', 'UCS-HD900G15K12N', 'UCS-HD18TB10K4KN=', 'UCS-HD2T7K12N', 'UCS-HD300G10NK9', 'UCS-HD1T7K12N', 'UCS-HD18T10NK9=', 'UCS-HD300G15K12N=', 'UCS-HD12T10NK9', 'UCS-HD12TB10K12N', 'UCS-HD600G10K12N=', 'UCS-HD24T10NK9', 'UCS-HD12T10NK9=', 'UCS-HD600G10K12N', 'UCS-HD600G15NK9', 'UCS-HD600G15K12N=', 'UCS-HD300G10K12N=', 'UCS-HD600G15K12N', 'UCS-HD300G15K12N', 'UCS-HD18T10NK9', 'UCS-HD12TB10K12N=', 'UCS-HD24T10NK9=', 'UCS-HD300G10K12N', 'UCS-HD18TB10K4KN11.8', 'UCS-HD1T7K6GAN=', 'UCS-HD1T7K6GAN', 'UCS-HD900G15K12N=', 'UCS-HD24TB10K4KN=', 'UCS-HD2T7K12N=']",16GB,2666,2,4,DDR4,RDIMM,ECC,1.2V,STD,1,,,is_encoded,c220m5-sff-specsheet.pdf,https://www.cisco.com/c/dam/en/us/products/collateral/servers-unified-computing/ucs-c-series-rack-servers/c220m5-sff-specsheet.pdf,https://www.cisco.com/c/dam/en/us/products/collateral/servers-unified-computing/ucs-c-series-rack-servers/c220m5-sff-specsheet.pdf,,,16D4ER24266612S1,2Rx4,"('1Rx4', '2Rx4', '8Rx4')",,,,
Cisco,UCS-MRX32G1RE3,Cisco UCS C220 M7 SFF Rack Server,Cisco,UCS,C220 M7 SFF,UCS-MRX32G1RE3 32GB DDR5-5600 RDIMM 1Rx4 (16Gb),['32'],['4TB'],,,,,memory,"['8450H', '5418Y', '5515', '6530=', '6418H', '6544Y', '6448Y', '6538N', '8462Y', '4510T=', '6414U', '6542Y', '5411N=', '6430', '4410Y=', '4509Y', '8461V=', '8470N=', '6454S', '6526Y', '6426Y=', '3408U', '8461V', '5412U=', '6530', '6444Y=', '6542Y=', '6416H', '8450H=', '3508U=', '6416H=', '6421N=', '6438Y', '6438N', '4510=', '6434=', '6438M', '8571N=', '5520', '6448Y=', '6418H=', '6538N=', '6434H', '8454H=', '6444Y', '6414U=', '6434', '8562Y', '8558U', '5416S', '3408U=', '8571N', '4410T=', '6438N=', '6548Y', '8470N', '6548N=', '6544Y=', '8471N=', '6538Y', '5418N', '6428N', '4410Y', '8444H', '6554S=', '5420', '5512U', '45102', '4516Y', '4509Y=', '6454S=', '8558U=', '5411N', '6534', '8471N', '6428N=', '6448H', '6534=', '4416', '8444H=', '6438M=', '8460Y', '8581V', '5418Y=', '4514Y', '6548N', '5415', '8452Y', '6448H=', '6526Y=', '4410T', '6421N', '8581V=', '8452Y=', '4514Y=', '6554S', '6426Y', '3508U', '6442Y', '5418N=', '5412U', '8454H', '6434H=', '5416S=', '6442Y=', '6430=', '4510T', '5512U=']","['UCS-MR128G4RE3=', 'UCS-MRX96G2RF3', 'UCS-MR128G4RE1', 'UCS-MRX64G2RE3=', 'UCS-MRX32G1RE1=', 'UCS-MRX16G1RE1', 'UCS-MRX96G2RF3=', 'UCS-MRX64G2RE3', 'UCS-MR128G4RE1=', 'UCS-MRX48G1RF32=', 'UCS-MRX32G1RE3', 'UCS-MRX16G1RE1=', 'UCS-MRX64G2RE1=', 'UCS-MRX32G1RE1', 'UCS-MRX16G1RE3=', 'UCS-MR128G4RE3', 'UCS-MRX32G1RE3=', 'UCS-MRX64G2RE1', 'UCS-MRX16G1RE3']","['UCS-SD960GK1XEV-D=', 'UCS-SD76TBKNK9-D', 'UCS-SD38T6I1XEV-D=', 'UCS-SD38T6S1XEV-D=', 'UCS-SD16TK3X-EP-D', 'UCS-SD19TKA1XEV-D', 'UCS-SD64TS3XEP-D=', 'UCS-SD76TS1X-EV-D', 'UCS-SD76TM1X-EV-D', 'UCS-SD38TEM2NK9-D=', 'UCS-SD480GBM3XEPD', 'UCS-SD38TBKANK9-D', 'UCS-SD960GBKNK9-D', 'UCS-SD240GM1XEV-D', 'UCS-SD960GBM1XEVD', 'UCS-SD960GM2NK9-D=', 'UCS-SD76TEM2NK9-D=', 'UCS-SDB7T6SA1VD=', 'UCS-SD38TEM2NK9-D', 'UCS-SD19TBM3XEP-D=', 'UCS-SD32TKA3XEP-D=', 'UCS-SD19T63X-EP-D', 'UCS-SD960G63XEP-D', 'UCS-SD19T6S1XEV-D=', 'UCS-SD960GBM1XEVD=', 'UCS-SD16TK3X-EP-D=', 'UCS-SD800GBKNK9-D=', 'UCS-SD38T63X-EP-D', 'UCS-SD32TKA3XEP-D', 'UCS-SD76TBKANK9-D=', 'UCS-SD76TS1X-EV-D=', 'UCS-SD16TBKNK9-D=', 'UCS-SD16TBM1XEV-D=', 'UCS-SD38TBKNK9-D=', 'UCS-SD19TEM2NK9-D=', 'UCS-SD16TM1X-EV-D', 'UCS-SD16TKA3XEP-D=', 'UCS-SD38TBM1XEV-D', 'UCS-SD38TBM1XEV-D=', 'UCS-SD38TBKANK9-D=', 'UCS-SD480GBM1XEVD', 'UCS-SD960GBM3XEPD=', 'UCS-SD38TKA1XEV-D=', 'UCS-SD15TK1X-EV-D=', 'UCS-SD960GM2NK9-D', 'UCS-SD480GBM3XEPD=', 'UCS-SD960GBKNK9-D=', 'UCS-SD76TBM1XEV-D', 'UCS-SDB7T6SA1VD', 'UCS-SD960GBM3XEPD', 'UCS-SD38TBKNK9-D', 'UCS-SD76TBM1XEV-D=', 'UCS-SD16TBKANK9-D', 'UCS-SD64TS3XEP-D', 'UCS-SDB3T8SA1VD', 'UCS-SD38T6I1XEV-D', 'UCS-SDB960SA1VD=', 'UCS-SD480G63XEP-D', 'UCS-SD19TK1X-EV-D', 'UCS-SD32TK3X-EP-D=', 'UCS-SD76TK1X-EV-D=', 'UCS-SD19TBM3XEP-D', 'UCS-SD76TEM2NK9-D', 'UCS-SD76T6S1XEV-D=', 'UCS-SD16TBM1XEV-D', 'UCS-SD38TKA1XEV-D', 'UCS-SD76T6S1XEV-D', 'UCS-SDB1T9SA1VD=', 'UCS-SD800GBKNK9-D', 'UCS-SD15TKA1XEV-D=', 'UCS-SD15TKA1XEV-D', 'UCS-SD19TK1X-EV-D=', 'UCS-SD32TK3X-EP-D', 'UCS-SD240GBM1XEVD', 'UCS-SD76TKA1XEV-D=', 'UCS-SD76TBKNK9-D=', 'UCS-SD19T63X-EP-D=', 'UCS-SD38TM1X-EV-D', 'UCS-SDB960SA1VD', 'UCS-SD16TBKNK9-D', 'UCS-SD38TK1X-EV-D', 'UCS-SD19TBM1XEV-D=', 'UCS-SDB3T8SA1VD=', 'UCS-SD480G63XEP-D=', 'UCS-SD16TKA3XEP-D', 'UCS-SD480GM1XEV-D', 'UCS-SD960G63XEP-D=', 'UCS-SD800GK3XEP-D=', 'UCS-SD960GK1XEV-D', 'UCS-SD38TK1X-EV-D=', 'UCS-SD240GBM1XEVD=', 'UCS-SD38T6S1XEV-D', 'UCS-SD19T6S1XEV-D', 'UCS-SD76TBKANK9-D', 'UCS-SD38T63X-EP-D=', 'UCS-SDB1T9SA1VD', 'UCS-SD19TBM1XEV-D', 'UCS-SD15TK1X-EV-D', 'UCS-SD800GK3XEP-D', 'UCS-SD76TK1X-EV-D', 'UCS-SD76TKA1XEV-D', 'UCS-SD19TKA1XEV-D=', 'UCS-SD19TEM2NK9-D', 'UCS-SD16TBKANK9-D=', 'UCS-SD480GBM1XEVD=']","['UCS-HD18TB10KJ4-D', 'UCS-HD12TB10KJ4-D=', 'UCS-HD24TB10KJ4-D=', 'UCS-HD24TB10KJ4-D', 'UCS-HD600G10KJ4-D=', 'UCS-HD12TB10KJ4-D', 'UCS-HD600G10KJ4-D', 'UCS-HD18TB10KJ4-D=']",32GB,5600,1,4,DDR5,RDIMM,ECC,1.1V,STD,1,,,is_encoded,c220m7-sff-specsheet.pdf,https://www.cisco.com/c/dam/en/us/products/collateral/servers-unified-computing/ucs-c-series-rack-servers/c220m7-sff-specsheet.pdf,https://www.cisco.com/c/dam/en/us/products/collateral/servers-unified-computing/ucs-c-series-rack-servers/c220m7-sff-specsheet.pdf,,,32D5ER14560011S1,1Rx4,"('1Rx4', '1Rx8', '2Rx4', '4Rx4')",,,,UCS-MRX32G1RE3=
Cisco,UCS-MRX32G1RE1,Cisco UCS C220 M7 SFF Rack Server,Cisco,UCS,C220 M7 SFF,UCS-MRX32G1RE1 32GB DDR5-4800 RDIMM 1Rx4 (16Gb),['32'],['4TB'],,,,,memory,"['8450H', '5418Y', '5515', '6530=', '6418H', '6544Y', '6448Y', '6538N', '8462Y', '4510T=', '6414U', '6542Y', '5411N=', '6430', '4410Y=', '4509Y', '8461V=', '8470N=', '6454S', '6526Y', '6426Y=', '3408U', '8461V', '5412U=', '6530', '6444Y=', '6542Y=', '6416H', '8450H=', '3508U=', '6416H=', '6421N=', '6438Y', '6438N', '4510=', '6434=', '6438M', '8571N=', '5520', '6448Y=', '6418H=', '6538N=', '6434H', '8454H=', '6444Y', '6414U=', '6434', '8562Y', '8558U', '5416S', '3408U=', '8571N', '4410T=', '6438N=', '6548Y', '8470N', '6548N=', '6544Y=', '8471N=', '6538Y', '5418N', '6428N', '4410Y', '8444H', '6554S=', '5420', '5512U', '45102', '4516Y', '4509Y=', '6454S=', '8558U=', '5411N', '6534', '8471N', '6428N=', '6448H', '6534=', '4416', '8444H=', '6438M=', '8460Y', '8581V', '5418Y=', '4514Y', '6548N', '5415', '8452Y', '6448H=', '6526Y=', '4410T', '6421N', '8581V=', '8452Y=', '4514Y=', '6554S', '6426Y', '3508U', '6442Y', '5418N=', '5412U', '8454H', '6434H=', '5416S=', '6442Y=', '6430=', '4510T', '5512U=']","['UCS-MR128G4RE3=', 'UCS-MRX96G2RF3', 'UCS-MR128G4RE1', 'UCS-MRX64G2RE3=', 'UCS-MRX32G1RE1=', 'UCS-MRX16G1RE1', 'UCS-MRX96G2RF3=', 'UCS-MRX64G2RE3', 'UCS-MR128G4RE1=', 'UCS-MRX48G1RF32=', 'UCS-MRX32G1RE3', 'UCS-MRX16G1RE1=', 'UCS-MRX64G2RE1=', 'UCS-MRX32G1RE1', 'UCS-MRX16G1RE3=', 'UCS-MR128G4RE3', 'UCS-MRX32G1RE3=', 'UCS-MRX64G2RE1', 'UCS-MRX16G1RE3']","['UCS-SD960GK1XEV-D=', 'UCS-SD76TBKNK9-D', 'UCS-SD38T6I1XEV-D=', 'UCS-SD38T6S1XEV-D=', 'UCS-SD16TK3X-EP-D', 'UCS-SD19TKA1XEV-D', 'UCS-SD64TS3XEP-D=', 'UCS-SD76TS1X-EV-D', 'UCS-SD76TM1X-EV-D', 'UCS-SD38TEM2NK9-D=', 'UCS-SD480GBM3XEPD', 'UCS-SD38TBKANK9-D', 'UCS-SD960GBKNK9-D', 'UCS-SD240GM1XEV-D', 'UCS-SD960GBM1XEVD', 'UCS-SD960GM2NK9-D=', 'UCS-SD76TEM2NK9-D=', 'UCS-SDB7T6SA1VD=', 'UCS-SD38TEM2NK9-D', 'UCS-SD19TBM3XEP-D=', 'UCS-SD32TKA3XEP-D=', 'UCS-SD19T63X-EP-D', 'UCS-SD960G63XEP-D', 'UCS-SD19T6S1XEV-D=', 'UCS-SD960GBM1XEVD=', 'UCS-SD16TK3X-EP-D=', 'UCS-SD800GBKNK9-D=', 'UCS-SD38T63X-EP-D', 'UCS-SD32TKA3XEP-D', 'UCS-SD76TBKANK9-D=', 'UCS-SD76TS1X-EV-D=', 'UCS-SD16TBKNK9-D=', 'UCS-SD16TBM1XEV-D=', 'UCS-SD38TBKNK9-D=', 'UCS-SD19TEM2NK9-D=', 'UCS-SD16TM1X-EV-D', 'UCS-SD16TKA3XEP-D=', 'UCS-SD38TBM1XEV-D', 'UCS-SD38TBM1XEV-D=', 'UCS-SD38TBKANK9-D=', 'UCS-SD480GBM1XEVD', 'UCS-SD960GBM3XEPD=', 'UCS-SD38TKA1XEV-D=', 'UCS-SD15TK1X-EV-D=', 'UCS-SD960GM2NK9-D', 'UCS-SD480GBM3XEPD=', 'UCS-SD960GBKNK9-D=', 'UCS-SD76TBM1XEV-D', 'UCS-SDB7T6SA1VD', 'UCS-SD960GBM3XEPD', 'UCS-SD38TBKNK9-D', 'UCS-SD76TBM1XEV-D=', 'UCS-SD16TBKANK9-D', 'UCS-SD64TS3XEP-D', 'UCS-SDB3T8SA1VD', 'UCS-SD38T6I1XEV-D', 'UCS-SDB960SA1VD=', 'UCS-SD480G63XEP-D', 'UCS-SD19TK1X-EV-D', 'UCS-SD32TK3X-EP-D=', 'UCS-SD76TK1X-EV-D=', 'UCS-SD19TBM3XEP-D', 'UCS-SD76TEM2NK9-D', 'UCS-SD76T6S1XEV-D=', 'UCS-SD16TBM1XEV-D', 'UCS-SD38TKA1XEV-D', 'UCS-SD76T6S1XEV-D', 'UCS-SDB1T9SA1VD=', 'UCS-SD800GBKNK9-D', 'UCS-SD15TKA1XEV-D=', 'UCS-SD15TKA1XEV-D', 'UCS-SD19TK1X-EV-D=', 'UCS-SD32TK3X-EP-D', 'UCS-SD240GBM1XEVD', 'UCS-SD76TKA1XEV-D=', 'UCS-SD76TBKNK9-D=', 'UCS-SD19T63X-EP-D=', 'UCS-SD38TM1X-EV-D', 'UCS-SDB960SA1VD', 'UCS-SD16TBKNK9-D', 'UCS-SD38TK1X-EV-D', 'UCS-SD19TBM1XEV-D=', 'UCS-SDB3T8SA1VD=', 'UCS-SD480G63XEP-D=', 'UCS-SD16TKA3XEP-D', 'UCS-SD480GM1XEV-D', 'UCS-SD960G63XEP-D=', 'UCS-SD800GK3XEP-D=', 'UCS-SD960GK1XEV-D', 'UCS-SD38TK1X-EV-D=', 'UCS-SD240GBM1XEVD=', 'UCS-SD38T6S1XEV-D', 'UCS-SD19T6S1XEV-D', 'UCS-SD76TBKANK9-D', 'UCS-SD38T63X-EP-D=', 'UCS-SDB1T9SA1VD', 'UCS-SD19TBM1XEV-D', 'UCS-SD15TK1X-EV-D', 'UCS-SD800GK3XEP-D', 'UCS-SD76TK1X-EV-D', 'UCS-SD76TKA1XEV-D', 'UCS-SD19TKA1XEV-D=', 'UCS-SD19TEM2NK9-D', 'UCS-SD16TBKANK9-D=', 'UCS-SD480GBM1XEVD=']","['UCS-HD18TB10KJ4-D', 'UCS-HD12TB10KJ4-D=', 'UCS-HD24TB10KJ4-D=', 'UCS-HD24TB10KJ4-D', 'UCS-HD600G10KJ4-D=', 'UCS-HD12TB10KJ4-D', 'UCS-HD600G10KJ4-D', 'UCS-HD18TB10KJ4-D=']",32GB,4800,1,4,DDR5,RDIMM,ECC,1.1V,STD,1,,,is_encoded,c220m7-sff-specsheet.pdf,https://www.cisco.com/c/dam/en/us/products/collateral/servers-unified-computing/ucs-c-series-rack-servers/c220m7-sff-specsheet.pdf,https://www.cisco.com/c/dam/en/us/products/collateral/servers-unified-computing/ucs-c-series-rack-servers/c220m7-sff-specsheet.pdf,,,32D5ER14480011S1,1Rx4,"('1Rx4', '1Rx8', '2Rx4', '4Rx4')",,,,UCS-MRX32G1RE1=
Cisco,UCS-MRX16G1RE3,Cisco UCS C220 M7 SFF Rack Server,Cisco,UCS,C220 M7 SFF,UCS-MRX16G1RE3 16GB DDR5-5600 RDIMM 1Rx8 (16Gb),['32'],['4TB'],,,,,memory,"['8450H', '5418Y', '5515', '6530=', '6418H', '6544Y', '6448Y', '6538N', '8462Y', '4510T=', '6414U', '6542Y', '5411N=', '6430', '4410Y=', '4509Y', '8461V=', '8470N=', '6454S', '6526Y', '6426Y=', '3408U', '8461V', '5412U=', '6530', '6444Y=', '6542Y=', '6416H', '8450H=', '3508U=', '6416H=', '6421N=', '6438Y', '6438N', '4510=', '6434=', '6438M', '8571N=', '5520', '6448Y=', '6418H=', '6538N=', '6434H', '8454H=', '6444Y', '6414U=', '6434', '8562Y', '8558U', '5416S', '3408U=', '8571N', '4410T=', '6438N=', '6548Y', '8470N', '6548N=', '6544Y=', '8471N=', '6538Y', '5418N', '6428N', '4410Y', '8444H', '6554S=', '5420', '5512U', '45102', '4516Y', '4509Y=', '6454S=', '8558U=', '5411N', '6534', '8471N', '6428N=', '6448H', '6534=', '4416', '8444H=', '6438M=', '8460Y', '8581V', '5418Y=', '4514Y', '6548N', '5415', '8452Y', '6448H=', '6526Y=', '4410T', '6421N', '8581V=', '8452Y=', '4514Y=', '6554S', '6426Y', '3508U', '6442Y', '5418N=', '5412U', '8454H', '6434H=', '5416S=', '6442Y=', '6430=', '4510T', '5512U=']","['UCS-MR128G4RE3=', 'UCS-MRX96G2RF3', 'UCS-MR128G4RE1', 'UCS-MRX64G2RE3=', 'UCS-MRX32G1RE1=', 'UCS-MRX16G1RE1', 'UCS-MRX96G2RF3=', 'UCS-MRX64G2RE3', 'UCS-MR128G4RE1=', 'UCS-MRX48G1RF32=', 'UCS-MRX32G1RE3', 'UCS-MRX16G1RE1=', 'UCS-MRX64G2RE1=', 'UCS-MRX32G1RE1', 'UCS-MRX16G1RE3=', 'UCS-MR128G4RE3', 'UCS-MRX32G1RE3=', 'UCS-MRX64G2RE1', 'UCS-MRX16G1RE3']","['UCS-SD960GK1XEV-D=', 'UCS-SD76TBKNK9-D', 'UCS-SD38T6I1XEV-D=', 'UCS-SD38T6S1XEV-D=', 'UCS-SD16TK3X-EP-D', 'UCS-SD19TKA1XEV-D', 'UCS-SD64TS3XEP-D=', 'UCS-SD76TS1X-EV-D', 'UCS-SD76TM1X-EV-D', 'UCS-SD38TEM2NK9-D=', 'UCS-SD480GBM3XEPD', 'UCS-SD38TBKANK9-D', 'UCS-SD960GBKNK9-D', 'UCS-SD240GM1XEV-D', 'UCS-SD960GBM1XEVD', 'UCS-SD960GM2NK9-D=', 'UCS-SD76TEM2NK9-D=', 'UCS-SDB7T6SA1VD=', 'UCS-SD38TEM2NK9-D', 'UCS-SD19TBM3XEP-D=', 'UCS-SD32TKA3XEP-D=', 'UCS-SD19T63X-EP-D', 'UCS-SD960G63XEP-D', 'UCS-SD19T6S1XEV-D=', 'UCS-SD960GBM1XEVD=', 'UCS-SD16TK3X-EP-D=', 'UCS-SD800GBKNK9-D=', 'UCS-SD38T63X-EP-D', 'UCS-SD32TKA3XEP-D', 'UCS-SD76TBKANK9-D=', 'UCS-SD76TS1X-EV-D=', 'UCS-SD16TBKNK9-D=', 'UCS-SD16TBM1XEV-D=', 'UCS-SD38TBKNK9-D=', 'UCS-SD19TEM2NK9-D=', 'UCS-SD16TM1X-EV-D', 'UCS-SD16TKA3XEP-D=', 'UCS-SD38TBM1XEV-D', 'UCS-SD38TBM1XEV-D=', 'UCS-SD38TBKANK9-D=', 'UCS-SD480GBM1XEVD', 'UCS-SD960GBM3XEPD=', 'UCS-SD38TKA1XEV-D=', 'UCS-SD15TK1X-EV-D=', 'UCS-SD960GM2NK9-D', 'UCS-SD480GBM3XEPD=', 'UCS-SD960GBKNK9-D=', 'UCS-SD76TBM1XEV-D', 'UCS-SDB7T6SA1VD', 'UCS-SD960GBM3XEPD', 'UCS-SD38TBKNK9-D', 'UCS-SD76TBM1XEV-D=', 'UCS-SD16TBKANK9-D', 'UCS-SD64TS3XEP-D', 'UCS-SDB3T8SA1VD', 'UCS-SD38T6I1XEV-D', 'UCS-SDB960SA1VD=', 'UCS-SD480G63XEP-D', 'UCS-SD19TK1X-EV-D', 'UCS-SD32TK3X-EP-D=', 'UCS-SD76TK1X-EV-D=', 'UCS-SD19TBM3XEP-D', 'UCS-SD76TEM2NK9-D', 'UCS-SD76T6S1XEV-D=', 'UCS-SD16TBM1XEV-D', 'UCS-SD38TKA1XEV-D', 'UCS-SD76T6S1XEV-D', 'UCS-SDB1T9SA1VD=', 'UCS-SD800GBKNK9-D', 'UCS-SD15TKA1XEV-D=', 'UCS-SD15TKA1XEV-D', 'UCS-SD19TK1X-EV-D=', 'UCS-SD32TK3X-EP-D', 'UCS-SD240GBM1XEVD', 'UCS-SD76TKA1XEV-D=', 'UCS-SD76TBKNK9-D=', 'UCS-SD19T63X-EP-D=', 'UCS-SD38TM1X-EV-D', 'UCS-SDB960SA1VD', 'UCS-SD16TBKNK9-D', 'UCS-SD38TK1X-EV-D', 'UCS-SD19TBM1XEV-D=', 'UCS-SDB3T8SA1VD=', 'UCS-SD480G63XEP-D=', 'UCS-SD16TKA3XEP-D', 'UCS-SD480GM1XEV-D', 'UCS-SD960G63XEP-D=', 'UCS-SD800GK3XEP-D=', 'UCS-SD960GK1XEV-D', 'UCS-SD38TK1X-EV-D=', 'UCS-SD240GBM1XEVD=', 'UCS-SD38T6S1XEV-D', 'UCS-SD19T6S1XEV-D', 'UCS-SD76TBKANK9-D', 'UCS-SD38T63X-EP-D=', 'UCS-SDB1T9SA1VD', 'UCS-SD19TBM1XEV-D', 'UCS-SD15TK1X-EV-D', 'UCS-SD800GK3XEP-D', 'UCS-SD76TK1X-EV-D', 'UCS-SD76TKA1XEV-D', 'UCS-SD19TKA1XEV-D=', 'UCS-SD19TEM2NK9-D', 'UCS-SD16TBKANK9-D=', 'UCS-SD480GBM1XEVD=']","['UCS-HD18TB10KJ4-D', 'UCS-HD12TB10KJ4-D=', 'UCS-HD24TB10KJ4-D=', 'UCS-HD24TB10KJ4-D', 'UCS-HD600G10KJ4-D=', 'UCS-HD12TB10KJ4-D', 'UCS-HD600G10KJ4-D', 'UCS-HD18TB10KJ4-D=']",16GB,5600,1,8,DDR5,RDIMM,ECC,1.1V,STD,1,,,is_encoded,c220m7-sff-specsheet.pdf,https://www.cisco.com/c/dam/en/us/products/collateral/servers-unified-computing/ucs-c-series-rack-servers/c220m7-sff-specsheet.pdf,https://www.cisco.com/c/dam/en/us/products/collateral/servers-unified-computing/ucs-c-series-rack-servers/c220m7-sff-specsheet.pdf,,,16D5ER18560011S1,1Rx8,"('1Rx4', '1Rx8', '2Rx4', '4Rx4')",,,,UCS-MRX16G1RE3=
Cisco,UCS-MRX16G1RE1,Cisco UCS C220 M7 SFF Rack Server,Cisco,UCS,C220 M7 SFF,UCS-MRX16G1RE1 16GB DDR5-4800 RDIMM 1Rx8 (16Gb),['32'],['4TB'],,,,,memory,"['8450H', '5418Y', '5515', '6530=', '6418H', '6544Y', '6448Y', '6538N', '8462Y', '4510T=', '6414U', '6542Y', '5411N=', '6430', '4410Y=', '4509Y', '8461V=', '8470N=', '6454S', '6526Y', '6426Y=', '3408U', '8461V', '5412U=', '6530', '6444Y=', '6542Y=', '6416H', '8450H=', '3508U=', '6416H=', '6421N=', '6438Y', '6438N', '4510=', '6434=', '6438M', '8571N=', '5520', '6448Y=', '6418H=', '6538N=', '6434H', '8454H=', '6444Y', '6414U=', '6434', '8562Y', '8558U', '5416S', '3408U=', '8571N', '4410T=', '6438N=', '6548Y', '8470N', '6548N=', '6544Y=', '8471N=', '6538Y', '5418N', '6428N', '4410Y', '8444H', '6554S=', '5420', '5512U', '45102', '4516Y', '4509Y=', '6454S=', '8558U=', '5411N', '6534', '8471N', '6428N=', '6448H', '6534=', '4416', '8444H=', '6438M=', '8460Y', '8581V', '5418Y=', '4514Y', '6548N', '5415', '8452Y', '6448H=', '6526Y=', '4410T', '6421N', '8581V=', '8452Y=', '4514Y=', '6554S', '6426Y', '3508U', '6442Y', '5418N=', '5412U', '8454H', '6434H=', '5416S=', '6442Y=', '6430=', '4510T', '5512U=']","['UCS-MR128G4RE3=', 'UCS-MRX96G2RF3', 'UCS-MR128G4RE1', 'UCS-MRX64G2RE3=', 'UCS-MRX32G1RE1=', 'UCS-MRX16G1RE1', 'UCS-MRX96G2RF3=', 'UCS-MRX64G2RE3', 'UCS-MR128G4RE1=', 'UCS-MRX48G1RF32=', 'UCS-MRX32G1RE3', 'UCS-MRX16G1RE1=', 'UCS-MRX64G2RE1=', 'UCS-MRX32G1RE1', 'UCS-MRX16G1RE3=', 'UCS-MR128G4RE3', 'UCS-MRX32G1RE3=', 'UCS-MRX64G2RE1', 'UCS-MRX16G1RE3']","['UCS-SD960GK1XEV-D=', 'UCS-SD76TBKNK9-D', 'UCS-SD38T6I1XEV-D=', 'UCS-SD38T6S1XEV-D=', 'UCS-SD16TK3X-EP-D', 'UCS-SD19TKA1XEV-D', 'UCS-SD64TS3XEP-D=', 'UCS-SD76TS1X-EV-D', 'UCS-SD76TM1X-EV-D', 'UCS-SD38TEM2NK9-D=', 'UCS-SD480GBM3XEPD', 'UCS-SD38TBKANK9-D', 'UCS-SD960GBKNK9-D', 'UCS-SD240GM1XEV-D', 'UCS-SD960GBM1XEVD', 'UCS-SD960GM2NK9-D=', 'UCS-SD76TEM2NK9-D=', 'UCS-SDB7T6SA1VD=', 'UCS-SD38TEM2NK9-D', 'UCS-SD19TBM3XEP-D=', 'UCS-SD32TKA3XEP-D=', 'UCS-SD19T63X-EP-D', 'UCS-SD960G63XEP-D', 'UCS-SD19T6S1XEV-D=', 'UCS-SD960GBM1XEVD=', 'UCS-SD16TK3X-EP-D=', 'UCS-SD800GBKNK9-D=', 'UCS-SD38T63X-EP-D', 'UCS-SD32TKA3XEP-D', 'UCS-SD76TBKANK9-D=', 'UCS-SD76TS1X-EV-D=', 'UCS-SD16TBKNK9-D=', 'UCS-SD16TBM1XEV-D=', 'UCS-SD38TBKNK9-D=', 'UCS-SD19TEM2NK9-D=', 'UCS-SD16TM1X-EV-D', 'UCS-SD16TKA3XEP-D=', 'UCS-SD38TBM1XEV-D', 'UCS-SD38TBM1XEV-D=', 'UCS-SD38TBKANK9-D=', 'UCS-SD480GBM1XEVD', 'UCS-SD960GBM3XEPD=', 'UCS-SD38TKA1XEV-D=', 'UCS-SD15TK1X-EV-D=', 'UCS-SD960GM2NK9-D', 'UCS-SD480GBM3XEPD=', 'UCS-SD960GBKNK9-D=', 'UCS-SD76TBM1XEV-D', 'UCS-SDB7T6SA1VD', 'UCS-SD960GBM3XEPD', 'UCS-SD38TBKNK9-D', 'UCS-SD76TBM1XEV-D=', 'UCS-SD16TBKANK9-D', 'UCS-SD64TS3XEP-D', 'UCS-SDB3T8SA1VD', 'UCS-SD38T6I1XEV-D', 'UCS-SDB960SA1VD=', 'UCS-SD480G63XEP-D', 'UCS-SD19TK1X-EV-D', 'UCS-SD32TK3X-EP-D=', 'UCS-SD76TK1X-EV-D=', 'UCS-SD19TBM3XEP-D', 'UCS-SD76TEM2NK9-D', 'UCS-SD76T6S1XEV-D=', 'UCS-SD16TBM1XEV-D', 'UCS-SD38TKA1XEV-D', 'UCS-SD76T6S1XEV-D', 'UCS-SDB1T9SA1VD=', 'UCS-SD800GBKNK9-D', 'UCS-SD15TKA1XEV-D=', 'UCS-SD15TKA1XEV-D', 'UCS-SD19TK1X-EV-D=', 'UCS-SD32TK3X-EP-D', 'UCS-SD240GBM1XEVD', 'UCS-SD76TKA1XEV-D=', 'UCS-SD76TBKNK9-D=', 'UCS-SD19T63X-EP-D=', 'UCS-SD38TM1X-EV-D', 'UCS-SDB960SA1VD', 'UCS-SD16TBKNK9-D', 'UCS-SD38TK1X-EV-D', 'UCS-SD19TBM1XEV-D=', 'UCS-SDB3T8SA1VD=', 'UCS-SD480G63XEP-D=', 'UCS-SD16TKA3XEP-D', 'UCS-SD480GM1XEV-D', 'UCS-SD960G63XEP-D=', 'UCS-SD800GK3XEP-D=', 'UCS-SD960GK1XEV-D', 'UCS-SD38TK1X-EV-D=', 'UCS-SD240GBM1XEVD=', 'UCS-SD38T6S1XEV-D', 'UCS-SD19T6S1XEV-D', 'UCS-SD76TBKANK9-D', 'UCS-SD38T63X-EP-D=', 'UCS-SDB1T9SA1VD', 'UCS-SD19TBM1XEV-D', 'UCS-SD15TK1X-EV-D', 'UCS-SD800GK3XEP-D', 'UCS-SD76TK1X-EV-D', 'UCS-SD76TKA1XEV-D', 'UCS-SD19TKA1XEV-D=', 'UCS-SD19TEM2NK9-D', 'UCS-SD16TBKANK9-D=', 'UCS-SD480GBM1XEVD=']","['UCS-HD18TB10KJ4-D', 'UCS-HD12TB10KJ4-D=', 'UCS-HD24TB10KJ4-D=', 'UCS-HD24TB10KJ4-D', 'UCS-HD600G10KJ4-D=', 'UCS-HD12TB10KJ4-D', 'UCS-HD600G10KJ4-D', 'UCS-HD18TB10KJ4-D=']",16GB,4800,1,8,DDR5,RDIMM,ECC,1.1V,STD,1,,,is_encoded,c220m7-sff-specsheet.pdf,https://www.cisco.com/c/dam/en/us/products/collateral/servers-unified-computing/ucs-c-series-rack-servers/c220m7-sff-specsheet.pdf,https://www.cisco.com/c/dam/en/us/products/collateral/servers-unified-computing/ucs-c-series-rack-servers/c220m7-sff-specsheet.pdf,,,16D5ER18480011S1,1Rx8,"('1Rx4', '1Rx8', '2Rx4', '4Rx4')",,,,UCS-MRX16G1RE1=
Cisco,UCS-MRX96G2RF3,Cisco UCS C220 M7 SFF Rack Server,Cisco,UCS,C220 M7 SFF,UCS-MRX96G2RF3 96GB DDR5-5600 RDIMM 2Rx4 (24Gb),['32'],['4TB'],,,,,memory,"['8450H', '5418Y', '5515', '6530=', '6418H', '6544Y', '6448Y', '6538N', '8462Y', '4510T=', '6414U', '6542Y', '5411N=', '6430', '4410Y=', '4509Y', '8461V=', '8470N=', '6454S', '6526Y', '6426Y=', '3408U', '8461V', '5412U=', '6530', '6444Y=', '6542Y=', '6416H', '8450H=', '3508U=', '6416H=', '6421N=', '6438Y', '6438N', '4510=', '6434=', '6438M', '8571N=', '5520', '6448Y=', '6418H=', '6538N=', '6434H', '8454H=', '6444Y', '6414U=', '6434', '8562Y', '8558U', '5416S', '3408U=', '8571N', '4410T=', '6438N=', '6548Y', '8470N', '6548N=', '6544Y=', '8471N=', '6538Y', '5418N', '6428N', '4410Y', '8444H', '6554S=', '5420', '5512U', '45102', '4516Y', '4509Y=', '6454S=', '8558U=', '5411N', '6534', '8471N', '6428N=', '6448H', '6534=', '4416', '8444H=', '6438M=', '8460Y', '8581V', '5418Y=', '4514Y', '6548N', '5415', '8452Y', '6448H=', '6526Y=', '4410T', '6421N', '8581V=', '8452Y=', '4514Y=', '6554S', '6426Y', '3508U', '6442Y', '5418N=', '5412U', '8454H', '6434H=', '5416S=', '6442Y=', '6430=', '4510T', '5512U=']","['UCS-MR128G4RE3=', 'UCS-MRX96G2RF3', 'UCS-MR128G4RE1', 'UCS-MRX64G2RE3=', 'UCS-MRX32G1RE1=', 'UCS-MRX16G1RE1', 'UCS-MRX96G2RF3=', 'UCS-MRX64G2RE3', 'UCS-MR128G4RE1=', 'UCS-MRX48G1RF32=', 'UCS-MRX32G1RE3', 'UCS-MRX16G1RE1=', 'UCS-MRX64G2RE1=', 'UCS-MRX32G1RE1', 'UCS-MRX16G1RE3=', 'UCS-MR128G4RE3', 'UCS-MRX32G1RE3=', 'UCS-MRX64G2RE1', 'UCS-MRX16G1RE3']","['UCS-SD960GK1XEV-D=', 'UCS-SD76TBKNK9-D', 'UCS-SD38T6I1XEV-D=', 'UCS-SD38T6S1XEV-D=', 'UCS-SD16TK3X-EP-D', 'UCS-SD19TKA1XEV-D', 'UCS-SD64TS3XEP-D=', 'UCS-SD76TS1X-EV-D', 'UCS-SD76TM1X-EV-D', 'UCS-SD38TEM2NK9-D=', 'UCS-SD480GBM3XEPD', 'UCS-SD38TBKANK9-D', 'UCS-SD960GBKNK9-D', 'UCS-SD240GM1XEV-D', 'UCS-SD960GBM1XEVD', 'UCS-SD960GM2NK9-D=', 'UCS-SD76TEM2NK9-D=', 'UCS-SDB7T6SA1VD=', 'UCS-SD38TEM2NK9-D', 'UCS-SD19TBM3XEP-D=', 'UCS-SD32TKA3XEP-D=', 'UCS-SD19T63X-EP-D', 'UCS-SD960G63XEP-D', 'UCS-SD19T6S1XEV-D=', 'UCS-SD960GBM1XEVD=', 'UCS-SD16TK3X-EP-D=', 'UCS-SD800GBKNK9-D=', 'UCS-SD38T63X-EP-D', 'UCS-SD32TKA3XEP-D', 'UCS-SD76TBKANK9-D=', 'UCS-SD76TS1X-EV-D=', 'UCS-SD16TBKNK9-D=', 'UCS-SD16TBM1XEV-D=', 'UCS-SD38TBKNK9-D=', 'UCS-SD19TEM2NK9-D=', 'UCS-SD16TM1X-EV-D', 'UCS-SD16TKA3XEP-D=', 'UCS-SD38TBM1XEV-D', 'UCS-SD38TBM1XEV-D=', 'UCS-SD38TBKANK9-D=', 'UCS-SD480GBM1XEVD', 'UCS-SD960GBM3XEPD=', 'UCS-SD38TKA1XEV-D=', 'UCS-SD15TK1X-EV-D=', 'UCS-SD960GM2NK9-D', 'UCS-SD480GBM3XEPD=', 'UCS-SD960GBKNK9-D=', 'UCS-SD76TBM1XEV-D', 'UCS-SDB7T6SA1VD', 'UCS-SD960GBM3XEPD', 'UCS-SD38TBKNK9-D', 'UCS-SD76TBM1XEV-D=', 'UCS-SD16TBKANK9-D', 'UCS-SD64TS3XEP-D', 'UCS-SDB3T8SA1VD', 'UCS-SD38T6I1XEV-D', 'UCS-SDB960SA1VD=', 'UCS-SD480G63XEP-D', 'UCS-SD19TK1X-EV-D', 'UCS-SD32TK3X-EP-D=', 'UCS-SD76TK1X-EV-D=', 'UCS-SD19TBM3XEP-D', 'UCS-SD76TEM2NK9-D', 'UCS-SD76T6S1XEV-D=', 'UCS-SD16TBM1XEV-D', 'UCS-SD38TKA1XEV-D', 'UCS-SD76T6S1XEV-D', 'UCS-SDB1T9SA1VD=', 'UCS-SD800GBKNK9-D', 'UCS-SD15TKA1XEV-D=', 'UCS-SD15TKA1XEV-D', 'UCS-SD19TK1X-EV-D=', 'UCS-SD32TK3X-EP-D', 'UCS-SD240GBM1XEVD', 'UCS-SD76TKA1XEV-D=', 'UCS-SD76TBKNK9-D=', 'UCS-SD19T63X-EP-D=', 'UCS-SD38TM1X-EV-D', 'UCS-SDB960SA1VD', 'UCS-SD16TBKNK9-D', 'UCS-SD38TK1X-EV-D', 'UCS-SD19TBM1XEV-D=', 'UCS-SDB3T8SA1VD=', 'UCS-SD480G63XEP-D=', 'UCS-SD16TKA3XEP-D', 'UCS-SD480GM1XEV-D', 'UCS-SD960G63XEP-D=', 'UCS-SD800GK3XEP-D=', 'UCS-SD960GK1XEV-D', 'UCS-SD38TK1X-EV-D=', 'UCS-SD240GBM1XEVD=', 'UCS-SD38T6S1XEV-D', 'UCS-SD19T6S1XEV-D', 'UCS-SD76TBKANK9-D', 'UCS-SD38T63X-EP-D=', 'UCS-SDB1T9SA1VD', 'UCS-SD19TBM1XEV-D', 'UCS-SD15TK1X-EV-D', 'UCS-SD800GK3XEP-D', 'UCS-SD76TK1X-EV-D', 'UCS-SD76TKA1XEV-D', 'UCS-SD19TKA1XEV-D=', 'UCS-SD19TEM2NK9-D', 'UCS-SD16TBKANK9-D=', 'UCS-SD480GBM1XEVD=']","['UCS-HD18TB10KJ4-D', 'UCS-HD12TB10KJ4-D=', 'UCS-HD24TB10KJ4-D=', 'UCS-HD24TB10KJ4-D', 'UCS-HD600G10KJ4-D=', 'UCS-HD12TB10KJ4-D', 'UCS-HD600G10KJ4-D', 'UCS-HD18TB10KJ4-D=']",96GB,5600,2,4,DDR5,RDIMM,ECC,1.1V,STD,1,,,is_encoded,c220m7-sff-specsheet.pdf,https://www.cisco.com/c/dam/en/us/products/collateral/servers-unified-computing/ucs-c-series-rack-servers/c220m7-sff-specsheet.pdf,https://www.cisco.com/c/dam/en/us/products/collateral/servers-unified-computing/ucs-c-series-rack-servers/c220m7-sff-specsheet.pdf,,,96D5ER24560011S1,2Rx4,"('1Rx4', '1Rx8', '2Rx4', '4Rx4')",,,,UCS-MRX96G2RF3=
Cisco,UCS-MRX64G2RE3,Cisco UCS C220 M7 SFF Rack Server,Cisco,UCS,C220 M7 SFF,UCS-MRX64G2RE3 64GB DDR5-5600 RDIMM 2Rx4 (16Gb),['32'],['4TB'],,,,,memory,"['8450H', '5418Y', '5515', '6530=', '6418H', '6544Y', '6448Y', '6538N', '8462Y', '4510T=', '6414U', '6542Y', '5411N=', '6430', '4410Y=', '4509Y', '8461V=', '8470N=', '6454S', '6526Y', '6426Y=', '3408U', '8461V', '5412U=', '6530', '6444Y=', '6542Y=', '6416H', '8450H=', '3508U=', '6416H=', '6421N=', '6438Y', '6438N', '4510=', '6434=', '6438M', '8571N=', '5520', '6448Y=', '6418H=', '6538N=', '6434H', '8454H=', '6444Y', '6414U=', '6434', '8562Y', '8558U', '5416S', '3408U=', '8571N', '4410T=', '6438N=', '6548Y', '8470N', '6548N=', '6544Y=', '8471N=', '6538Y', '5418N', '6428N', '4410Y', '8444H', '6554S=', '5420', '5512U', '45102', '4516Y', '4509Y=', '6454S=', '8558U=', '5411N', '6534', '8471N', '6428N=', '6448H', '6534=', '4416', '8444H=', '6438M=', '8460Y', '8581V', '5418Y=', '4514Y', '6548N', '5415', '8452Y', '6448H=', '6526Y=', '4410T', '6421N', '8581V=', '8452Y=', '4514Y=', '6554S', '6426Y', '3508U', '6442Y', '5418N=', '5412U', '8454H', '6434H=', '5416S=', '6442Y=', '6430=', '4510T', '5512U=']","['UCS-MR128G4RE3=', 'UCS-MRX96G2RF3', 'UCS-MR128G4RE1', 'UCS-MRX64G2RE3=', 'UCS-MRX32G1RE1=', 'UCS-MRX16G1RE1', 'UCS-MRX96G2RF3=', 'UCS-MRX64G2RE3', 'UCS-MR128G4RE1=', 'UCS-MRX48G1RF32=', 'UCS-MRX32G1RE3', 'UCS-MRX16G1RE1=', 'UCS-MRX64G2RE1=', 'UCS-MRX32G1RE1', 'UCS-MRX16G1RE3=', 'UCS-MR128G4RE3', 'UCS-MRX32G1RE3=', 'UCS-MRX64G2RE1', 'UCS-MRX16G1RE3']","['UCS-SD960GK1XEV-D=', 'UCS-SD76TBKNK9-D', 'UCS-SD38T6I1XEV-D=', 'UCS-SD38T6S1XEV-D=', 'UCS-SD16TK3X-EP-D', 'UCS-SD19TKA1XEV-D', 'UCS-SD64TS3XEP-D=', 'UCS-SD76TS1X-EV-D', 'UCS-SD76TM1X-EV-D', 'UCS-SD38TEM2NK9-D=', 'UCS-SD480GBM3XEPD', 'UCS-SD38TBKANK9-D', 'UCS-SD960GBKNK9-D', 'UCS-SD240GM1XEV-D', 'UCS-SD960GBM1XEVD', 'UCS-SD960GM2NK9-D=', 'UCS-SD76TEM2NK9-D=', 'UCS-SDB7T6SA1VD=', 'UCS-SD38TEM2NK9-D', 'UCS-SD19TBM3XEP-D=', 'UCS-SD32TKA3XEP-D=', 'UCS-SD19T63X-EP-D', 'UCS-SD960G63XEP-D', 'UCS-SD19T6S1XEV-D=', 'UCS-SD960GBM1XEVD=', 'UCS-SD16TK3X-EP-D=', 'UCS-SD800GBKNK9-D=', 'UCS-SD38T63X-EP-D', 'UCS-SD32TKA3XEP-D', 'UCS-SD76TBKANK9-D=', 'UCS-SD76TS1X-EV-D=', 'UCS-SD16TBKNK9-D=', 'UCS-SD16TBM1XEV-D=', 'UCS-SD38TBKNK9-D=', 'UCS-SD19TEM2NK9-D=', 'UCS-SD16TM1X-EV-D', 'UCS-SD16TKA3XEP-D=', 'UCS-SD38TBM1XEV-D', 'UCS-SD38TBM1XEV-D=', 'UCS-SD38TBKANK9-D=', 'UCS-SD480GBM1XEVD', 'UCS-SD960GBM3XEPD=', 'UCS-SD38TKA1XEV-D=', 'UCS-SD15TK1X-EV-D=', 'UCS-SD960GM2NK9-D', 'UCS-SD480GBM3XEPD=', 'UCS-SD960GBKNK9-D=', 'UCS-SD76TBM1XEV-D', 'UCS-SDB7T6SA1VD', 'UCS-SD960GBM3XEPD', 'UCS-SD38TBKNK9-D', 'UCS-SD76TBM1XEV-D=', 'UCS-SD16TBKANK9-D', 'UCS-SD64TS3XEP-D', 'UCS-SDB3T8SA1VD', 'UCS-SD38T6I1XEV-D', 'UCS-SDB960SA1VD=', 'UCS-SD480G63XEP-D', 'UCS-SD19TK1X-EV-D', 'UCS-SD32TK3X-EP-D=', 'UCS-SD76TK1X-EV-D=', 'UCS-SD19TBM3XEP-D', 'UCS-SD76TEM2NK9-D', 'UCS-SD76T6S1XEV-D=', 'UCS-SD16TBM1XEV-D', 'UCS-SD38TKA1XEV-D', 'UCS-SD76T6S1XEV-D', 'UCS-SDB1T9SA1VD=', 'UCS-SD800GBKNK9-D', 'UCS-SD15TKA1XEV-D=', 'UCS-SD15TKA1XEV-D', 'UCS-SD19TK1X-EV-D=', 'UCS-SD32TK3X-EP-D', 'UCS-SD240GBM1XEVD', 'UCS-SD76TKA1XEV-D=', 'UCS-SD76TBKNK9-D=', 'UCS-SD19T63X-EP-D=', 'UCS-SD38TM1X-EV-D', 'UCS-SDB960SA1VD', 'UCS-SD16TBKNK9-D', 'UCS-SD38TK1X-EV-D', 'UCS-SD19TBM1XEV-D=', 'UCS-SDB3T8SA1VD=', 'UCS-SD480G63XEP-D=', 'UCS-SD16TKA3XEP-D', 'UCS-SD480GM1XEV-D', 'UCS-SD960G63XEP-D=', 'UCS-SD800GK3XEP-D=', 'UCS-SD960GK1XEV-D', 'UCS-SD38TK1X-EV-D=', 'UCS-SD240GBM1XEVD=', 'UCS-SD38T6S1XEV-D', 'UCS-SD19T6S1XEV-D', 'UCS-SD76TBKANK9-D', 'UCS-SD38T63X-EP-D=', 'UCS-SDB1T9SA1VD', 'UCS-SD19TBM1XEV-D', 'UCS-SD15TK1X-EV-D', 'UCS-SD800GK3XEP-D', 'UCS-SD76TK1X-EV-D', 'UCS-SD76TKA1XEV-D', 'UCS-SD19TKA1XEV-D=', 'UCS-SD19TEM2NK9-D', 'UCS-SD16TBKANK9-D=', 'UCS-SD480GBM1XEVD=']","['UCS-HD18TB10KJ4-D', 'UCS-HD12TB10KJ4-D=', 'UCS-HD24TB10KJ4-D=', 'UCS-HD24TB10KJ4-D', 'UCS-HD600G10KJ4-D=', 'UCS-HD12TB10KJ4-D', 'UCS-HD600G10KJ4-D', 'UCS-HD18TB10KJ4-D=']",64GB,5600,2,4,DDR5,RDIMM,ECC,1.1V,STD,1,,,is_encoded,c220m7-sff-specsheet.pdf,https://www.cisco.com/c/dam/en/us/products/collateral/servers-unified-computing/ucs-c-series-rack-servers/c220m7-sff-specsheet.pdf,https://www.cisco.com/c/dam/en/us/products/collateral/servers-unified-computing/ucs-c-series-rack-servers/c220m7-sff-specsheet.pdf,,,64D5ER24560011S1,2Rx4,"('1Rx4', '1Rx8', '2Rx4', '4Rx4')",,,,UCS-MRX64G2RE3=
Cisco,UCS-MRX64G2RE1,Cisco UCS C220 M7 SFF Rack Server,Cisco,UCS,C220 M7 SFF,UCS-MRX64G2RE1 64GB DDR5-4800 RDIMM 2Rx4 (16Gb),['32'],['4TB'],,,,,memory,"['8450H', '5418Y', '5515', '6530=', '6418H', '6544Y', '6448Y', '6538N', '8462Y', '4510T=', '6414U', '6542Y', '5411N=', '6430', '4410Y=', '4509Y', '8461V=', '8470N=', '6454S', '6526Y', '6426Y=', '3408U', '8461V', '5412U=', '6530', '6444Y=', '6542Y=', '6416H', '8450H=', '3508U=', '6416H=', '6421N=', '6438Y', '6438N', '4510=', '6434=', '6438M', '8571N=', '5520', '6448Y=', '6418H=', '6538N=', '6434H', '8454H=', '6444Y', '6414U=', '6434', '8562Y', '8558U', '5416S', '3408U=', '8571N', '4410T=', '6438N=', '6548Y', '8470N', '6548N=', '6544Y=', '8471N=', '6538Y', '5418N', '6428N', '4410Y', '8444H', '6554S=', '5420', '5512U', '45102', '4516Y', '4509Y=', '6454S=', '8558U=', '5411N', '6534', '8471N', '6428N=', '6448H', '6534=', '4416', '8444H=', '6438M=', '8460Y', '8581V', '5418Y=', '4514Y', '6548N', '5415', '8452Y', '6448H=', '6526Y=', '4410T', '6421N', '8581V=', '8452Y=', '4514Y=', '6554S', '6426Y', '3508U', '6442Y', '5418N=', '5412U', '8454H', '6434H=', '5416S=', '6442Y=', '6430=', '4510T', '5512U=']","['UCS-MR128G4RE3=', 'UCS-MRX96G2RF3', 'UCS-MR128G4RE1', 'UCS-MRX64G2RE3=', 'UCS-MRX32G1RE1=', 'UCS-MRX16G1RE1', 'UCS-MRX96G2RF3=', 'UCS-MRX64G2RE3', 'UCS-MR128G4RE1=', 'UCS-MRX48G1RF32=', 'UCS-MRX32G1RE3', 'UCS-MRX16G1RE1=', 'UCS-MRX64G2RE1=', 'UCS-MRX32G1RE1', 'UCS-MRX16G1RE3=', 'UCS-MR128G4RE3', 'UCS-MRX32G1RE3=', 'UCS-MRX64G2RE1', 'UCS-MRX16G1RE3']","['UCS-SD960GK1XEV-D=', 'UCS-SD76TBKNK9-D', 'UCS-SD38T6I1XEV-D=', 'UCS-SD38T6S1XEV-D=', 'UCS-SD16TK3X-EP-D', 'UCS-SD19TKA1XEV-D', 'UCS-SD64TS3XEP-D=', 'UCS-SD76TS1X-EV-D', 'UCS-SD76TM1X-EV-D', 'UCS-SD38TEM2NK9-D=', 'UCS-SD480GBM3XEPD', 'UCS-SD38TBKANK9-D', 'UCS-SD960GBKNK9-D', 'UCS-SD240GM1XEV-D', 'UCS-SD960GBM1XEVD', 'UCS-SD960GM2NK9-D=', 'UCS-SD76TEM2NK9-D=', 'UCS-SDB7T6SA1VD=', 'UCS-SD38TEM2NK9-D', 'UCS-SD19TBM3XEP-D=', 'UCS-SD32TKA3XEP-D=', 'UCS-SD19T63X-EP-D', 'UCS-SD960G63XEP-D', 'UCS-SD19T6S1XEV-D=', 'UCS-SD960GBM1XEVD=', 'UCS-SD16TK3X-EP-D=', 'UCS-SD800GBKNK9-D=', 'UCS-SD38T63X-EP-D', 'UCS-SD32TKA3XEP-D', 'UCS-SD76TBKANK9-D=', 'UCS-SD76TS1X-EV-D=', 'UCS-SD16TBKNK9-D=', 'UCS-SD16TBM1XEV-D=', 'UCS-SD38TBKNK9-D=', 'UCS-SD19TEM2NK9-D=', 'UCS-SD16TM1X-EV-D', 'UCS-SD16TKA3XEP-D=', 'UCS-SD38TBM1XEV-D', 'UCS-SD38TBM1XEV-D=', 'UCS-SD38TBKANK9-D=', 'UCS-SD480GBM1XEVD', 'UCS-SD960GBM3XEPD=', 'UCS-SD38TKA1XEV-D=', 'UCS-SD15TK1X-EV-D=', 'UCS-SD960GM2NK9-D', 'UCS-SD480GBM3XEPD=', 'UCS-SD960GBKNK9-D=', 'UCS-SD76TBM1XEV-D', 'UCS-SDB7T6SA1VD', 'UCS-SD960GBM3XEPD', 'UCS-SD38TBKNK9-D', 'UCS-SD76TBM1XEV-D=', 'UCS-SD16TBKANK9-D', 'UCS-SD64TS3XEP-D', 'UCS-SDB3T8SA1VD', 'UCS-SD38T6I1XEV-D', 'UCS-SDB960SA1VD=', 'UCS-SD480G63XEP-D', 'UCS-SD19TK1X-EV-D', 'UCS-SD32TK3X-EP-D=', 'UCS-SD76TK1X-EV-D=', 'UCS-SD19TBM3XEP-D', 'UCS-SD76TEM2NK9-D', 'UCS-SD76T6S1XEV-D=', 'UCS-SD16TBM1XEV-D', 'UCS-SD38TKA1XEV-D', 'UCS-SD76T6S1XEV-D', 'UCS-SDB1T9SA1VD=', 'UCS-SD800GBKNK9-D', 'UCS-SD15TKA1XEV-D=', 'UCS-SD15TKA1XEV-D', 'UCS-SD19TK1X-EV-D=', 'UCS-SD32TK3X-EP-D', 'UCS-SD240GBM1XEVD', 'UCS-SD76TKA1XEV-D=', 'UCS-SD76TBKNK9-D=', 'UCS-SD19T63X-EP-D=', 'UCS-SD38TM1X-EV-D', 'UCS-SDB960SA1VD', 'UCS-SD16TBKNK9-D', 'UCS-SD38TK1X-EV-D', 'UCS-SD19TBM1XEV-D=', 'UCS-SDB3T8SA1VD=', 'UCS-SD480G63XEP-D=', 'UCS-SD16TKA3XEP-D', 'UCS-SD480GM1XEV-D', 'UCS-SD960G63XEP-D=', 'UCS-SD800GK3XEP-D=', 'UCS-SD960GK1XEV-D', 'UCS-SD38TK1X-EV-D=', 'UCS-SD240GBM1XEVD=', 'UCS-SD38T6S1XEV-D', 'UCS-SD19T6S1XEV-D', 'UCS-SD76TBKANK9-D', 'UCS-SD38T63X-EP-D=', 'UCS-SDB1T9SA1VD', 'UCS-SD19TBM1XEV-D', 'UCS-SD15TK1X-EV-D', 'UCS-SD800GK3XEP-D', 'UCS-SD76TK1X-EV-D', 'UCS-SD76TKA1XEV-D', 'UCS-SD19TKA1XEV-D=', 'UCS-SD19TEM2NK9-D', 'UCS-SD16TBKANK9-D=', 'UCS-SD480GBM1XEVD=']","['UCS-HD18TB10KJ4-D', 'UCS-HD12TB10KJ4-D=', 'UCS-HD24TB10KJ4-D=', 'UCS-HD24TB10KJ4-D', 'UCS-HD600G10KJ4-D=', 'UCS-HD12TB10KJ4-D', 'UCS-HD600G10KJ4-D', 'UCS-HD18TB10KJ4-D=']",64GB,4800,2,4,DDR5,RDIMM,ECC,1.1V,STD,1,,,is_encoded,c220m7-sff-specsheet.pdf,https://www.cisco.com/c/dam/en/us/products/collateral/servers-unified-computing/ucs-c-series-rack-servers/c220m7-sff-specsheet.pdf,https://www.cisco.com/c/dam/en/us/products/collateral/servers-unified-computing/ucs-c-series-rack-servers/c220m7-sff-specsheet.pdf,,,64D5ER24480011S1,2Rx4,"('1Rx4', '1Rx8', '2Rx4', '4Rx4')",,,,UCS-MRX64G2RE1=
Cisco,UCS-MR128G4RE3,Cisco UCS C220 M7 SFF Rack Server,Cisco,UCS,C220 M7 SFF,UCS-MR128G4RE3 128GB DDR5-5600 RDIMM 4Rx4 (16Gb),['32'],['4TB'],,,,,memory,"['8450H', '5418Y', '5515', '6530=', '6418H', '6544Y', '6448Y', '6538N', '8462Y', '4510T=', '6414U', '6542Y', '5411N=', '6430', '4410Y=', '4509Y', '8461V=', '8470N=', '6454S', '6526Y', '6426Y=', '3408U', '8461V', '5412U=', '6530', '6444Y=', '6542Y=', '6416H', '8450H=', '3508U=', '6416H=', '6421N=', '6438Y', '6438N', '4510=', '6434=', '6438M', '8571N=', '5520', '6448Y=', '6418H=', '6538N=', '6434H', '8454H=', '6444Y', '6414U=', '6434', '8562Y', '8558U', '5416S', '3408U=', '8571N', '4410T=', '6438N=', '6548Y', '8470N', '6548N=', '6544Y=', '8471N=', '6538Y', '5418N', '6428N', '4410Y', '8444H', '6554S=', '5420', '5512U', '45102', '4516Y', '4509Y=', '6454S=', '8558U=', '5411N', '6534', '8471N', '6428N=', '6448H', '6534=', '4416', '8444H=', '6438M=', '8460Y', '8581V', '5418Y=', '4514Y', '6548N', '5415', '8452Y', '6448H=', '6526Y=', '4410T', '6421N', '8581V=', '8452Y=', '4514Y=', '6554S', '6426Y', '3508U', '6442Y', '5418N=', '5412U', '8454H', '6434H=', '5416S=', '6442Y=', '6430=', '4510T', '5512U=']","['UCS-MR128G4RE3=', 'UCS-MRX96G2RF3', 'UCS-MR128G4RE1', 'UCS-MRX64G2RE3=', 'UCS-MRX32G1RE1=', 'UCS-MRX16G1RE1', 'UCS-MRX96G2RF3=', 'UCS-MRX64G2RE3', 'UCS-MR128G4RE1=', 'UCS-MRX48G1RF32=', 'UCS-MRX32G1RE3', 'UCS-MRX16G1RE1=', 'UCS-MRX64G2RE1=', 'UCS-MRX32G1RE1', 'UCS-MRX16G1RE3=', 'UCS-MR128G4RE3', 'UCS-MRX32G1RE3=', 'UCS-MRX64G2RE1', 'UCS-MRX16G1RE3']","['UCS-SD960GK1XEV-D=', 'UCS-SD76TBKNK9-D', 'UCS-SD38T6I1XEV-D=', 'UCS-SD38T6S1XEV-D=', 'UCS-SD16TK3X-EP-D', 'UCS-SD19TKA1XEV-D', 'UCS-SD64TS3XEP-D=', 'UCS-SD76TS1X-EV-D', 'UCS-SD76TM1X-EV-D', 'UCS-SD38TEM2NK9-D=', 'UCS-SD480GBM3XEPD', 'UCS-SD38TBKANK9-D', 'UCS-SD960GBKNK9-D', 'UCS-SD240GM1XEV-D', 'UCS-SD960GBM1XEVD', 'UCS-SD960GM2NK9-D=', 'UCS-SD76TEM2NK9-D=', 'UCS-SDB7T6SA1VD=', 'UCS-SD38TEM2NK9-D', 'UCS-SD19TBM3XEP-D=', 'UCS-SD32TKA3XEP-D=', 'UCS-SD19T63X-EP-D', 'UCS-SD960G63XEP-D', 'UCS-SD19T6S1XEV-D=', 'UCS-SD960GBM1XEVD=', 'UCS-SD16TK3X-EP-D=', 'UCS-SD800GBKNK9-D=', 'UCS-SD38T63X-EP-D', 'UCS-SD32TKA3XEP-D', 'UCS-SD76TBKANK9-D=', 'UCS-SD76TS1X-EV-D=', 'UCS-SD16TBKNK9-D=', 'UCS-SD16TBM1XEV-D=', 'UCS-SD38TBKNK9-D=', 'UCS-SD19TEM2NK9-D=', 'UCS-SD16TM1X-EV-D', 'UCS-SD16TKA3XEP-D=', 'UCS-SD38TBM1XEV-D', 'UCS-SD38TBM1XEV-D=', 'UCS-SD38TBKANK9-D=', 'UCS-SD480GBM1XEVD', 'UCS-SD960GBM3XEPD=', 'UCS-SD38TKA1XEV-D=', 'UCS-SD15TK1X-EV-D=', 'UCS-SD960GM2NK9-D', 'UCS-SD480GBM3XEPD=', 'UCS-SD960GBKNK9-D=', 'UCS-SD76TBM1XEV-D', 'UCS-SDB7T6SA1VD', 'UCS-SD960GBM3XEPD', 'UCS-SD38TBKNK9-D', 'UCS-SD76TBM1XEV-D=', 'UCS-SD16TBKANK9-D', 'UCS-SD64TS3XEP-D', 'UCS-SDB3T8SA1VD', 'UCS-SD38T6I1XEV-D', 'UCS-SDB960SA1VD=', 'UCS-SD480G63XEP-D', 'UCS-SD19TK1X-EV-D', 'UCS-SD32TK3X-EP-D=', 'UCS-SD76TK1X-EV-D=', 'UCS-SD19TBM3XEP-D', 'UCS-SD76TEM2NK9-D', 'UCS-SD76T6S1XEV-D=', 'UCS-SD16TBM1XEV-D', 'UCS-SD38TKA1XEV-D', 'UCS-SD76T6S1XEV-D', 'UCS-SDB1T9SA1VD=', 'UCS-SD800GBKNK9-D', 'UCS-SD15TKA1XEV-D=', 'UCS-SD15TKA1XEV-D', 'UCS-SD19TK1X-EV-D=', 'UCS-SD32TK3X-EP-D', 'UCS-SD240GBM1XEVD', 'UCS-SD76TKA1XEV-D=', 'UCS-SD76TBKNK9-D=', 'UCS-SD19T63X-EP-D=', 'UCS-SD38TM1X-EV-D', 'UCS-SDB960SA1VD', 'UCS-SD16TBKNK9-D', 'UCS-SD38TK1X-EV-D', 'UCS-SD19TBM1XEV-D=', 'UCS-SDB3T8SA1VD=', 'UCS-SD480G63XEP-D=', 'UCS-SD16TKA3XEP-D', 'UCS-SD480GM1XEV-D', 'UCS-SD960G63XEP-D=', 'UCS-SD800GK3XEP-D=', 'UCS-SD960GK1XEV-D', 'UCS-SD38TK1X-EV-D=', 'UCS-SD240GBM1XEVD=', 'UCS-SD38T6S1XEV-D', 'UCS-SD19T6S1XEV-D', 'UCS-SD76TBKANK9-D', 'UCS-SD38T63X-EP-D=', 'UCS-SDB1T9SA1VD', 'UCS-SD19TBM1XEV-D', 'UCS-SD15TK1X-EV-D', 'UCS-SD800GK3XEP-D', 'UCS-SD76TK1X-EV-D', 'UCS-SD76TKA1XEV-D', 'UCS-SD19TKA1XEV-D=', 'UCS-SD19TEM2NK9-D', 'UCS-SD16TBKANK9-D=', 'UCS-SD480GBM1XEVD=']","['UCS-HD18TB10KJ4-D', 'UCS-HD12TB10KJ4-D=', 'UCS-HD24TB10KJ4-D=', 'UCS-HD24TB10KJ4-D', 'UCS-HD600G10KJ4-D=', 'UCS-HD12TB10KJ4-D', 'UCS-HD600G10KJ4-D', 'UCS-HD18TB10KJ4-D=']",128GB,5600,4,4,DDR5,RDIMM,ECC,1.1V,STD,1,,,is_encoded,c220m7-sff-specsheet.pdf,https://www.cisco.com/c/dam/en/us/products/collateral/servers-unified-computing/ucs-c-series-rack-servers/c220m7-sff-specsheet.pdf,https://www.cisco.com/c/dam/en/us/products/collateral/servers-unified-computing/ucs-c-series-rack-servers/c220m7-sff-specsheet.pdf,,,128D5ER44560011S1,4Rx4,"('1Rx4', '1Rx8', '2Rx4', '4Rx4')",,,,UCS-MR128G4RE3=
Cisco,UCS-MR128G4RE1,Cisco UCS C220 M7 SFF Rack Server,Cisco,UCS,C220 M7 SFF,UCS-MR128G4RE1 128GB DDR5-4800 RDIMM 4Rx4 (16Gb) DDR5-5600MT/s PID list1 Notes: 1. DDR5-5600 supported on Intel Xeon 5th gen. CPUs only.,['32'],['4TB'],,,,,memory,"['8450H', '5418Y', '5515', '6530=', '6418H', '6544Y', '6448Y', '6538N', '8462Y', '4510T=', '6414U', '6542Y', '5411N=', '6430', '4410Y=', '4509Y', '8461V=', '8470N=', '6454S', '6526Y', '6426Y=', '3408U', '8461V', '5412U=', '6530', '6444Y=', '6542Y=', '6416H', '8450H=', '3508U=', '6416H=', '6421N=', '6438Y', '6438N', '4510=', '6434=', '6438M', '8571N=', '5520', '6448Y=', '6418H=', '6538N=', '6434H', '8454H=', '6444Y', '6414U=', '6434', '8562Y', '8558U', '5416S', '3408U=', '8571N', '4410T=', '6438N=', '6548Y', '8470N', '6548N=', '6544Y=', '8471N=', '6538Y', '5418N', '6428N', '4410Y', '8444H', '6554S=', '5420', '5512U', '45102', '4516Y', '4509Y=', '6454S=', '8558U=', '5411N', '6534', '8471N', '6428N=', '6448H', '6534=', '4416', '8444H=', '6438M=', '8460Y', '8581V', '5418Y=', '4514Y', '6548N', '5415', '8452Y', '6448H=', '6526Y=', '4410T', '6421N', '8581V=', '8452Y=', '4514Y=', '6554S', '6426Y', '3508U', '6442Y', '5418N=', '5412U', '8454H', '6434H=', '5416S=', '6442Y=', '6430=', '4510T', '5512U=']","['UCS-MR128G4RE3=', 'UCS-MRX96G2RF3', 'UCS-MR128G4RE1', 'UCS-MRX64G2RE3=', 'UCS-MRX32G1RE1=', 'UCS-MRX16G1RE1', 'UCS-MRX96G2RF3=', 'UCS-MRX64G2RE3', 'UCS-MR128G4RE1=', 'UCS-MRX48G1RF32=', 'UCS-MRX32G1RE3', 'UCS-MRX16G1RE1=', 'UCS-MRX64G2RE1=', 'UCS-MRX32G1RE1', 'UCS-MRX16G1RE3=', 'UCS-MR128G4RE3', 'UCS-MRX32G1RE3=', 'UCS-MRX64G2RE1', 'UCS-MRX16G1RE3']","['UCS-SD960GK1XEV-D=', 'UCS-SD76TBKNK9-D', 'UCS-SD38T6I1XEV-D=', 'UCS-SD38T6S1XEV-D=', 'UCS-SD16TK3X-EP-D', 'UCS-SD19TKA1XEV-D', 'UCS-SD64TS3XEP-D=', 'UCS-SD76TS1X-EV-D', 'UCS-SD76TM1X-EV-D', 'UCS-SD38TEM2NK9-D=', 'UCS-SD480GBM3XEPD', 'UCS-SD38TBKANK9-D', 'UCS-SD960GBKNK9-D', 'UCS-SD240GM1XEV-D', 'UCS-SD960GBM1XEVD', 'UCS-SD960GM2NK9-D=', 'UCS-SD76TEM2NK9-D=', 'UCS-SDB7T6SA1VD=', 'UCS-SD38TEM2NK9-D', 'UCS-SD19TBM3XEP-D=', 'UCS-SD32TKA3XEP-D=', 'UCS-SD19T63X-EP-D', 'UCS-SD960G63XEP-D', 'UCS-SD19T6S1XEV-D=', 'UCS-SD960GBM1XEVD=', 'UCS-SD16TK3X-EP-D=', 'UCS-SD800GBKNK9-D=', 'UCS-SD38T63X-EP-D', 'UCS-SD32TKA3XEP-D', 'UCS-SD76TBKANK9-D=', 'UCS-SD76TS1X-EV-D=', 'UCS-SD16TBKNK9-D=', 'UCS-SD16TBM1XEV-D=', 'UCS-SD38TBKNK9-D=', 'UCS-SD19TEM2NK9-D=', 'UCS-SD16TM1X-EV-D', 'UCS-SD16TKA3XEP-D=', 'UCS-SD38TBM1XEV-D', 'UCS-SD38TBM1XEV-D=', 'UCS-SD38TBKANK9-D=', 'UCS-SD480GBM1XEVD', 'UCS-SD960GBM3XEPD=', 'UCS-SD38TKA1XEV-D=', 'UCS-SD15TK1X-EV-D=', 'UCS-SD960GM2NK9-D', 'UCS-SD480GBM3XEPD=', 'UCS-SD960GBKNK9-D=', 'UCS-SD76TBM1XEV-D', 'UCS-SDB7T6SA1VD', 'UCS-SD960GBM3XEPD', 'UCS-SD38TBKNK9-D', 'UCS-SD76TBM1XEV-D=', 'UCS-SD16TBKANK9-D', 'UCS-SD64TS3XEP-D', 'UCS-SDB3T8SA1VD', 'UCS-SD38T6I1XEV-D', 'UCS-SDB960SA1VD=', 'UCS-SD480G63XEP-D', 'UCS-SD19TK1X-EV-D', 'UCS-SD32TK3X-EP-D=', 'UCS-SD76TK1X-EV-D=', 'UCS-SD19TBM3XEP-D', 'UCS-SD76TEM2NK9-D', 'UCS-SD76T6S1XEV-D=', 'UCS-SD16TBM1XEV-D', 'UCS-SD38TKA1XEV-D', 'UCS-SD76T6S1XEV-D', 'UCS-SDB1T9SA1VD=', 'UCS-SD800GBKNK9-D', 'UCS-SD15TKA1XEV-D=', 'UCS-SD15TKA1XEV-D', 'UCS-SD19TK1X-EV-D=', 'UCS-SD32TK3X-EP-D', 'UCS-SD240GBM1XEVD', 'UCS-SD76TKA1XEV-D=', 'UCS-SD76TBKNK9-D=', 'UCS-SD19T63X-EP-D=', 'UCS-SD38TM1X-EV-D', 'UCS-SDB960SA1VD', 'UCS-SD16TBKNK9-D', 'UCS-SD38TK1X-EV-D', 'UCS-SD19TBM1XEV-D=', 'UCS-SDB3T8SA1VD=', 'UCS-SD480G63XEP-D=', 'UCS-SD16TKA3XEP-D', 'UCS-SD480GM1XEV-D', 'UCS-SD960G63XEP-D=', 'UCS-SD800GK3XEP-D=', 'UCS-SD960GK1XEV-D', 'UCS-SD38TK1X-EV-D=', 'UCS-SD240GBM1XEVD=', 'UCS-SD38T6S1XEV-D', 'UCS-SD19T6S1XEV-D', 'UCS-SD76TBKANK9-D', 'UCS-SD38T63X-EP-D=', 'UCS-SDB1T9SA1VD', 'UCS-SD19TBM1XEV-D', 'UCS-SD15TK1X-EV-D', 'UCS-SD800GK3XEP-D', 'UCS-SD76TK1X-EV-D', 'UCS-SD76TKA1XEV-D', 'UCS-SD19TKA1XEV-D=', 'UCS-SD19TEM2NK9-D', 'UCS-SD16TBKANK9-D=', 'UCS-SD480GBM1XEVD=']","['UCS-HD18TB10KJ4-D', 'UCS-HD12TB10KJ4-D=', 'UCS-HD24TB10KJ4-D=', 'UCS-HD24TB10KJ4-D', 'UCS-HD600G10KJ4-D=', 'UCS-HD12TB10KJ4-D', 'UCS-HD600G10KJ4-D', 'UCS-HD18TB10KJ4-D=']",128GB,4800,4,4,DDR5,RDIMM,ECC,1.1V,STD,1,,,is_encoded,c220m7-sff-specsheet.pdf,https://www.cisco.com/c/dam/en/us/products/collateral/servers-unified-computing/ucs-c-series-rack-servers/c220m7-sff-specsheet.pdf,https://www.cisco.com/c/dam/en/us/products/collateral/servers-unified-computing/ucs-c-series-rack-servers/c220m7-sff-specsheet.pdf,,,128D5ER44480011S1,4Rx4,"('1Rx4', '1Rx8', '2Rx4', '4Rx4')",,,,
Cisco,UCS-MR-X16G1RW,Cisco UCS C220/C240/B200 M5,Cisco,UCS,C220/C240/B200 M5,UCS-MR-X16G1RW 16GB DDR4-3200MHz RDIMM 1Rx4 (8Gb)/1.2v,['24'],,,,,,memory,,"['UCS-MR-X64G2RW2', 'UCS-MR-X32G2RT-H', 'UCS-MR-X64G2RW', 'UCS-MR-X16G1RW2', 'UCS-MR-X32G2RW2', 'UCS-MR-X16G1RT-H', 'UCS-MR-X64G2RT-H', 'UCS-MR-X32G2RW', 'UCS-MR-X16G1RW']",,,16GB,3200,1,4,DDR4,RDIMM,ECC,1.2V,STD,1,,,is_encoded,memory-guide-c220-c240-b200-m5.pdf,https://www.cisco.com/c/dam/en/us/products/collateral/servers-unified-computing/ucs-c-series-rack-servers/memory-guide-c220-c240-b200-m5.pdf,https://www.cisco.com/c/dam/en/us/products/collateral/servers-unified-computing/ucs-c-series-rack-servers/memory-guide-c220-c240-b200-m5.pdf,,,16D4ER14320012S1,1Rx4,"('1Rx4', '2Rx4')",,,,
Cisco,UCS-MR-X16G1RW,Cisco UCS C220/C240/B200 M5,Cisco,UCS,C220/C240/B200 M5,UCS-MR-X16G1RW2 16 GB DDR4-3200MHz RDIMM 1Rx4 (8Gb) 1.2 V 1 Intel® Optane™ Persistent,['24'],,,,,,memory,,"['UCS-MR-X64G2RW2', 'UCS-MR-X32G2RT-H', 'UCS-MR-X64G2RW', 'UCS-MR-X16G1RW2', 'UCS-MR-X32G2RW2', 'UCS-MR-X16G1RT-H', 'UCS-MR-X64G2RT-H', 'UCS-MR-X32G2RW', 'UCS-MR-X16G1RW']",,,16GB,3200,1,4,DDR4,RDIMM,ECC,1.2V,STD,1,,,is_encoded,memory-guide-c220-c240-b200-m5.pdf,https://www.cisco.com/c/dam/en/us/products/collateral/servers-unified-computing/ucs-c-series-rack-servers/memory-guide-c220-c240-b200-m5.pdf,https://www.cisco.com/c/dam/en/us/products/collateral/servers-unified-computing/ucs-c-series-rack-servers/memory-guide-c220-c240-b200-m5.pdf,,,16D4ER14320012S1,1Rx4,"('1Rx4', '2Rx4')",,,,
Cisco,UCS-MR-X16G1RT-H,Cisco UCS C220/C240/B200 M5,Cisco,UCS,C220/C240/B200 M5,UCS-MR-X16G1RT-H 16GB DDR4-2933MHz RDIMM 1Rx 4 (8Gb)/1.2v,['24'],,,,,,memory,,"['UCS-MR-X64G2RW2', 'UCS-MR-X32G2RT-H', 'UCS-MR-X64G2RW', 'UCS-MR-X16G1RW2', 'UCS-MR-X32G2RW2', 'UCS-MR-X16G1RT-H', 'UCS-MR-X64G2RT-H', 'UCS-MR-X32G2RW', 'UCS-MR-X16G1RW']",,,16GB,2933,1,4,DDR4,RDIMM,ECC,1.2V,STD,1,,,is_encoded,memory-guide-c220-c240-b200-m5.pdf,https://www.cisco.com/c/dam/en/us/products/collateral/servers-unified-computing/ucs-c-series-rack-servers/memory-guide-c220-c240-b200-m5.pdf,https://www.cisco.com/c/dam/en/us/products/collateral/servers-unified-computing/ucs-c-series-rack-servers/memory-guide-c220-c240-b200-m5.pdf,,,16D4ER14293312S1,1Rx4,"('1Rx4', '2Rx4')",,,,
Cisco,UCS-MR-X64G2RW,Cisco UCS C220/C240/B200 M5,Cisco,UCS,C220/C240/B200 M5,UCS-MR-X64G2RW 164GB DDR4-3200MHz RDIMM 2Rx4 (16Gb)/1.2v,['24'],,,,,,memory,,"['UCS-MR-X64G2RW2', 'UCS-MR-X32G2RT-H', 'UCS-MR-X64G2RW', 'UCS-MR-X16G1RW2', 'UCS-MR-X32G2RW2', 'UCS-MR-X16G1RT-H', 'UCS-MR-X64G2RT-H', 'UCS-MR-X32G2RW', 'UCS-MR-X16G1RW']",,,64GB,3200,2,4,DDR4,RDIMM,ECC,1.2V,STD,1,,,is_encoded,memory-guide-c220-c240-b200-m5.pdf,https://www.cisco.com/c/dam/en/us/products/collateral/servers-unified-computing/ucs-c-series-rack-servers/memory-guide-c220-c240-b200-m5.pdf,https://www.cisco.com/c/dam/en/us/products/collateral/servers-unified-computing/ucs-c-series-rack-servers/memory-guide-c220-c240-b200-m5.pdf,,,64D4ER24320012S1,2Rx4,"('1Rx4', '2Rx4')",,,,
Cisco,UCS-MR-X64G2RW,Cisco UCS C220/C240/B200 M5,Cisco,UCS,C220/C240/B200 M5,UCS-MR-X64G2RW2 64 GB DDR4-3200MHz RDIMM 2Rx4 (16Gb) 1.2 V 2,['24'],,,,,,memory,,"['UCS-MR-X64G2RW2', 'UCS-MR-X32G2RT-H', 'UCS-MR-X64G2RW', 'UCS-MR-X16G1RW2', 'UCS-MR-X32G2RW2', 'UCS-MR-X16G1RT-H', 'UCS-MR-X64G2RT-H', 'UCS-MR-X32G2RW', 'UCS-MR-X16G1RW']",,,64GB,3200,2,4,DDR4,RDIMM,ECC,1.2V,STD,1,,,is_encoded,memory-guide-c220-c240-b200-m5.pdf,https://www.cisco.com/c/dam/en/us/products/collateral/servers-unified-computing/ucs-c-series-rack-servers/memory-guide-c220-c240-b200-m5.pdf,https://www.cisco.com/c/dam/en/us/products/collateral/servers-unified-computing/ucs-c-series-rack-servers/memory-guide-c220-c240-b200-m5.pdf,,,64D4ER24320012S1,2Rx4,"('1Rx4', '2Rx4')",,,,
Cisco,UCS-MR-X64G2RW,Cisco UCS C220/C240/B200 M5,Cisco,UCS,C220/C240/B200 M5,UCS-MR-X64G2RW 64GB DDR4-3200MHz RDIMM 2Rx4 (16Gb)/1.2v,['24'],,,,,,memory,,"['UCS-MR-X64G2RW2', 'UCS-MR-X32G2RT-H', 'UCS-MR-X64G2RW', 'UCS-MR-X16G1RW2', 'UCS-MR-X32G2RW2', 'UCS-MR-X16G1RT-H', 'UCS-MR-X64G2RT-H', 'UCS-MR-X32G2RW', 'UCS-MR-X16G1RW']",,,64GB,3200,2,4,DDR4,RDIMM,ECC,1.2V,STD,1,,,is_encoded,memory-guide-c220-c240-b200-m5.pdf,https://www.cisco.com/c/dam/en/us/products/collateral/servers-unified-computing/ucs-c-series-rack-servers/memory-guide-c220-c240-b200-m5.pdf,https://www.cisco.com/c/dam/en/us/products/collateral/servers-unified-computing/ucs-c-series-rack-servers/memory-guide-c220-c240-b200-m5.pdf,,,64D4ER24320012S1,2Rx4,"('1Rx4', '2Rx4')",,,,
Cisco,UCS-MR-X64G2RT-H,Cisco UCS C220/C240/B200 M5,Cisco,UCS,C220/C240/B200 M5,UCS-MR-X64G2RT-H 64GB DDR4-2933MHz RDIMM 2Rx 4 (16Gb)/1.2v,['24'],,,,,,memory,,"['UCS-MR-X64G2RW2', 'UCS-MR-X32G2RT-H', 'UCS-MR-X64G2RW', 'UCS-MR-X16G1RW2', 'UCS-MR-X32G2RW2', 'UCS-MR-X16G1RT-H', 'UCS-MR-X64G2RT-H', 'UCS-MR-X32G2RW', 'UCS-MR-X16G1RW']",,,64GB,2933,2,4,DDR4,RDIMM,ECC,1.2V,STD,1,,,is_encoded,memory-guide-c220-c240-b200-m5.pdf,https://www.cisco.com/c/dam/en/us/products/collateral/servers-unified-computing/ucs-c-series-rack-servers/memory-guide-c220-c240-b200-m5.pdf,https://www.cisco.com/c/dam/en/us/products/collateral/servers-unified-computing/ucs-c-series-rack-servers/memory-guide-c220-c240-b200-m5.pdf,,,64D4ER24293312S1,2Rx4,"('1Rx4', '2Rx4')",,,,
Cisco,UCS-MR-X32G2RW,Cisco UCS C220/C240/B200 M5,Cisco,UCS,C220/C240/B200 M5,UCS-MR-X32G2RW2 32 GB DDR4-3200MHz RDIMM 2Rx4 (8Gb) 1.2 V 2,['24'],,,,,,memory,,"['UCS-MR-X64G2RW2', 'UCS-MR-X32G2RT-H', 'UCS-MR-X64G2RW', 'UCS-MR-X16G1RW2', 'UCS-MR-X32G2RW2', 'UCS-MR-X16G1RT-H', 'UCS-MR-X64G2RT-H', 'UCS-MR-X32G2RW', 'UCS-MR-X16G1RW']",,,32GB,3200,2,4,DDR4,RDIMM,ECC,1.2V,STD,1,,,is_encoded,memory-guide-c220-c240-b200-m5.pdf,https://www.cisco.com/c/dam/en/us/products/collateral/servers-unified-computing/ucs-c-series-rack-servers/memory-guide-c220-c240-b200-m5.pdf,https://www.cisco.com/c/dam/en/us/products/collateral/servers-unified-computing/ucs-c-series-rack-servers/memory-guide-c220-c240-b200-m5.pdf,,,32D4ER24320012S1,2Rx4,"('1Rx4', '2Rx4')",,,,
Cisco,UCS-MR-X32G2RW,Cisco UCS C220/C240/B200 M5,Cisco,UCS,C220/C240/B200 M5,UCS-MR-X32G2RW 32GB DDR4-3200MHz RDIMM 2Rx4 (8Gb)/1.2v,['24'],,,,,,memory,,"['UCS-MR-X64G2RW2', 'UCS-MR-X32G2RT-H', 'UCS-MR-X64G2RW', 'UCS-MR-X16G1RW2', 'UCS-MR-X32G2RW2', 'UCS-MR-X16G1RT-H', 'UCS-MR-X64G2RT-H', 'UCS-MR-X32G2RW', 'UCS-MR-X16G1RW']",,,32GB,3200,2,4,DDR4,RDIMM,ECC,1.2V,STD,1,,,is_encoded,memory-guide-c220-c240-b200-m5.pdf,https://www.cisco.com/c/dam/en/us/products/collateral/servers-unified-computing/ucs-c-series-rack-servers/memory-guide-c220-c240-b200-m5.pdf,https://www.cisco.com/c/dam/en/us/products/collateral/servers-unified-computing/ucs-c-series-rack-servers/memory-guide-c220-c240-b200-m5.pdf,,,32D4ER24320012S1,2Rx4,"('1Rx4', '2Rx4')",,,,
Cisco,UCS-MR-X32G2RT-H,Cisco UCS C220/C240/B200 M5,Cisco,UCS,C220/C240/B200 M5,UCS-MR-X32G2RT-H 32GB DDR4-2933MHz RDIMM 2Rx 4 (8Gb)/1.2v,['24'],,,,,,memory,,"['UCS-MR-X64G2RW2', 'UCS-MR-X32G2RT-H', 'UCS-MR-X64G2RW', 'UCS-MR-X16G1RW2', 'UCS-MR-X32G2RW2', 'UCS-MR-X16G1RT-H', 'UCS-MR-X64G2RT-H', 'UCS-MR-X32G2RW', 'UCS-MR-X16G1RW']",,,32GB,2933,2,4,DDR4,RDIMM,ECC,1.2V,STD,1,,,is_encoded,memory-guide-c220-c240-b200-m5.pdf,https://www.cisco.com/c/dam/en/us/products/collateral/servers-unified-computing/ucs-c-series-rack-servers/memory-guide-c220-c240-b200-m5.pdf,https://www.cisco.com/c/dam/en/us/products/collateral/servers-unified-computing/ucs-c-series-rack-servers/memory-guide-c220-c240-b200-m5.pdf,,,32D4ER24293312S1,2Rx4,"('1Rx4', '2Rx4')",,,,
Cisco,UCS-MR-X64G2RW,Cisco UCS C220/C240/B200 M5,Cisco,UCS,C220/C240/B200 M5,UCS-MR-X64G2RW 164GB DDR4-3200MHz RDIMM 2Rx4 (16Gb)/1.2v,['24'],,,,,,memory,,"['UCS-MR-X64G2RW2', 'UCS-MR-X32G2RT-H', 'UCS-MR-X64G2RW', 'UCS-MR-X16G1RW2', 'UCS-MR-X32G2RW2', 'UCS-MR-X16G1RT-H', 'UCS-MR-X64G2RT-H', 'UCS-MR-X32G2RW', 'UCS-MR-X16G1RW']",,,164GB,3200,2,4,DDR4,RDIMM,ECC,1.2V,STD,1,,,is_encoded,memory-guide-c220-c240-b200-m5.pdf,https://www.cisco.com/c/dam/en/us/products/collateral/servers-unified-computing/ucs-c-series-rack-servers/memory-guide-c220-c240-b200-m5.pdf,https://www.cisco.com/c/dam/en/us/products/collateral/servers-unified-computing/ucs-c-series-rack-servers/memory-guide-c220-c240-b200-m5.pdf,,,164D4ER24320012S1,2Rx4,"('1Rx4', '2Rx4')",,,,
Cisco,UCS-MR-X64G2RW,Cisco UCS C220/C240/B200 M5,Cisco,UCS,C220/C240/B200 M5,UCS-MR-X64G2RW 64GB DDR4-3200MHz RDIMM 2Rx4 (16Gb)/1.2v,['24'],,,,,,memory,,"['UCS-MR-X64G2RW2', 'UCS-MR-X32G2RT-H', 'UCS-MR-X64G2RW', 'UCS-MR-X16G1RW2', 'UCS-MR-X32G2RW2', 'UCS-MR-X16G1RT-H', 'UCS-MR-X64G2RT-H', 'UCS-MR-X32G2RW', 'UCS-MR-X16G1RW']",,,164GB,3200,2,4,DDR4,RDIMM,ECC,1.2V,STD,1,,,is_encoded,memory-guide-c220-c240-b200-m5.pdf,https://www.cisco.com/c/dam/en/us/products/collateral/servers-unified-computing/ucs-c-series-rack-servers/memory-guide-c220-c240-b200-m5.pdf,https://www.cisco.com/c/dam/en/us/products/collateral/servers-unified-computing/ucs-c-series-rack-servers/memory-guide-c220-c240-b200-m5.pdf,,,164D4ER24320012S1,2Rx4,"('1Rx4', '2Rx4')",,,,
Cisco,UCS-MR-X16G1RW,Cisco UCS C220/C240/B200 M5  Addendum,Cisco,UCS,C220/C240/B200 M5,UCS-MR-X16G1RW 16GB DDR4-3200MHz RDIMM 1Rx4 (8Gb)/1.2v,[],,,,,,memory,,"['UCS-MR-X32G2RT-H', 'UCS-MR-X64G2RW', 'UCS-MR-X64G2RW164GB', 'UCS-MR-X16G1RT-H', 'UCS-MR-X64G2RT-H', 'UCS-MR-X32G2RW', 'UCS-MR-X16G1RW']",,,16GB,3200,1,4,DDR4,RDIMM,ECC,1.2V,STD,1,,,is_encoded,c220-c240-b200-m5-memory-addendum.pdf,https://www.cisco.com/c/dam/en/us/products/collateral/servers-unified-computing/ucs-c-series-rack-servers/c220-c240-b200-m5-memory-addendum.pdf,https://www.cisco.com/c/dam/en/us/products/collateral/servers-unified-computing/ucs-c-series-rack-servers/c220-c240-b200-m5-memory-addendum.pdf,,,16D4ER14320012S1,1Rx4,"('1Rx4', '2Rx4')",,,,
Cisco,UCS-MR-X16G1RT-H,Cisco UCS C220/C240/B200 M5  Addendum,Cisco,UCS,C220/C240/B200 M5,UCS-MR-X16G1RT-H 16GB DDR4-2933MHz RDIMM 1Rx4 (8Gb)/1.2v,[],,,,,,memory,,"['UCS-MR-X32G2RT-H', 'UCS-MR-X64G2RW', 'UCS-MR-X64G2RW164GB', 'UCS-MR-X16G1RT-H', 'UCS-MR-X64G2RT-H', 'UCS-MR-X32G2RW', 'UCS-MR-X16G1RW']",,,16GB,2933,1,4,DDR4,RDIMM,ECC,1.2V,STD,1,,,is_encoded,c220-c240-b200-m5-memory-addendum.pdf,https://www.cisco.com/c/dam/en/us/products/collateral/servers-unified-computing/ucs-c-series-rack-servers/c220-c240-b200-m5-memory-addendum.pdf,https://www.cisco.com/c/dam/en/us/products/collateral/servers-unified-computing/ucs-c-series-rack-servers/c220-c240-b200-m5-memory-addendum.pdf,,,16D4ER14293312S1,1Rx4,"('1Rx4', '2Rx4')",,,,
Cisco,UCS-MR-X16G1RT-H,Cisco UCS C220/C240/B200 M5  Addendum,Cisco,UCS,C220/C240/B200 M5,UCS-MR-X16G1RT-H 16GB DDR4-2933MHz RDIMM 1Rx4 (8Gb)/1.2v,[],,,,,,memory,,"['UCS-MR-X32G2RT-H', 'UCS-MR-X64G2RW', 'UCS-MR-X64G2RW164GB', 'UCS-MR-X16G1RT-H', 'UCS-MR-X64G2RT-H', 'UCS-MR-X32G2RW', 'UCS-MR-X16G1RW']",,,16GB,2933,1,4,DDR4,RDIMM,ECC,1.2V,STD,1,,,is_encoded,c220-c240-b200-m5-memory-addendum.pdf,https://www.cisco.com/c/dam/en/us/products/collateral/servers-unified-computing/ucs-c-series-rack-servers/c220-c240-b200-m5-memory-addendum.pdf,https://www.cisco.com/c/dam/en/us/products/collateral/servers-unified-computing/ucs-c-series-rack-servers/c220-c240-b200-m5-memory-addendum.pdf,,,16D4ER14293312S1,1Rx4,"('1Rx4', '2Rx4')",,,,
Cisco,UCS-MR-X64G2RW,Cisco UCS C220/C240/B200 M5  Addendum,Cisco,UCS,C220/C240/B200 M5,UCS-MR-X64G2RW 64GB DDR4-3200MHz RDIMM 2Rx4 (16Gb)/1.2v,[],,,,,,memory,,"['UCS-MR-X32G2RT-H', 'UCS-MR-X64G2RW', 'UCS-MR-X64G2RW164GB', 'UCS-MR-X16G1RT-H', 'UCS-MR-X64G2RT-H', 'UCS-MR-X32G2RW', 'UCS-MR-X16G1RW']",,,64GB,3200,2,4,DDR4,RDIMM,ECC,1.2V,STD,1,,,is_encoded,c220-c240-b200-m5-memory-addendum.pdf,https://www.cisco.com/c/dam/en/us/products/collateral/servers-unified-computing/ucs-c-series-rack-servers/c220-c240-b200-m5-memory-addendum.pdf,https://www.cisco.com/c/dam/en/us/products/collateral/servers-unified-computing/ucs-c-series-rack-servers/c220-c240-b200-m5-memory-addendum.pdf,,,64D4ER24320012S1,2Rx4,"('1Rx4', '2Rx4')",,,,
Cisco,UCS-MR-X64G2RT-H,Cisco UCS C220/C240/B200 M5  Addendum,Cisco,UCS,C220/C240/B200 M5,UCS-MR-X64G2RT-H 64GB DDR4-2933MHz RDIMM 2Rx4 (16Gb)/1.2v,[],,,,,,memory,,"['UCS-MR-X32G2RT-H', 'UCS-MR-X64G2RW', 'UCS-MR-X64G2RW164GB', 'UCS-MR-X16G1RT-H', 'UCS-MR-X64G2RT-H', 'UCS-MR-X32G2RW', 'UCS-MR-X16G1RW']",,,64GB,2933,2,4,DDR4,RDIMM,ECC,1.2V,STD,1,,,is_encoded,c220-c240-b200-m5-memory-addendum.pdf,https://www.cisco.com/c/dam/en/us/products/collateral/servers-unified-computing/ucs-c-series-rack-servers/c220-c240-b200-m5-memory-addendum.pdf,https://www.cisco.com/c/dam/en/us/products/collateral/servers-unified-computing/ucs-c-series-rack-servers/c220-c240-b200-m5-memory-addendum.pdf,,,64D4ER24293312S1,2Rx4,"('1Rx4', '2Rx4')",,,,
Cisco,UCS-MR-X64G2RT-H,Cisco UCS C220/C240/B200 M5  Addendum,Cisco,UCS,C220/C240/B200 M5,UCS-MR-X64G2RT-H 64GB DDR4-2933MHz RDIMM 2Rx4 (16Gb)/1.2v,[],,,,,,memory,,"['UCS-MR-X32G2RT-H', 'UCS-MR-X64G2RW', 'UCS-MR-X64G2RW164GB', 'UCS-MR-X16G1RT-H', 'UCS-MR-X64G2RT-H', 'UCS-MR-X32G2RW', 'UCS-MR-X16G1RW']",,,64GB,2933,2,4,DDR4,RDIMM,ECC,1.2V,STD,1,,,is_encoded,c220-c240-b200-m5-memory-addendum.pdf,https://www.cisco.com/c/dam/en/us/products/collateral/servers-unified-computing/ucs-c-series-rack-servers/c220-c240-b200-m5-memory-addendum.pdf,https://www.cisco.com/c/dam/en/us/products/collateral/servers-unified-computing/ucs-c-series-rack-servers/c220-c240-b200-m5-memory-addendum.pdf,,,64D4ER24293312S1,2Rx4,"('1Rx4', '2Rx4')",,,,
Cisco,UCS-MR-X32G2RW,Cisco UCS C220/C240/B200 M5  Addendum,Cisco,UCS,C220/C240/B200 M5,UCS-MR-X32G2RW 32GB DDR4-3200MHz RDIMM 2Rx4 (8Gb)/1.2v,[],,,,,,memory,,"['UCS-MR-X32G2RT-H', 'UCS-MR-X64G2RW', 'UCS-MR-X64G2RW164GB', 'UCS-MR-X16G1RT-H', 'UCS-MR-X64G2RT-H', 'UCS-MR-X32G2RW', 'UCS-MR-X16G1RW']",,,32GB,3200,2,4,DDR4,RDIMM,ECC,1.2V,STD,1,,,is_encoded,c220-c240-b200-m5-memory-addendum.pdf,https://www.cisco.com/c/dam/en/us/products/collateral/servers-unified-computing/ucs-c-series-rack-servers/c220-c240-b200-m5-memory-addendum.pdf,https://www.cisco.com/c/dam/en/us/products/collateral/servers-unified-computing/ucs-c-series-rack-servers/c220-c240-b200-m5-memory-addendum.pdf,,,32D4ER24320012S1,2Rx4,"('1Rx4', '2Rx4')",,,,
Cisco,UCS-MR-X32G2RT-H,Cisco UCS C220/C240/B200 M5  Addendum,Cisco,UCS,C220/C240/B200 M5,UCS-MR-X32G2RT-H 32GB DDR4-2933MHz RDIMM 2Rx4 (8Gb)/1.2v,[],,,,,,memory,,"['UCS-MR-X32G2RT-H', 'UCS-MR-X64G2RW', 'UCS-MR-X64G2RW164GB', 'UCS-MR-X16G1RT-H', 'UCS-MR-X64G2RT-H', 'UCS-MR-X32G2RW', 'UCS-MR-X16G1RW']",,,32GB,2933,2,4,DDR4,RDIMM,ECC,1.2V,STD,1,,,is_encoded,c220-c240-b200-m5-memory-addendum.pdf,https://www.cisco.com/c/dam/en/us/products/collateral/servers-unified-computing/ucs-c-series-rack-servers/c220-c240-b200-m5-memory-addendum.pdf,https://www.cisco.com/c/dam/en/us/products/collateral/servers-unified-computing/ucs-c-series-rack-servers/c220-c240-b200-m5-memory-addendum.pdf,,,32D4ER24293312S1,2Rx4,"('1Rx4', '2Rx4')",,,,
Cisco,UCS-MR-X32G2RT-H,Cisco UCS C220/C240/B200 M5  Addendum,Cisco,UCS,C220/C240/B200 M5,UCS-MR-X32G2RT-H 32GB DDR4-2933MHz RDIMM 2Rx4 (8Gb)/1.2v,[],,,,,,memory,,"['UCS-MR-X32G2RT-H', 'UCS-MR-X64G2RW', 'UCS-MR-X64G2RW164GB', 'UCS-MR-X16G1RT-H', 'UCS-MR-X64G2RT-H', 'UCS-MR-X32G2RW', 'UCS-MR-X16G1RW']",,,32GB,2933,2,4,DDR4,RDIMM,ECC,1.2V,STD,1,,,is_encoded,c220-c240-b200-m5-memory-addendum.pdf,https://www.cisco.com/c/dam/en/us/products/collateral/servers-unified-computing/ucs-c-series-rack-servers/c220-c240-b200-m5-memory-addendum.pdf,https://www.cisco.com/c/dam/en/us/products/collateral/servers-unified-computing/ucs-c-series-rack-servers/c220-c240-b200-m5-memory-addendum.pdf,,,32D4ER24293312S1,2Rx4,"('1Rx4', '2Rx4')",,,,
Cisco,UCS-MR-X64G2RW,Cisco UCS C220/C240/B200 M5  Addendum,Cisco,UCS,C220/C240/B200 M5,UCS-MR-X64G2RW 64GB DDR4-3200MHz RDIMM 2Rx4 (16Gb)/1.2v,[],,,,,,memory,,"['UCS-MR-X32G2RT-H', 'UCS-MR-X64G2RW', 'UCS-MR-X64G2RW164GB', 'UCS-MR-X16G1RT-H', 'UCS-MR-X64G2RT-H', 'UCS-MR-X32G2RW', 'UCS-MR-X16G1RW']",,,164GB,3200,2,4,DDR4,RDIMM,ECC,1.2V,STD,1,,,is_encoded,c220-c240-b200-m5-memory-addendum.pdf,https://www.cisco.com/c/dam/en/us/products/collateral/servers-unified-computing/ucs-c-series-rack-servers/c220-c240-b200-m5-memory-addendum.pdf,https://www.cisco.com/c/dam/en/us/products/collateral/servers-unified-computing/ucs-c-series-rack-servers/c220-c240-b200-m5-memory-addendum.pdf,,,164D4ER24320012S1,2Rx4,"('1Rx4', '2Rx4')",,,,
Cisco,UCS-MR-X64G2RW,Cisco UCS C220/C240/B200 M5  Addendum,Cisco,UCS,C220/C240/B200 M5,UCS-MR-X64G2RW164GB DDR4-3200MHz RDIMM 2Rx4 (16Gb)/1.2v,[],,,,,,memory,,"['UCS-MR-X32G2RT-H', 'UCS-MR-X64G2RW', 'UCS-MR-X64G2RW164GB', 'UCS-MR-X16G1RT-H', 'UCS-MR-X64G2RT-H', 'UCS-MR-X32G2RW', 'UCS-MR-X16G1RW']",,,164GB,3200,2,4,DDR4,RDIMM,ECC,1.2V,STD,1,,,is_encoded,c220-c240-b200-m5-memory-addendum.pdf,https://www.cisco.com/c/dam/en/us/products/collateral/servers-unified-computing/ucs-c-series-rack-servers/c220-c240-b200-m5-memory-addendum.pdf,https://www.cisco.com/c/dam/en/us/products/collateral/servers-unified-computing/ucs-c-series-rack-servers/c220-c240-b200-m5-memory-addendum.pdf,,,164D4ER24320012S1,2Rx4,"('1Rx4', '2Rx4')",,,,
Cisco,UCS-MR-1X082RY-A,Cisco UCS C24 M3   Rack Server,Cisco,UCS,C24 M3,UCS-MR-1X082RY-A 8GB DDR3-1600-MHz RDIMM/PC3-12800/2R/x4/1.35v 1.35 V 2,['12'],,,,,,memory,"['E5-2420', 'E5-2440', 'E52430L v2', 'E5-2403', 'E52440 v2', 'E5-2470', 'E5-2400 v2', 'E52470 v2', 'E52450 v2', 'E5-2430', 'E5-2450', 'E52420 v2', 'E5-2400', 'E52430 v2', 'E52403 v2', 'E5-2407', 'E52407 v2', 'E5-2430L']","['UCS-MR-1X082RY-A', 'UCS-MR-1X162RY-A', 'UCS-MR-1X041RY-A']","['UCS-SD480G0KS2-EV', 'UCS-SD100G0KA2-G', 'UCS-SD400G0KA2-G', 'UCS-SD120G0KS2-EV', 'UCS-SD400G0KS2-EP', 'UCS-SD800G0KS2-EP', 'UCS-SD240G0KS2-EV', 'UCS-SD200G0KS2-EP']","['UCS-HDD250G1F111', 'UCS-HDD300GI2F105', 'UCS-HDD900GI2F106']",8GB,1600,2,4,DDR3,RDIMM,ECC,1.5V,STD,1,,,is_encoded,c24m3_sff_specsheet.pdf,,,,,8D3ER24160015S1,2Rx4,"('1Rx2', '1Rx4', '2Rx4')",,,,
Cisco,UCS-MR-1X162RY-A,Cisco UCS C24 M3   Rack Server,Cisco,UCS,C24 M3,UCS-MR-1X162RY-A 16GB DDR3-1600-MHz RDIMM/PC3-12800/2R/x4/1.35v 1.35 V 2,['12'],,,,,,memory,"['E5-2420', 'E5-2440', 'E52430L v2', 'E5-2403', 'E52440 v2', 'E5-2470', 'E5-2400 v2', 'E52470 v2', 'E52450 v2', 'E5-2430', 'E5-2450', 'E52420 v2', 'E5-2400', 'E52430 v2', 'E52403 v2', 'E5-2407', 'E52407 v2', 'E5-2430L']","['UCS-MR-1X082RY-A', 'UCS-MR-1X162RY-A', 'UCS-MR-1X041RY-A']","['UCS-SD480G0KS2-EV', 'UCS-SD100G0KA2-G', 'UCS-SD400G0KA2-G', 'UCS-SD120G0KS2-EV', 'UCS-SD400G0KS2-EP', 'UCS-SD800G0KS2-EP', 'UCS-SD240G0KS2-EV', 'UCS-SD200G0KS2-EP']","['UCS-HDD250G1F111', 'UCS-HDD300GI2F105', 'UCS-HDD900GI2F106']",16GB,1600,2,4,DDR3,RDIMM,ECC,1.5V,STD,1,,,is_encoded,c24m3_sff_specsheet.pdf,,,,,16D3ER24160015S1,2Rx4,"('1Rx2', '1Rx4', '2Rx4')",,,,
Cisco,UCS-MR-1X082RY-A,Cisco UCS C24 M3  Large Form Factor Rack Server,Cisco,UCS,C24 M3,UCS-MR-1X082RY-A 8GB DDR3-1600-MHz RDIMM/PC3-12800/2R/x4/1.35v 1.35 V 2,['12'],,,,,,memory,"['E5-2420', 'E5-2440', 'E52430L v2', 'E5-2403', 'E52440 v2', 'E5-2470', 'E5-2400 v2', 'E52470 v2', 'E52450 v2', 'E5-2430', 'E5-2450', 'E52420 v2', 'E5-2400', 'E52430 v2', 'E52403 v2', 'E5-2407', 'E52407 v2', 'E5-2430L']","['UCS-MR-1X082RY-A', 'UCS-MR-1X162RY-A', 'UCS-MR-1X041RY-A']",,"['UCS-HDD2TI2F213', 'UCS-HDD3TI2F214', 'UCS-HD4T7KS3-E', 'UCS-HDD1TI2F212']",8GB,1600,2,4,DDR3,RDIMM,ECC,1.5V,STD,1,,,is_encoded,c24m3_lff_specsheet.pdf,,,,,8D3ER24160015S1,2Rx4,"('1Rx2', '1Rx4', '2Rx4')",,,,
Cisco,UCS-MR-1X162RY-A,Cisco UCS C24 M3  Large Form Factor Rack Server,Cisco,UCS,C24 M3,UCS-MR-1X162RY-A 16GB DDR3-1600-MHz RDIMM/PC3-12800/2R/x4/1.35v 1.35 V 2,['12'],,,,,,memory,"['E5-2420', 'E5-2440', 'E52430L v2', 'E5-2403', 'E52440 v2', 'E5-2470', 'E5-2400 v2', 'E52470 v2', 'E52450 v2', 'E5-2430', 'E5-2450', 'E52420 v2', 'E5-2400', 'E52430 v2', 'E52403 v2', 'E5-2407', 'E52407 v2', 'E5-2430L']","['UCS-MR-1X082RY-A', 'UCS-MR-1X162RY-A', 'UCS-MR-1X041RY-A']",,"['UCS-HDD2TI2F213', 'UCS-HDD3TI2F214', 'UCS-HD4T7KS3-E', 'UCS-HDD1TI2F212']",16GB,1600,2,4,DDR3,RDIMM,ECC,1.5V,STD,1,,,is_encoded,c24m3_lff_specsheet.pdf,,,,,16D3ER24160015S1,2Rx4,"('1Rx2', '1Rx4', '2Rx4')",,,,
Cisco,UCS-MR-1X041RY-A,Cisco UCS C240 M3   Rack Server,Cisco,UCS,C240 M3,UCS-MR-1X041RY-A 4 GB DDR3-1600-MHz RDIMM/PC3-12800/1R/x4/1.35V 1.5/1.35 V 1,['24'],,,,,,memory,"['E5-2695B v2', 'E5-2650B v2', 'E5-2620B v2', 'E5-2690B v2', 'E5-2609B v2', 'E5-2680B v2', 'E5-2643', 'E5-2600 v2', 'E5-2650', 'E5-2640B v2', 'E5-2670B v2', 'E5-2637B v2', 'E5-2660B v2', 'E5-2630L', 'E5-2640', 'E5-2643B v2', 'E5-2667', 'E5-2609', 'E5-2630B v2', 'E5-2660', 'E5-2680', 'E5-2670', 'E5-2667B v2', 'E5-2600', 'E5-2650L', 'E5-2665', 'E5-2697B v2', 'E5-2620', 'E5-2690', 'E5-2630']","['UCS-MR-1X041RX-A', 'UCS-MR-1X082RY-A', 'UCS-MR-1X082RZ-A', 'UCS-MR-1X162RZ-A', 'UCS-MR-1X041RY-A', 'UCS-MR-1X082RX-A', 'UCS-MR-1X162RY-A']","['UCS-SD800G12S4-EP', 'UCS-SD100G0KA2-G', 'UCS-SD16TB12S4-EP', 'UCS-SD400G0KA2-G', 'UCS-SD400G0KS2-EP', 'UCS-SD960GBKS4-EV', 'UCS-SD120GBKS4-EV', 'UCS-SD800G0KS2-EP', 'UCS-SD480GBKS4-EV', 'UCS-SD200G0KS2-EP', 'UCS-SD400G12S4-EP']","['UCS-HD2T7K12G', 'UCS-HD300G15K12G', 'UCS-HD450G15K12G', 'UCS-HD900G10K12G', 'UCS-HD600G15K12G', 'UCS-HD12TB10K12G', 'UCS-HD600G10K12G', 'UCS-HD300G10K12G', 'UCS-HD1T7K12G']",4GB,1600,1,4,DDR3,RDIMM,ECC,1.5V,STD,1,,,is_encoded,c240m3-sff-specsheet.pdf,https://www.cisco.com/c/dam/en/us/products/collateral/servers-unified-computing/ucs-c-series-rack-servers/c240m3-sff-specsheet.pdf,https://www.cisco.com/c/dam/en/us/products/collateral/servers-unified-computing/ucs-c-series-rack-servers/c240m3-sff-specsheet.pdf,,,4D3ER14160015S1,1Rx4,"('1Rx2', '1Rx4', '2Rx4')",,,,
Cisco,UCS-MR-1X041RX-A,Cisco UCS C240 M3   Rack Server,Cisco,UCS,C240 M3,UCS-MR-1X041RX-A 4 GB DDR3-1333-MHz RDIMM/PC3-10600/1R/x4/1.35V 1.35v 1,['24'],,,,,,memory,"['E5-2695B v2', 'E5-2650B v2', 'E5-2620B v2', 'E5-2690B v2', 'E5-2609B v2', 'E5-2680B v2', 'E5-2643', 'E5-2600 v2', 'E5-2650', 'E5-2640B v2', 'E5-2670B v2', 'E5-2637B v2', 'E5-2660B v2', 'E5-2630L', 'E5-2640', 'E5-2643B v2', 'E5-2667', 'E5-2609', 'E5-2630B v2', 'E5-2660', 'E5-2680', 'E5-2670', 'E5-2667B v2', 'E5-2600', 'E5-2650L', 'E5-2665', 'E5-2697B v2', 'E5-2620', 'E5-2690', 'E5-2630']","['UCS-MR-1X041RX-A', 'UCS-MR-1X082RY-A', 'UCS-MR-1X082RZ-A', 'UCS-MR-1X162RZ-A', 'UCS-MR-1X041RY-A', 'UCS-MR-1X082RX-A', 'UCS-MR-1X162RY-A']","['UCS-SD800G12S4-EP', 'UCS-SD100G0KA2-G', 'UCS-SD16TB12S4-EP', 'UCS-SD400G0KA2-G', 'UCS-SD400G0KS2-EP', 'UCS-SD960GBKS4-EV', 'UCS-SD120GBKS4-EV', 'UCS-SD800G0KS2-EP', 'UCS-SD480GBKS4-EV', 'UCS-SD200G0KS2-EP', 'UCS-SD400G12S4-EP']","['UCS-HD2T7K12G', 'UCS-HD300G15K12G', 'UCS-HD450G15K12G', 'UCS-HD900G10K12G', 'UCS-HD600G15K12G', 'UCS-HD12TB10K12G', 'UCS-HD600G10K12G', 'UCS-HD300G10K12G', 'UCS-HD1T7K12G']",4GB,1333,1,4,DDR3,RDIMM,ECC,1.5V,STD,1,,,is_encoded,c240m3-sff-specsheet.pdf,https://www.cisco.com/c/dam/en/us/products/collateral/servers-unified-computing/ucs-c-series-rack-servers/c240m3-sff-specsheet.pdf,https://www.cisco.com/c/dam/en/us/products/collateral/servers-unified-computing/ucs-c-series-rack-servers/c240m3-sff-specsheet.pdf,,,4D3ER14133315S1,1Rx4,"('1Rx2', '1Rx4', '2Rx4')",,,,
Cisco,UCS-MR-1X082RZ-A,Cisco UCS C240 M3   Rack Server,Cisco,UCS,C240 M3,UCS-MR-1X082RZ-A 8 GB DDR3-1866-MHz RDIMM/PC3-14900/2R/x4/1.5 1.5 V 2,['24'],,,,,,memory,"['E5-2695B v2', 'E5-2650B v2', 'E5-2620B v2', 'E5-2690B v2', 'E5-2609B v2', 'E5-2680B v2', 'E5-2643', 'E5-2600 v2', 'E5-2650', 'E5-2640B v2', 'E5-2670B v2', 'E5-2637B v2', 'E5-2660B v2', 'E5-2630L', 'E5-2640', 'E5-2643B v2', 'E5-2667', 'E5-2609', 'E5-2630B v2', 'E5-2660', 'E5-2680', 'E5-2670', 'E5-2667B v2', 'E5-2600', 'E5-2650L', 'E5-2665', 'E5-2697B v2', 'E5-2620', 'E5-2690', 'E5-2630']","['UCS-MR-1X041RX-A', 'UCS-MR-1X082RY-A', 'UCS-MR-1X082RZ-A', 'UCS-MR-1X162RZ-A', 'UCS-MR-1X041RY-A', 'UCS-MR-1X082RX-A', 'UCS-MR-1X162RY-A']","['UCS-SD800G12S4-EP', 'UCS-SD100G0KA2-G', 'UCS-SD16TB12S4-EP', 'UCS-SD400G0KA2-G', 'UCS-SD400G0KS2-EP', 'UCS-SD960GBKS4-EV', 'UCS-SD120GBKS4-EV', 'UCS-SD800G0KS2-EP', 'UCS-SD480GBKS4-EV', 'UCS-SD200G0KS2-EP', 'UCS-SD400G12S4-EP']","['UCS-HD2T7K12G', 'UCS-HD300G15K12G', 'UCS-HD450G15K12G', 'UCS-HD900G10K12G', 'UCS-HD600G15K12G', 'UCS-HD12TB10K12G', 'UCS-HD600G10K12G', 'UCS-HD300G10K12G', 'UCS-HD1T7K12G']",8GB,1866,2,4,DDR3,RDIMM,ECC,1.5V,STD,1,,,is_encoded,c240m3-sff-specsheet.pdf,https://www.cisco.com/c/dam/en/us/products/collateral/servers-unified-computing/ucs-c-series-rack-servers/c240m3-sff-specsheet.pdf,https://www.cisco.com/c/dam/en/us/products/collateral/servers-unified-computing/ucs-c-series-rack-servers/c240m3-sff-specsheet.pdf,,,8D3ER24186615S1,2Rx4,"('1Rx2', '1Rx4', '2Rx4')",,,,
Cisco,UCS-MR-1X082RY-A,Cisco UCS C240 M3   Rack Server,Cisco,UCS,C240 M3,UCS-MR-1X082RY-A 8 GB DDR3-1600-MHz RDIMM/PC3-12800/2R/x4/1.35v 1.5/1.35 V12,['24'],,,,,,memory,"['E5-2695B v2', 'E5-2650B v2', 'E5-2620B v2', 'E5-2690B v2', 'E5-2609B v2', 'E5-2680B v2', 'E5-2643', 'E5-2600 v2', 'E5-2650', 'E5-2640B v2', 'E5-2670B v2', 'E5-2637B v2', 'E5-2660B v2', 'E5-2630L', 'E5-2640', 'E5-2643B v2', 'E5-2667', 'E5-2609', 'E5-2630B v2', 'E5-2660', 'E5-2680', 'E5-2670', 'E5-2667B v2', 'E5-2600', 'E5-2650L', 'E5-2665', 'E5-2697B v2', 'E5-2620', 'E5-2690', 'E5-2630']","['UCS-MR-1X041RX-A', 'UCS-MR-1X082RY-A', 'UCS-MR-1X082RZ-A', 'UCS-MR-1X162RZ-A', 'UCS-MR-1X041RY-A', 'UCS-MR-1X082RX-A', 'UCS-MR-1X162RY-A']","['UCS-SD800G12S4-EP', 'UCS-SD100G0KA2-G', 'UCS-SD16TB12S4-EP', 'UCS-SD400G0KA2-G', 'UCS-SD400G0KS2-EP', 'UCS-SD960GBKS4-EV', 'UCS-SD120GBKS4-EV', 'UCS-SD800G0KS2-EP', 'UCS-SD480GBKS4-EV', 'UCS-SD200G0KS2-EP', 'UCS-SD400G12S4-EP']","['UCS-HD2T7K12G', 'UCS-HD300G15K12G', 'UCS-HD450G15K12G', 'UCS-HD900G10K12G', 'UCS-HD600G15K12G', 'UCS-HD12TB10K12G', 'UCS-HD600G10K12G', 'UCS-HD300G10K12G', 'UCS-HD1T7K12G']",8GB,1600,2,4,DDR3,RDIMM,ECC,1.5V,STD,1,,,is_encoded,c240m3-sff-specsheet.pdf,https://www.cisco.com/c/dam/en/us/products/collateral/servers-unified-computing/ucs-c-series-rack-servers/c240m3-sff-specsheet.pdf,https://www.cisco.com/c/dam/en/us/products/collateral/servers-unified-computing/ucs-c-series-rack-servers/c240m3-sff-specsheet.pdf,,,8D3ER24160015S1,2Rx4,"('1Rx2', '1Rx4', '2Rx4')",,,,
Cisco,UCS-MR-1X082RX-A,Cisco UCS C240 M3   Rack Server,Cisco,UCS,C240 M3,UCS-MR-1X082RX-A 8 GB DDR3-1333-MHz RDIMM/PC3-10600/2R/x4/1.35V 1.5/1.35 V 2,['24'],,,,,,memory,"['E5-2695B v2', 'E5-2650B v2', 'E5-2620B v2', 'E5-2690B v2', 'E5-2609B v2', 'E5-2680B v2', 'E5-2643', 'E5-2600 v2', 'E5-2650', 'E5-2640B v2', 'E5-2670B v2', 'E5-2637B v2', 'E5-2660B v2', 'E5-2630L', 'E5-2640', 'E5-2643B v2', 'E5-2667', 'E5-2609', 'E5-2630B v2', 'E5-2660', 'E5-2680', 'E5-2670', 'E5-2667B v2', 'E5-2600', 'E5-2650L', 'E5-2665', 'E5-2697B v2', 'E5-2620', 'E5-2690', 'E5-2630']","['UCS-MR-1X041RX-A', 'UCS-MR-1X082RY-A', 'UCS-MR-1X082RZ-A', 'UCS-MR-1X162RZ-A', 'UCS-MR-1X041RY-A', 'UCS-MR-1X082RX-A', 'UCS-MR-1X162RY-A']","['UCS-SD800G12S4-EP', 'UCS-SD100G0KA2-G', 'UCS-SD16TB12S4-EP', 'UCS-SD400G0KA2-G', 'UCS-SD400G0KS2-EP', 'UCS-SD960GBKS4-EV', 'UCS-SD120GBKS4-EV', 'UCS-SD800G0KS2-EP', 'UCS-SD480GBKS4-EV', 'UCS-SD200G0KS2-EP', 'UCS-SD400G12S4-EP']","['UCS-HD2T7K12G', 'UCS-HD300G15K12G', 'UCS-HD450G15K12G', 'UCS-HD900G10K12G', 'UCS-HD600G15K12G', 'UCS-HD12TB10K12G', 'UCS-HD600G10K12G', 'UCS-HD300G10K12G', 'UCS-HD1T7K12G']",8GB,1333,2,4,DDR3,RDIMM,ECC,1.5V,STD,1,,,is_encoded,c240m3-sff-specsheet.pdf,https://www.cisco.com/c/dam/en/us/products/collateral/servers-unified-computing/ucs-c-series-rack-servers/c240m3-sff-specsheet.pdf,https://www.cisco.com/c/dam/en/us/products/collateral/servers-unified-computing/ucs-c-series-rack-servers/c240m3-sff-specsheet.pdf,,,8D3ER24133315S1,2Rx4,"('1Rx2', '1Rx4', '2Rx4')",,,,
Cisco,UCS-MR-1X162RZ-A,Cisco UCS C240 M3   Rack Server,Cisco,UCS,C240 M3,UCS-MR-1X162RZ-A 16 GB DDR3-1866-MHz RDIMM PC3-14900/2R/x4/ 1.5 V 2,['24'],,,,,,memory,"['E5-2695B v2', 'E5-2650B v2', 'E5-2620B v2', 'E5-2690B v2', 'E5-2609B v2', 'E5-2680B v2', 'E5-2643', 'E5-2600 v2', 'E5-2650', 'E5-2640B v2', 'E5-2670B v2', 'E5-2637B v2', 'E5-2660B v2', 'E5-2630L', 'E5-2640', 'E5-2643B v2', 'E5-2667', 'E5-2609', 'E5-2630B v2', 'E5-2660', 'E5-2680', 'E5-2670', 'E5-2667B v2', 'E5-2600', 'E5-2650L', 'E5-2665', 'E5-2697B v2', 'E5-2620', 'E5-2690', 'E5-2630']","['UCS-MR-1X041RX-A', 'UCS-MR-1X082RY-A', 'UCS-MR-1X082RZ-A', 'UCS-MR-1X162RZ-A', 'UCS-MR-1X041RY-A', 'UCS-MR-1X082RX-A', 'UCS-MR-1X162RY-A']","['UCS-SD800G12S4-EP', 'UCS-SD100G0KA2-G', 'UCS-SD16TB12S4-EP', 'UCS-SD400G0KA2-G', 'UCS-SD400G0KS2-EP', 'UCS-SD960GBKS4-EV', 'UCS-SD120GBKS4-EV', 'UCS-SD800G0KS2-EP', 'UCS-SD480GBKS4-EV', 'UCS-SD200G0KS2-EP', 'UCS-SD400G12S4-EP']","['UCS-HD2T7K12G', 'UCS-HD300G15K12G', 'UCS-HD450G15K12G', 'UCS-HD900G10K12G', 'UCS-HD600G15K12G', 'UCS-HD12TB10K12G', 'UCS-HD600G10K12G', 'UCS-HD300G10K12G', 'UCS-HD1T7K12G']",256GB,1866,2,4,DDR3,RDIMM,ECC,1.5V,STD,6,,,is_encoded,c240m3-sff-specsheet.pdf,https://www.cisco.com/c/dam/en/us/products/collateral/servers-unified-computing/ucs-c-series-rack-servers/c240m3-sff-specsheet.pdf,https://www.cisco.com/c/dam/en/us/products/collateral/servers-unified-computing/ucs-c-series-rack-servers/c240m3-sff-specsheet.pdf,,,256D3ER24186615S6,2Rx4,"('1Rx2', '1Rx4', '2Rx4')",,,,
Cisco,UCS-MR-1X162RZ-A,Cisco UCS C240 M3   Rack Server,Cisco,UCS,C240 M3,UCS-MR-1X162RZ-A 16 GB DDR3-1866-MHz RDIMM PC3-14900/2R/x4/ 1.5 V 2,['24'],,,,,,memory,"['E5-2695B v2', 'E5-2650B v2', 'E5-2620B v2', 'E5-2690B v2', 'E5-2609B v2', 'E5-2680B v2', 'E5-2643', 'E5-2600 v2', 'E5-2650', 'E5-2640B v2', 'E5-2670B v2', 'E5-2637B v2', 'E5-2660B v2', 'E5-2630L', 'E5-2640', 'E5-2643B v2', 'E5-2667', 'E5-2609', 'E5-2630B v2', 'E5-2660', 'E5-2680', 'E5-2670', 'E5-2667B v2', 'E5-2600', 'E5-2650L', 'E5-2665', 'E5-2697B v2', 'E5-2620', 'E5-2690', 'E5-2630']","['UCS-MR-1X041RX-A', 'UCS-MR-1X082RY-A', 'UCS-MR-1X082RZ-A', 'UCS-MR-1X162RZ-A', 'UCS-MR-1X041RY-A', 'UCS-MR-1X082RX-A', 'UCS-MR-1X162RY-A']","['UCS-SD800G12S4-EP', 'UCS-SD100G0KA2-G', 'UCS-SD16TB12S4-EP', 'UCS-SD400G0KA2-G', 'UCS-SD400G0KS2-EP', 'UCS-SD960GBKS4-EV', 'UCS-SD120GBKS4-EV', 'UCS-SD800G0KS2-EP', 'UCS-SD480GBKS4-EV', 'UCS-SD200G0KS2-EP', 'UCS-SD400G12S4-EP']","['UCS-HD2T7K12G', 'UCS-HD300G15K12G', 'UCS-HD450G15K12G', 'UCS-HD900G10K12G', 'UCS-HD600G15K12G', 'UCS-HD12TB10K12G', 'UCS-HD600G10K12G', 'UCS-HD300G10K12G', 'UCS-HD1T7K12G']",256GB,1866,2,4,DDR3,RDIMM,ECC,1.5V,STD,1,,,is_encoded,c240m3-sff-specsheet.pdf,https://www.cisco.com/c/dam/en/us/products/collateral/servers-unified-computing/ucs-c-series-rack-servers/c240m3-sff-specsheet.pdf,https://www.cisco.com/c/dam/en/us/products/collateral/servers-unified-computing/ucs-c-series-rack-servers/c240m3-sff-specsheet.pdf,,,256D3ER24186615S1,2Rx4,"('1Rx2', '1Rx4', '2Rx4')",,,,
Cisco,UCS-MR-1X162RZ-A,Cisco UCS C240 M3   Rack Server,Cisco,UCS,C240 M3,UCS-MR-1X162RZ-A 16 GB DDR3-1866-MHz RDIMM PC3-14900/2R/x4/ 1.5 V 2,['24'],,,,,,memory,"['E5-2695B v2', 'E5-2650B v2', 'E5-2620B v2', 'E5-2690B v2', 'E5-2609B v2', 'E5-2680B v2', 'E5-2643', 'E5-2600 v2', 'E5-2650', 'E5-2640B v2', 'E5-2670B v2', 'E5-2637B v2', 'E5-2660B v2', 'E5-2630L', 'E5-2640', 'E5-2643B v2', 'E5-2667', 'E5-2609', 'E5-2630B v2', 'E5-2660', 'E5-2680', 'E5-2670', 'E5-2667B v2', 'E5-2600', 'E5-2650L', 'E5-2665', 'E5-2697B v2', 'E5-2620', 'E5-2690', 'E5-2630']","['UCS-MR-1X041RX-A', 'UCS-MR-1X082RY-A', 'UCS-MR-1X082RZ-A', 'UCS-MR-1X162RZ-A', 'UCS-MR-1X041RY-A', 'UCS-MR-1X082RX-A', 'UCS-MR-1X162RY-A']","['UCS-SD800G12S4-EP', 'UCS-SD100G0KA2-G', 'UCS-SD16TB12S4-EP', 'UCS-SD400G0KA2-G', 'UCS-SD400G0KS2-EP', 'UCS-SD960GBKS4-EV', 'UCS-SD120GBKS4-EV', 'UCS-SD800G0KS2-EP', 'UCS-SD480GBKS4-EV', 'UCS-SD200G0KS2-EP', 'UCS-SD400G12S4-EP']","['UCS-HD2T7K12G', 'UCS-HD300G15K12G', 'UCS-HD450G15K12G', 'UCS-HD900G10K12G', 'UCS-HD600G15K12G', 'UCS-HD12TB10K12G', 'UCS-HD600G10K12G', 'UCS-HD300G10K12G', 'UCS-HD1T7K12G']",16GB,1866,2,4,DDR3,RDIMM,ECC,1.5V,STD,1,,,is_encoded,c240m3-sff-specsheet.pdf,https://www.cisco.com/c/dam/en/us/products/collateral/servers-unified-computing/ucs-c-series-rack-servers/c240m3-sff-specsheet.pdf,https://www.cisco.com/c/dam/en/us/products/collateral/servers-unified-computing/ucs-c-series-rack-servers/c240m3-sff-specsheet.pdf,,,16D3ER24186615S1,2Rx4,"('1Rx2', '1Rx4', '2Rx4')",,,,
Cisco,UCS-MR-1X162RY-A,Cisco UCS C240 M3   Rack Server,Cisco,UCS,C240 M3,UCS-MR-1X162RY-A 16 GB DDR3-1600-MHz RDIMM/PC3-12800/2R/x4/1.35v 1.5/1.35 V12,['24'],,,,,,memory,"['E5-2695B v2', 'E5-2650B v2', 'E5-2620B v2', 'E5-2690B v2', 'E5-2609B v2', 'E5-2680B v2', 'E5-2643', 'E5-2600 v2', 'E5-2650', 'E5-2640B v2', 'E5-2670B v2', 'E5-2637B v2', 'E5-2660B v2', 'E5-2630L', 'E5-2640', 'E5-2643B v2', 'E5-2667', 'E5-2609', 'E5-2630B v2', 'E5-2660', 'E5-2680', 'E5-2670', 'E5-2667B v2', 'E5-2600', 'E5-2650L', 'E5-2665', 'E5-2697B v2', 'E5-2620', 'E5-2690', 'E5-2630']","['UCS-MR-1X041RX-A', 'UCS-MR-1X082RY-A', 'UCS-MR-1X082RZ-A', 'UCS-MR-1X162RZ-A', 'UCS-MR-1X041RY-A', 'UCS-MR-1X082RX-A', 'UCS-MR-1X162RY-A']","['UCS-SD800G12S4-EP', 'UCS-SD100G0KA2-G', 'UCS-SD16TB12S4-EP', 'UCS-SD400G0KA2-G', 'UCS-SD400G0KS2-EP', 'UCS-SD960GBKS4-EV', 'UCS-SD120GBKS4-EV', 'UCS-SD800G0KS2-EP', 'UCS-SD480GBKS4-EV', 'UCS-SD200G0KS2-EP', 'UCS-SD400G12S4-EP']","['UCS-HD2T7K12G', 'UCS-HD300G15K12G', 'UCS-HD450G15K12G', 'UCS-HD900G10K12G', 'UCS-HD600G15K12G', 'UCS-HD12TB10K12G', 'UCS-HD600G10K12G', 'UCS-HD300G10K12G', 'UCS-HD1T7K12G']",16GB,1600,2,4,DDR3,RDIMM,ECC,1.5V,STD,1,,,is_encoded,c240m3-sff-specsheet.pdf,https://www.cisco.com/c/dam/en/us/products/collateral/servers-unified-computing/ucs-c-series-rack-servers/c240m3-sff-specsheet.pdf,https://www.cisco.com/c/dam/en/us/products/collateral/servers-unified-computing/ucs-c-series-rack-servers/c240m3-sff-specsheet.pdf,,,16D3ER24160015S1,2Rx4,"('1Rx2', '1Rx4', '2Rx4')",,,,
Cisco,UCS-MR-1X162RZ-A,Cisco UCS C240 M3   Rack Server,Cisco,UCS,C240 M3,UCS-MR-1X162RZ-A 16 GB DDR3-1866-MHz RDIMM PC3-14900/2R/x4/ 1.5 V 2,['24'],,,,,,memory,"['E5-2695B v2', 'E5-2650B v2', 'E5-2620B v2', 'E5-2690B v2', 'E5-2609B v2', 'E5-2680B v2', 'E5-2643', 'E5-2600 v2', 'E5-2650', 'E5-2640B v2', 'E5-2670B v2', 'E5-2637B v2', 'E5-2660B v2', 'E5-2630L', 'E5-2640', 'E5-2643B v2', 'E5-2667', 'E5-2609', 'E5-2630B v2', 'E5-2660', 'E5-2680', 'E5-2670', 'E5-2667B v2', 'E5-2600', 'E5-2650L', 'E5-2665', 'E5-2697B v2', 'E5-2620', 'E5-2690', 'E5-2630']","['UCS-MR-1X041RX-A', 'UCS-MR-1X082RY-A', 'UCS-MR-1X082RZ-A', 'UCS-MR-1X162RZ-A', 'UCS-MR-1X041RY-A', 'UCS-MR-1X082RX-A', 'UCS-MR-1X162RY-A']","['UCS-SD800G12S4-EP', 'UCS-SD100G0KA2-G', 'UCS-SD16TB12S4-EP', 'UCS-SD400G0KA2-G', 'UCS-SD400G0KS2-EP', 'UCS-SD960GBKS4-EV', 'UCS-SD120GBKS4-EV', 'UCS-SD800G0KS2-EP', 'UCS-SD480GBKS4-EV', 'UCS-SD200G0KS2-EP', 'UCS-SD400G12S4-EP']","['UCS-HD2T7K12G', 'UCS-HD300G15K12G', 'UCS-HD450G15K12G', 'UCS-HD900G10K12G', 'UCS-HD600G15K12G', 'UCS-HD12TB10K12G', 'UCS-HD600G10K12G', 'UCS-HD300G10K12G', 'UCS-HD1T7K12G']",128GB,1866,2,4,DDR3,RDIMM,ECC,1.5V,STD,1,,,is_encoded,c240m3-sff-specsheet.pdf,https://www.cisco.com/c/dam/en/us/products/collateral/servers-unified-computing/ucs-c-series-rack-servers/c240m3-sff-specsheet.pdf,https://www.cisco.com/c/dam/en/us/products/collateral/servers-unified-computing/ucs-c-series-rack-servers/c240m3-sff-specsheet.pdf,,,128D3ER24186615S1,2Rx4,"('1Rx2', '1Rx4', '2Rx4')",,,,
Cisco,UCS-MR-1X041RY-A,Cisco UCS C240 M3  Large Form Factor Rack Server,Cisco,UCS,C240 M3,UCS-MR-1X041RY-A 4 GB DDR3-1600-MHz RDIMM/PC3-12800/1R/x4/1.35V 1.5/1.35 V 1,['24'],,,,,,memory,"['E5-2697 v2', 'E5-2643 v2', 'E5-2660 v2', 'E5-2609 v2', 'E5-2630', 'E5-2643', 'E5-2600 v2', 'E5-2667 v2', 'E5-2670 v2', 'E5-2650', 'E5-2690 v2', 'E5-2630L', 'E5-2695 v2', 'E5-2680 v2', 'E5-2640 v2', 'E5-2620 v2', 'E5-2640', 'E5-2609', 'E5-2667', 'E5-2650L v2', 'E5-2660', 'E5-2630L v2', 'E5-2680', 'E5-2670', 'E5-2600', 'E5-2665', 'E5-2630 v2', 'E5-2650L', 'E5-2620', 'E5-2690', 'E5-2637 v2', 'E5-2650 v2']","['UCS-MR-1X041RX-A', 'UCS-MR-1X082RY-A', 'UCS-MR-1X082RZ-A', 'UCS-MR-1X162RZ-A', 'UCS-MR-1X041RY-A', 'UCS-MR-1X082RX-A', 'UCS-MR-1X162RY-A']",,"['UCS-HD2T7KL12G', 'UCS-HD4T7KL12G', 'UCS-HD1T7KL12G']",4GB,1600,1,4,DDR3,RDIMM,ECC,1.5V,STD,1,,,is_encoded,C240M3_LFF_SpecSheet.pdf,https://www.cisco.com/c/dam/en/us/products/collateral/servers-unified-computing/ucs-c-series-rack-servers/C240M3_LFF_SpecSheet.pdf,https://www.cisco.com/c/dam/en/us/products/collateral/servers-unified-computing/ucs-c-series-rack-servers/C240M3_LFF_SpecSheet.pdf,,,4D3ER14160015S1,1Rx4,"('1Rx2', '1Rx4', '2Rx4')",,,,
Cisco,UCS-MR-1X041RX-A,Cisco UCS C240 M3  Large Form Factor Rack Server,Cisco,UCS,C240 M3,UCS-MR-1X041RX-A 4 GB DDR3-1333-MHz RDIMM/PC3-10600/1R/x4/1.35V 1.35v 1,['24'],,,,,,memory,"['E5-2697 v2', 'E5-2643 v2', 'E5-2660 v2', 'E5-2609 v2', 'E5-2630', 'E5-2643', 'E5-2600 v2', 'E5-2667 v2', 'E5-2670 v2', 'E5-2650', 'E5-2690 v2', 'E5-2630L', 'E5-2695 v2', 'E5-2680 v2', 'E5-2640 v2', 'E5-2620 v2', 'E5-2640', 'E5-2609', 'E5-2667', 'E5-2650L v2', 'E5-2660', 'E5-2630L v2', 'E5-2680', 'E5-2670', 'E5-2600', 'E5-2665', 'E5-2630 v2', 'E5-2650L', 'E5-2620', 'E5-2690', 'E5-2637 v2', 'E5-2650 v2']","['UCS-MR-1X041RX-A', 'UCS-MR-1X082RY-A', 'UCS-MR-1X082RZ-A', 'UCS-MR-1X162RZ-A', 'UCS-MR-1X041RY-A', 'UCS-MR-1X082RX-A', 'UCS-MR-1X162RY-A']",,"['UCS-HD2T7KL12G', 'UCS-HD4T7KL12G', 'UCS-HD1T7KL12G']",4GB,1333,1,4,DDR3,RDIMM,ECC,1.5V,STD,1,,,is_encoded,C240M3_LFF_SpecSheet.pdf,https://www.cisco.com/c/dam/en/us/products/collateral/servers-unified-computing/ucs-c-series-rack-servers/C240M3_LFF_SpecSheet.pdf,https://www.cisco.com/c/dam/en/us/products/collateral/servers-unified-computing/ucs-c-series-rack-servers/C240M3_LFF_SpecSheet.pdf,,,4D3ER14133315S1,1Rx4,"('1Rx2', '1Rx4', '2Rx4')",,,,
Cisco,UCS-MR-1X082RZ-A,Cisco UCS C240 M3  Large Form Factor Rack Server,Cisco,UCS,C240 M3,UCS-MR-1X082RZ-A 8 GB DDR3-1866-MHz RDIMM/PC3-14900/2R/x4/1.5 1.5 V 2,['24'],,,,,,memory,"['E5-2697 v2', 'E5-2643 v2', 'E5-2660 v2', 'E5-2609 v2', 'E5-2630', 'E5-2643', 'E5-2600 v2', 'E5-2667 v2', 'E5-2670 v2', 'E5-2650', 'E5-2690 v2', 'E5-2630L', 'E5-2695 v2', 'E5-2680 v2', 'E5-2640 v2', 'E5-2620 v2', 'E5-2640', 'E5-2609', 'E5-2667', 'E5-2650L v2', 'E5-2660', 'E5-2630L v2', 'E5-2680', 'E5-2670', 'E5-2600', 'E5-2665', 'E5-2630 v2', 'E5-2650L', 'E5-2620', 'E5-2690', 'E5-2637 v2', 'E5-2650 v2']","['UCS-MR-1X041RX-A', 'UCS-MR-1X082RY-A', 'UCS-MR-1X082RZ-A', 'UCS-MR-1X162RZ-A', 'UCS-MR-1X041RY-A', 'UCS-MR-1X082RX-A', 'UCS-MR-1X162RY-A']",,"['UCS-HD2T7KL12G', 'UCS-HD4T7KL12G', 'UCS-HD1T7KL12G']",8GB,1866,2,4,DDR3,RDIMM,ECC,1.5V,STD,1,,,is_encoded,C240M3_LFF_SpecSheet.pdf,https://www.cisco.com/c/dam/en/us/products/collateral/servers-unified-computing/ucs-c-series-rack-servers/C240M3_LFF_SpecSheet.pdf,https://www.cisco.com/c/dam/en/us/products/collateral/servers-unified-computing/ucs-c-series-rack-servers/C240M3_LFF_SpecSheet.pdf,,,8D3ER24186615S1,2Rx4,"('1Rx2', '1Rx4', '2Rx4')",,,,
Cisco,UCS-MR-1X082RY-A,Cisco UCS C240 M3  Large Form Factor Rack Server,Cisco,UCS,C240 M3,UCS-MR-1X082RY-A 8 GB DDR3-1600-MHz RDIMM/PC3-12800/2R/x4/1.35v 1.5/1.35 V12,['24'],,,,,,memory,"['E5-2697 v2', 'E5-2643 v2', 'E5-2660 v2', 'E5-2609 v2', 'E5-2630', 'E5-2643', 'E5-2600 v2', 'E5-2667 v2', 'E5-2670 v2', 'E5-2650', 'E5-2690 v2', 'E5-2630L', 'E5-2695 v2', 'E5-2680 v2', 'E5-2640 v2', 'E5-2620 v2', 'E5-2640', 'E5-2609', 'E5-2667', 'E5-2650L v2', 'E5-2660', 'E5-2630L v2', 'E5-2680', 'E5-2670', 'E5-2600', 'E5-2665', 'E5-2630 v2', 'E5-2650L', 'E5-2620', 'E5-2690', 'E5-2637 v2', 'E5-2650 v2']","['UCS-MR-1X041RX-A', 'UCS-MR-1X082RY-A', 'UCS-MR-1X082RZ-A', 'UCS-MR-1X162RZ-A', 'UCS-MR-1X041RY-A', 'UCS-MR-1X082RX-A', 'UCS-MR-1X162RY-A']",,"['UCS-HD2T7KL12G', 'UCS-HD4T7KL12G', 'UCS-HD1T7KL12G']",8GB,1600,2,4,DDR3,RDIMM,ECC,1.5V,STD,1,,,is_encoded,C240M3_LFF_SpecSheet.pdf,https://www.cisco.com/c/dam/en/us/products/collateral/servers-unified-computing/ucs-c-series-rack-servers/C240M3_LFF_SpecSheet.pdf,https://www.cisco.com/c/dam/en/us/products/collateral/servers-unified-computing/ucs-c-series-rack-servers/C240M3_LFF_SpecSheet.pdf,,,8D3ER24160015S1,2Rx4,"('1Rx2', '1Rx4', '2Rx4')",,,,
Cisco,UCS-MR-1X082RX-A,Cisco UCS C240 M3  Large Form Factor Rack Server,Cisco,UCS,C240 M3,UCS-MR-1X082RX-A 8 GB DDR3-1333-MHz RDIMM/PC3-10600/2R/x4/1.35V 1.5/1.35 V 2,['24'],,,,,,memory,"['E5-2697 v2', 'E5-2643 v2', 'E5-2660 v2', 'E5-2609 v2', 'E5-2630', 'E5-2643', 'E5-2600 v2', 'E5-2667 v2', 'E5-2670 v2', 'E5-2650', 'E5-2690 v2', 'E5-2630L', 'E5-2695 v2', 'E5-2680 v2', 'E5-2640 v2', 'E5-2620 v2', 'E5-2640', 'E5-2609', 'E5-2667', 'E5-2650L v2', 'E5-2660', 'E5-2630L v2', 'E5-2680', 'E5-2670', 'E5-2600', 'E5-2665', 'E5-2630 v2', 'E5-2650L', 'E5-2620', 'E5-2690', 'E5-2637 v2', 'E5-2650 v2']","['UCS-MR-1X041RX-A', 'UCS-MR-1X082RY-A', 'UCS-MR-1X082RZ-A', 'UCS-MR-1X162RZ-A', 'UCS-MR-1X041RY-A', 'UCS-MR-1X082RX-A', 'UCS-MR-1X162RY-A']",,"['UCS-HD2T7KL12G', 'UCS-HD4T7KL12G', 'UCS-HD1T7KL12G']",8GB,1333,2,4,DDR3,RDIMM,ECC,1.5V,STD,1,,,is_encoded,C240M3_LFF_SpecSheet.pdf,https://www.cisco.com/c/dam/en/us/products/collateral/servers-unified-computing/ucs-c-series-rack-servers/C240M3_LFF_SpecSheet.pdf,https://www.cisco.com/c/dam/en/us/products/collateral/servers-unified-computing/ucs-c-series-rack-servers/C240M3_LFF_SpecSheet.pdf,,,8D3ER24133315S1,2Rx4,"('1Rx2', '1Rx4', '2Rx4')",,,,
Cisco,UCS-MR-1X162RZ-A,Cisco UCS C240 M3  Large Form Factor Rack Server,Cisco,UCS,C240 M3,UCS-MR-1X162RZ-A 16 GB DDR3-1866-MHz RDIMM PC3-14900/2R/x4/ 1.5 V 2,['24'],,,,,,memory,"['E5-2697 v2', 'E5-2643 v2', 'E5-2660 v2', 'E5-2609 v2', 'E5-2630', 'E5-2643', 'E5-2600 v2', 'E5-2667 v2', 'E5-2670 v2', 'E5-2650', 'E5-2690 v2', 'E5-2630L', 'E5-2695 v2', 'E5-2680 v2', 'E5-2640 v2', 'E5-2620 v2', 'E5-2640', 'E5-2609', 'E5-2667', 'E5-2650L v2', 'E5-2660', 'E5-2630L v2', 'E5-2680', 'E5-2670', 'E5-2600', 'E5-2665', 'E5-2630 v2', 'E5-2650L', 'E5-2620', 'E5-2690', 'E5-2637 v2', 'E5-2650 v2']","['UCS-MR-1X041RX-A', 'UCS-MR-1X082RY-A', 'UCS-MR-1X082RZ-A', 'UCS-MR-1X162RZ-A', 'UCS-MR-1X041RY-A', 'UCS-MR-1X082RX-A', 'UCS-MR-1X162RY-A']",,"['UCS-HD2T7KL12G', 'UCS-HD4T7KL12G', 'UCS-HD1T7KL12G']",256GB,1866,2,4,DDR3,RDIMM,ECC,1.5V,STD,6,,,is_encoded,C240M3_LFF_SpecSheet.pdf,https://www.cisco.com/c/dam/en/us/products/collateral/servers-unified-computing/ucs-c-series-rack-servers/C240M3_LFF_SpecSheet.pdf,https://www.cisco.com/c/dam/en/us/products/collateral/servers-unified-computing/ucs-c-series-rack-servers/C240M3_LFF_SpecSheet.pdf,,,256D3ER24186615S6,2Rx4,"('1Rx2', '1Rx4', '2Rx4')",,,,
Cisco,UCS-MR-1X162RZ-A,Cisco UCS C240 M3  Large Form Factor Rack Server,Cisco,UCS,C240 M3,UCS-MR-1X162RZ-A 16 GB DDR3-1866-MHz RDIMM PC3-14900/2R/x4/ 1.5 V 2,['24'],,,,,,memory,"['E5-2697 v2', 'E5-2643 v2', 'E5-2660 v2', 'E5-2609 v2', 'E5-2630', 'E5-2643', 'E5-2600 v2', 'E5-2667 v2', 'E5-2670 v2', 'E5-2650', 'E5-2690 v2', 'E5-2630L', 'E5-2695 v2', 'E5-2680 v2', 'E5-2640 v2', 'E5-2620 v2', 'E5-2640', 'E5-2609', 'E5-2667', 'E5-2650L v2', 'E5-2660', 'E5-2630L v2', 'E5-2680', 'E5-2670', 'E5-2600', 'E5-2665', 'E5-2630 v2', 'E5-2650L', 'E5-2620', 'E5-2690', 'E5-2637 v2', 'E5-2650 v2']","['UCS-MR-1X041RX-A', 'UCS-MR-1X082RY-A', 'UCS-MR-1X082RZ-A', 'UCS-MR-1X162RZ-A', 'UCS-MR-1X041RY-A', 'UCS-MR-1X082RX-A', 'UCS-MR-1X162RY-A']",,"['UCS-HD2T7KL12G', 'UCS-HD4T7KL12G', 'UCS-HD1T7KL12G']",256GB,1866,2,4,DDR3,RDIMM,ECC,1.5V,STD,1,,,is_encoded,C240M3_LFF_SpecSheet.pdf,https://www.cisco.com/c/dam/en/us/products/collateral/servers-unified-computing/ucs-c-series-rack-servers/C240M3_LFF_SpecSheet.pdf,https://www.cisco.com/c/dam/en/us/products/collateral/servers-unified-computing/ucs-c-series-rack-servers/C240M3_LFF_SpecSheet.pdf,,,256D3ER24186615S1,2Rx4,"('1Rx2', '1Rx4', '2Rx4')",,,,
Cisco,UCS-MR-1X162RZ-A,Cisco UCS C240 M3  Large Form Factor Rack Server,Cisco,UCS,C240 M3,UCS-MR-1X162RZ-A 16 GB DDR3-1866-MHz RDIMM PC3-14900/2R/x4/ 1.5 V 2,['24'],,,,,,memory,"['E5-2697 v2', 'E5-2643 v2', 'E5-2660 v2', 'E5-2609 v2', 'E5-2630', 'E5-2643', 'E5-2600 v2', 'E5-2667 v2', 'E5-2670 v2', 'E5-2650', 'E5-2690 v2', 'E5-2630L', 'E5-2695 v2', 'E5-2680 v2', 'E5-2640 v2', 'E5-2620 v2', 'E5-2640', 'E5-2609', 'E5-2667', 'E5-2650L v2', 'E5-2660', 'E5-2630L v2', 'E5-2680', 'E5-2670', 'E5-2600', 'E5-2665', 'E5-2630 v2', 'E5-2650L', 'E5-2620', 'E5-2690', 'E5-2637 v2', 'E5-2650 v2']","['UCS-MR-1X041RX-A', 'UCS-MR-1X082RY-A', 'UCS-MR-1X082RZ-A', 'UCS-MR-1X162RZ-A', 'UCS-MR-1X041RY-A', 'UCS-MR-1X082RX-A', 'UCS-MR-1X162RY-A']",,"['UCS-HD2T7KL12G', 'UCS-HD4T7KL12G', 'UCS-HD1T7KL12G']",16GB,1866,2,4,DDR3,RDIMM,ECC,1.5V,STD,1,,,is_encoded,C240M3_LFF_SpecSheet.pdf,https://www.cisco.com/c/dam/en/us/products/collateral/servers-unified-computing/ucs-c-series-rack-servers/C240M3_LFF_SpecSheet.pdf,https://www.cisco.com/c/dam/en/us/products/collateral/servers-unified-computing/ucs-c-series-rack-servers/C240M3_LFF_SpecSheet.pdf,,,16D3ER24186615S1,2Rx4,"('1Rx2', '1Rx4', '2Rx4')",,,,
Cisco,UCS-MR-1X162RY-A,Cisco UCS C240 M3  Large Form Factor Rack Server,Cisco,UCS,C240 M3,UCS-MR-1X162RY-A 16 GB DDR3-1600-MHz RDIMM/PC3-12800/2R/x4/1.35v 1.5/1.35 V12,['24'],,,,,,memory,"['E5-2697 v2', 'E5-2643 v2', 'E5-2660 v2', 'E5-2609 v2', 'E5-2630', 'E5-2643', 'E5-2600 v2', 'E5-2667 v2', 'E5-2670 v2', 'E5-2650', 'E5-2690 v2', 'E5-2630L', 'E5-2695 v2', 'E5-2680 v2', 'E5-2640 v2', 'E5-2620 v2', 'E5-2640', 'E5-2609', 'E5-2667', 'E5-2650L v2', 'E5-2660', 'E5-2630L v2', 'E5-2680', 'E5-2670', 'E5-2600', 'E5-2665', 'E5-2630 v2', 'E5-2650L', 'E5-2620', 'E5-2690', 'E5-2637 v2', 'E5-2650 v2']","['UCS-MR-1X041RX-A', 'UCS-MR-1X082RY-A', 'UCS-MR-1X082RZ-A', 'UCS-MR-1X162RZ-A', 'UCS-MR-1X041RY-A', 'UCS-MR-1X082RX-A', 'UCS-MR-1X162RY-A']",,"['UCS-HD2T7KL12G', 'UCS-HD4T7KL12G', 'UCS-HD1T7KL12G']",16GB,1600,2,4,DDR3,RDIMM,ECC,1.5V,STD,1,,,is_encoded,C240M3_LFF_SpecSheet.pdf,https://www.cisco.com/c/dam/en/us/products/collateral/servers-unified-computing/ucs-c-series-rack-servers/C240M3_LFF_SpecSheet.pdf,https://www.cisco.com/c/dam/en/us/products/collateral/servers-unified-computing/ucs-c-series-rack-servers/C240M3_LFF_SpecSheet.pdf,,,16D3ER24160015S1,2Rx4,"('1Rx2', '1Rx4', '2Rx4')",,,,
Cisco,UCS-MR-1X162RZ-A,Cisco UCS C240 M3  Large Form Factor Rack Server,Cisco,UCS,C240 M3,UCS-MR-1X162RZ-A 16 GB DDR3-1866-MHz RDIMM PC3-14900/2R/x4/ 1.5 V 2,['24'],,,,,,memory,"['E5-2697 v2', 'E5-2643 v2', 'E5-2660 v2', 'E5-2609 v2', 'E5-2630', 'E5-2643', 'E5-2600 v2', 'E5-2667 v2', 'E5-2670 v2', 'E5-2650', 'E5-2690 v2', 'E5-2630L', 'E5-2695 v2', 'E5-2680 v2', 'E5-2640 v2', 'E5-2620 v2', 'E5-2640', 'E5-2609', 'E5-2667', 'E5-2650L v2', 'E5-2660', 'E5-2630L v2', 'E5-2680', 'E5-2670', 'E5-2600', 'E5-2665', 'E5-2630 v2', 'E5-2650L', 'E5-2620', 'E5-2690', 'E5-2637 v2', 'E5-2650 v2']","['UCS-MR-1X041RX-A', 'UCS-MR-1X082RY-A', 'UCS-MR-1X082RZ-A', 'UCS-MR-1X162RZ-A', 'UCS-MR-1X041RY-A', 'UCS-MR-1X082RX-A', 'UCS-MR-1X162RY-A']",,"['UCS-HD2T7KL12G', 'UCS-HD4T7KL12G', 'UCS-HD1T7KL12G']",128GB,1866,2,4,DDR3,RDIMM,ECC,1.5V,STD,1,,,is_encoded,C240M3_LFF_SpecSheet.pdf,https://www.cisco.com/c/dam/en/us/products/collateral/servers-unified-computing/ucs-c-series-rack-servers/C240M3_LFF_SpecSheet.pdf,https://www.cisco.com/c/dam/en/us/products/collateral/servers-unified-computing/ucs-c-series-rack-servers/C240M3_LFF_SpecSheet.pdf,,,128D3ER24186615S1,2Rx4,"('1Rx2', '1Rx4', '2Rx4')",,,,
Cisco,UCS-MR-1X081RV-A,Cisco UCS C240 M4 SFF Rack Server,Cisco,UCS,C240 M4 SFF,UCS-MR-1X081RV-A 8 GB DDR4-2400-MHz RDIMM/PC4-19200/single rank/x4 1.2 V 1,['24'],['1.5TB'],,,,,memory,"['E5-2643 v4', 'E5-2698 v4', 'E5-2640 v3', 'E5-2683 v4', 'E5-2699 v4', 'E5-2650 v4', 'E5-2658 v4', 'E5-2660 v4', 'E5-2658 v3', 'E5-2623 v4', 'E5-2600 v4', 'E5-2640 v4', 'E5-2600 v3', 'E5-2697 v4', 'E5-2630L v4', 'E5-2637 v4', 'E5-2620 v4', 'E5-2680 v3', 'E5-2695 v4', 'E5-2620 v3', 'E5-2609 v4', 'E52658D', 'E5-2667 v4', 'E5-2697A v4', 'E5-2609 v3', 'E5-2680 v4', 'E5-2650L v4', 'E5-2630 v4', 'E5-2690 v4', 'E5-2699A v4']","['UCS-MR-1X081RV-A', 'UCS-MR-1X081RU-A', 'UCS-MR-1X322RV-A', 'UCS-MR-1X161RV-A', 'UCS-MR-1X162RU-A', 'UCS-MR-1X162RV-A', 'UCS-MR-1X322RVA-S', 'UCS-MR-1X322RU-A', 'UCS-MR-1X648RU-A']","['UCS-SD480GSAS-EV', 'UCS-SD16TBMS4-EV', 'UCS-SD480GBKS4-EB', 'UCS-SD120GBKS4-EV', 'UCS-SD960GBMS4-EV', 'UCS-SD480GBKS4-EV', 'UCS-SD480G12S3-EP', 'UCS-SD16TBKS4-EB', 'UCS-SD19TBMS4-EV', 'UCS-SD800G12S4-EP', 'UCS-SD240GBKS4-EB', 'UCS-SD38TBIS6-EV', 'UCS-SD960GBM1K9', 'UCS-SD38TBKS4-EV', 'UCS-SD800GBEK9', 'UCS-SD480GBE1K9', 'UCS-SD400G0KS2-EP', 'UCS-SD960GBKS4-EV', 'UCS-SD240GBM1K9', 'UCS-SD16T12S2-EP', 'UCS-SD800G0KS2-EP', 'UCS-SD16TB12S3-EP', 'UCS-SD200G12S3-EP', 'UCS-SD16TBKS4-EV', 'UCS-SD800GSAS3-EP', 'UCS-SD19TSAS-EV', 'UCS-SD400GBEK9', 'UCS-SD400GBHK9', 'UCS-SD76TBMS4-EV', 'UCS-SD480GBIS6-EV', 'UCS-SD960GBE1K9', 'UCS-SD400G12S2-EP', 'UCS-SD240GBMS4-EV', 'UCS-SD800G12S3-EP', 'UCS-SDHPCIE16TB', 'UCS-SD480G0KS2-EV', 'UCS-SD960GIKS4-EV', 'UCS-SD38TSAS-EV', 'UCS-SD480GBKSS-EV', 'UCS-SD960GIS3-EP', 'UCS-SD38TBMS4-EV', 'UCS-SD16TSASS3-EP', 'UCS-SD800GBHK9', 'UCS-SD480GIS3-EP', 'UCS-SD120GBE1K9', 'UCS-SD16TBEK9', 'UCS-SD400GSAS3-EP', 'UCS-SD480GBMS4-EV', 'UCS-SD120GBKS4-EB', 'UCS-SD19TIS3-EP', 'UCS-SD200G0KS2-EP', 'UCS-SD960GSAS-EV', 'UCS-SD16TB12S4-EP', 'UCS-SD32TSASS3-EP', 'UCS-SD120G0KS2-EV', 'UCS-SD960GBIS6-EV', 'UCS-SD16TBHK9', 'UCS-SD150GBKS4-EV', 'UCS-SDHPCIE800GB', 'UCS-SD38TBM1K9', 'UCS-SD19TBKSS-EV', 'UCS-SD120GBMS4-EV', 'UCS-SD240G0KS2-EV', 'UCS-SD960G0KS2-EV', 'UCS-SD240GBKS4-EV', 'UCS-SD600GBE3K9', 'UCS-SD400G12S4-EP']","['UCS-HD18TB10KS4K1', 'UCS-HD600G15K9', 'UCS-HD1T7KS2-E', 'UCS-HD1T7K12G', 'UCS-HD12TB10K12G', 'UCS-HD2T7K12G', 'UCS-HD300G15K12G', 'UCS-HD450G15KS2-E', 'UCS-HD12G10K9', 'UCS-HD1T7K6GA', 'UCS-HD300G10K9', 'UCS-HD600G15KS2-E', 'UCS-HD450G15K12G', 'UCS-HD18G10K92', 'UCS-HD600G15K12G', 'UCS-HD600G10KS4K', 'UCS-HD12T10KS2-E', 'UCS-HD900G15K12G', 'UCS-HD18TB10KS4K', 'UCS-HDD300GI2F105', 'UCS-HDD900GI2F106', 'UCS-HD900G10K12G', 'UCS-HD600G10K12G', 'UCS-HD300G10K12G']",8GB,2400,1,4,DDR4,RDIMM,ECC,1.2V,STD,1,,,is_encoded,c240m4-sff-spec-sheet.pdf,https://www.cisco.com/c/dam/en/us/products/collateral/servers-unified-computing/ucs-c-series-rack-servers/c240m4-sff-spec-sheet.pdf,https://www.cisco.com/c/dam/en/us/products/collateral/servers-unified-computing/ucs-c-series-rack-servers/c240m4-sff-spec-sheet.pdf,,,8D4ER14240012S1,1Rx4,"('1Rx4', '2Rx4', '8Rx4')",,,,
Cisco,UCS-MR-1X081RV-A,Cisco UCS C240 M4 SFF Rack Server,Cisco,UCS,C240 M4 SFF,UCS-MR-1X081RV-A 8GB DDR4-2400-MHz RDIMM/PC4-19200/single rank/x4/1.2v,['24'],['1.5TB'],,,,,memory,"['E5-2643 v4', 'E5-2698 v4', 'E5-2640 v3', 'E5-2683 v4', 'E5-2699 v4', 'E5-2650 v4', 'E5-2658 v4', 'E5-2660 v4', 'E5-2658 v3', 'E5-2623 v4', 'E5-2600 v4', 'E5-2640 v4', 'E5-2600 v3', 'E5-2697 v4', 'E5-2630L v4', 'E5-2637 v4', 'E5-2620 v4', 'E5-2680 v3', 'E5-2695 v4', 'E5-2620 v3', 'E5-2609 v4', 'E52658D', 'E5-2667 v4', 'E5-2697A v4', 'E5-2609 v3', 'E5-2680 v4', 'E5-2650L v4', 'E5-2630 v4', 'E5-2690 v4', 'E5-2699A v4']","['UCS-MR-1X081RV-A', 'UCS-MR-1X081RU-A', 'UCS-MR-1X322RV-A', 'UCS-MR-1X161RV-A', 'UCS-MR-1X162RU-A', 'UCS-MR-1X162RV-A', 'UCS-MR-1X322RVA-S', 'UCS-MR-1X322RU-A', 'UCS-MR-1X648RU-A']","['UCS-SD480GSAS-EV', 'UCS-SD16TBMS4-EV', 'UCS-SD480GBKS4-EB', 'UCS-SD120GBKS4-EV', 'UCS-SD960GBMS4-EV', 'UCS-SD480GBKS4-EV', 'UCS-SD480G12S3-EP', 'UCS-SD16TBKS4-EB', 'UCS-SD19TBMS4-EV', 'UCS-SD800G12S4-EP', 'UCS-SD240GBKS4-EB', 'UCS-SD38TBIS6-EV', 'UCS-SD960GBM1K9', 'UCS-SD38TBKS4-EV', 'UCS-SD800GBEK9', 'UCS-SD480GBE1K9', 'UCS-SD400G0KS2-EP', 'UCS-SD960GBKS4-EV', 'UCS-SD240GBM1K9', 'UCS-SD16T12S2-EP', 'UCS-SD800G0KS2-EP', 'UCS-SD16TB12S3-EP', 'UCS-SD200G12S3-EP', 'UCS-SD16TBKS4-EV', 'UCS-SD800GSAS3-EP', 'UCS-SD19TSAS-EV', 'UCS-SD400GBEK9', 'UCS-SD400GBHK9', 'UCS-SD76TBMS4-EV', 'UCS-SD480GBIS6-EV', 'UCS-SD960GBE1K9', 'UCS-SD400G12S2-EP', 'UCS-SD240GBMS4-EV', 'UCS-SD800G12S3-EP', 'UCS-SDHPCIE16TB', 'UCS-SD480G0KS2-EV', 'UCS-SD960GIKS4-EV', 'UCS-SD38TSAS-EV', 'UCS-SD480GBKSS-EV', 'UCS-SD960GIS3-EP', 'UCS-SD38TBMS4-EV', 'UCS-SD16TSASS3-EP', 'UCS-SD800GBHK9', 'UCS-SD480GIS3-EP', 'UCS-SD120GBE1K9', 'UCS-SD16TBEK9', 'UCS-SD400GSAS3-EP', 'UCS-SD480GBMS4-EV', 'UCS-SD120GBKS4-EB', 'UCS-SD19TIS3-EP', 'UCS-SD200G0KS2-EP', 'UCS-SD960GSAS-EV', 'UCS-SD16TB12S4-EP', 'UCS-SD32TSASS3-EP', 'UCS-SD120G0KS2-EV', 'UCS-SD960GBIS6-EV', 'UCS-SD16TBHK9', 'UCS-SD150GBKS4-EV', 'UCS-SDHPCIE800GB', 'UCS-SD38TBM1K9', 'UCS-SD19TBKSS-EV', 'UCS-SD120GBMS4-EV', 'UCS-SD240G0KS2-EV', 'UCS-SD960G0KS2-EV', 'UCS-SD240GBKS4-EV', 'UCS-SD600GBE3K9', 'UCS-SD400G12S4-EP']","['UCS-HD18TB10KS4K1', 'UCS-HD600G15K9', 'UCS-HD1T7KS2-E', 'UCS-HD1T7K12G', 'UCS-HD12TB10K12G', 'UCS-HD2T7K12G', 'UCS-HD300G15K12G', 'UCS-HD450G15KS2-E', 'UCS-HD12G10K9', 'UCS-HD1T7K6GA', 'UCS-HD300G10K9', 'UCS-HD600G15KS2-E', 'UCS-HD450G15K12G', 'UCS-HD18G10K92', 'UCS-HD600G15K12G', 'UCS-HD600G10KS4K', 'UCS-HD12T10KS2-E', 'UCS-HD900G15K12G', 'UCS-HD18TB10KS4K', 'UCS-HDD300GI2F105', 'UCS-HDD900GI2F106', 'UCS-HD900G10K12G', 'UCS-HD600G10K12G', 'UCS-HD300G10K12G']",8GB,2400,1,4,DDR4,RDIMM,ECC,1.2V,STD,1,,,is_encoded,c240m4-sff-spec-sheet.pdf,https://www.cisco.com/c/dam/en/us/products/collateral/servers-unified-computing/ucs-c-series-rack-servers/c240m4-sff-spec-sheet.pdf,https://www.cisco.com/c/dam/en/us/products/collateral/servers-unified-computing/ucs-c-series-rack-servers/c240m4-sff-spec-sheet.pdf,,,8D4ER14240012S1,1Rx4,"('1Rx4', '2Rx4', '8Rx4')",,,,
Cisco,UCS-MR-1X161RV-A,Cisco UCS C240 M4 SFF Rack Server,Cisco,UCS,C240 M4 SFF,UCS-MR-1X161RV-A 16GB DDR4-2400-MHz RDIMM/PC4-19200/single rank/x4 1.2 V 1,['24'],['1.5TB'],,,,,memory,"['E5-2643 v4', 'E5-2698 v4', 'E5-2640 v3', 'E5-2683 v4', 'E5-2699 v4', 'E5-2650 v4', 'E5-2658 v4', 'E5-2660 v4', 'E5-2658 v3', 'E5-2623 v4', 'E5-2600 v4', 'E5-2640 v4', 'E5-2600 v3', 'E5-2697 v4', 'E5-2630L v4', 'E5-2637 v4', 'E5-2620 v4', 'E5-2680 v3', 'E5-2695 v4', 'E5-2620 v3', 'E5-2609 v4', 'E52658D', 'E5-2667 v4', 'E5-2697A v4', 'E5-2609 v3', 'E5-2680 v4', 'E5-2650L v4', 'E5-2630 v4', 'E5-2690 v4', 'E5-2699A v4']","['UCS-MR-1X081RV-A', 'UCS-MR-1X081RU-A', 'UCS-MR-1X322RV-A', 'UCS-MR-1X161RV-A', 'UCS-MR-1X162RU-A', 'UCS-MR-1X162RV-A', 'UCS-MR-1X322RVA-S', 'UCS-MR-1X322RU-A', 'UCS-MR-1X648RU-A']","['UCS-SD480GSAS-EV', 'UCS-SD16TBMS4-EV', 'UCS-SD480GBKS4-EB', 'UCS-SD120GBKS4-EV', 'UCS-SD960GBMS4-EV', 'UCS-SD480GBKS4-EV', 'UCS-SD480G12S3-EP', 'UCS-SD16TBKS4-EB', 'UCS-SD19TBMS4-EV', 'UCS-SD800G12S4-EP', 'UCS-SD240GBKS4-EB', 'UCS-SD38TBIS6-EV', 'UCS-SD960GBM1K9', 'UCS-SD38TBKS4-EV', 'UCS-SD800GBEK9', 'UCS-SD480GBE1K9', 'UCS-SD400G0KS2-EP', 'UCS-SD960GBKS4-EV', 'UCS-SD240GBM1K9', 'UCS-SD16T12S2-EP', 'UCS-SD800G0KS2-EP', 'UCS-SD16TB12S3-EP', 'UCS-SD200G12S3-EP', 'UCS-SD16TBKS4-EV', 'UCS-SD800GSAS3-EP', 'UCS-SD19TSAS-EV', 'UCS-SD400GBEK9', 'UCS-SD400GBHK9', 'UCS-SD76TBMS4-EV', 'UCS-SD480GBIS6-EV', 'UCS-SD960GBE1K9', 'UCS-SD400G12S2-EP', 'UCS-SD240GBMS4-EV', 'UCS-SD800G12S3-EP', 'UCS-SDHPCIE16TB', 'UCS-SD480G0KS2-EV', 'UCS-SD960GIKS4-EV', 'UCS-SD38TSAS-EV', 'UCS-SD480GBKSS-EV', 'UCS-SD960GIS3-EP', 'UCS-SD38TBMS4-EV', 'UCS-SD16TSASS3-EP', 'UCS-SD800GBHK9', 'UCS-SD480GIS3-EP', 'UCS-SD120GBE1K9', 'UCS-SD16TBEK9', 'UCS-SD400GSAS3-EP', 'UCS-SD480GBMS4-EV', 'UCS-SD120GBKS4-EB', 'UCS-SD19TIS3-EP', 'UCS-SD200G0KS2-EP', 'UCS-SD960GSAS-EV', 'UCS-SD16TB12S4-EP', 'UCS-SD32TSASS3-EP', 'UCS-SD120G0KS2-EV', 'UCS-SD960GBIS6-EV', 'UCS-SD16TBHK9', 'UCS-SD150GBKS4-EV', 'UCS-SDHPCIE800GB', 'UCS-SD38TBM1K9', 'UCS-SD19TBKSS-EV', 'UCS-SD120GBMS4-EV', 'UCS-SD240G0KS2-EV', 'UCS-SD960G0KS2-EV', 'UCS-SD240GBKS4-EV', 'UCS-SD600GBE3K9', 'UCS-SD400G12S4-EP']","['UCS-HD18TB10KS4K1', 'UCS-HD600G15K9', 'UCS-HD1T7KS2-E', 'UCS-HD1T7K12G', 'UCS-HD12TB10K12G', 'UCS-HD2T7K12G', 'UCS-HD300G15K12G', 'UCS-HD450G15KS2-E', 'UCS-HD12G10K9', 'UCS-HD1T7K6GA', 'UCS-HD300G10K9', 'UCS-HD600G15KS2-E', 'UCS-HD450G15K12G', 'UCS-HD18G10K92', 'UCS-HD600G15K12G', 'UCS-HD600G10KS4K', 'UCS-HD12T10KS2-E', 'UCS-HD900G15K12G', 'UCS-HD18TB10KS4K', 'UCS-HDD300GI2F105', 'UCS-HDD900GI2F106', 'UCS-HD900G10K12G', 'UCS-HD600G10K12G', 'UCS-HD300G10K12G']",8GB,2400,1,4,DDR4,RDIMM,ECC,1.2V,STD,1,,,is_encoded,c240m4-sff-spec-sheet.pdf,https://www.cisco.com/c/dam/en/us/products/collateral/servers-unified-computing/ucs-c-series-rack-servers/c240m4-sff-spec-sheet.pdf,https://www.cisco.com/c/dam/en/us/products/collateral/servers-unified-computing/ucs-c-series-rack-servers/c240m4-sff-spec-sheet.pdf,,,8D4ER14240012S1,1Rx4,"('1Rx4', '2Rx4', '8Rx4')",,,,
Cisco,UCS-MR-1X161RV-A,Cisco UCS C240 M4 SFF Rack Server,Cisco,UCS,C240 M4 SFF,UCS-MR-1X161RV-A 16GB DDR4-2400-MHz RDIMM/PC4-19200/single rank/x4/1.2v,['24'],['1.5TB'],,,,,memory,"['E5-2643 v4', 'E5-2698 v4', 'E5-2640 v3', 'E5-2683 v4', 'E5-2699 v4', 'E5-2650 v4', 'E5-2658 v4', 'E5-2660 v4', 'E5-2658 v3', 'E5-2623 v4', 'E5-2600 v4', 'E5-2640 v4', 'E5-2600 v3', 'E5-2697 v4', 'E5-2630L v4', 'E5-2637 v4', 'E5-2620 v4', 'E5-2680 v3', 'E5-2695 v4', 'E5-2620 v3', 'E5-2609 v4', 'E52658D', 'E5-2667 v4', 'E5-2697A v4', 'E5-2609 v3', 'E5-2680 v4', 'E5-2650L v4', 'E5-2630 v4', 'E5-2690 v4', 'E5-2699A v4']","['UCS-MR-1X081RV-A', 'UCS-MR-1X081RU-A', 'UCS-MR-1X322RV-A', 'UCS-MR-1X161RV-A', 'UCS-MR-1X162RU-A', 'UCS-MR-1X162RV-A', 'UCS-MR-1X322RVA-S', 'UCS-MR-1X322RU-A', 'UCS-MR-1X648RU-A']","['UCS-SD480GSAS-EV', 'UCS-SD16TBMS4-EV', 'UCS-SD480GBKS4-EB', 'UCS-SD120GBKS4-EV', 'UCS-SD960GBMS4-EV', 'UCS-SD480GBKS4-EV', 'UCS-SD480G12S3-EP', 'UCS-SD16TBKS4-EB', 'UCS-SD19TBMS4-EV', 'UCS-SD800G12S4-EP', 'UCS-SD240GBKS4-EB', 'UCS-SD38TBIS6-EV', 'UCS-SD960GBM1K9', 'UCS-SD38TBKS4-EV', 'UCS-SD800GBEK9', 'UCS-SD480GBE1K9', 'UCS-SD400G0KS2-EP', 'UCS-SD960GBKS4-EV', 'UCS-SD240GBM1K9', 'UCS-SD16T12S2-EP', 'UCS-SD800G0KS2-EP', 'UCS-SD16TB12S3-EP', 'UCS-SD200G12S3-EP', 'UCS-SD16TBKS4-EV', 'UCS-SD800GSAS3-EP', 'UCS-SD19TSAS-EV', 'UCS-SD400GBEK9', 'UCS-SD400GBHK9', 'UCS-SD76TBMS4-EV', 'UCS-SD480GBIS6-EV', 'UCS-SD960GBE1K9', 'UCS-SD400G12S2-EP', 'UCS-SD240GBMS4-EV', 'UCS-SD800G12S3-EP', 'UCS-SDHPCIE16TB', 'UCS-SD480G0KS2-EV', 'UCS-SD960GIKS4-EV', 'UCS-SD38TSAS-EV', 'UCS-SD480GBKSS-EV', 'UCS-SD960GIS3-EP', 'UCS-SD38TBMS4-EV', 'UCS-SD16TSASS3-EP', 'UCS-SD800GBHK9', 'UCS-SD480GIS3-EP', 'UCS-SD120GBE1K9', 'UCS-SD16TBEK9', 'UCS-SD400GSAS3-EP', 'UCS-SD480GBMS4-EV', 'UCS-SD120GBKS4-EB', 'UCS-SD19TIS3-EP', 'UCS-SD200G0KS2-EP', 'UCS-SD960GSAS-EV', 'UCS-SD16TB12S4-EP', 'UCS-SD32TSASS3-EP', 'UCS-SD120G0KS2-EV', 'UCS-SD960GBIS6-EV', 'UCS-SD16TBHK9', 'UCS-SD150GBKS4-EV', 'UCS-SDHPCIE800GB', 'UCS-SD38TBM1K9', 'UCS-SD19TBKSS-EV', 'UCS-SD120GBMS4-EV', 'UCS-SD240G0KS2-EV', 'UCS-SD960G0KS2-EV', 'UCS-SD240GBKS4-EV', 'UCS-SD600GBE3K9', 'UCS-SD400G12S4-EP']","['UCS-HD18TB10KS4K1', 'UCS-HD600G15K9', 'UCS-HD1T7KS2-E', 'UCS-HD1T7K12G', 'UCS-HD12TB10K12G', 'UCS-HD2T7K12G', 'UCS-HD300G15K12G', 'UCS-HD450G15KS2-E', 'UCS-HD12G10K9', 'UCS-HD1T7K6GA', 'UCS-HD300G10K9', 'UCS-HD600G15KS2-E', 'UCS-HD450G15K12G', 'UCS-HD18G10K92', 'UCS-HD600G15K12G', 'UCS-HD600G10KS4K', 'UCS-HD12T10KS2-E', 'UCS-HD900G15K12G', 'UCS-HD18TB10KS4K', 'UCS-HDD300GI2F105', 'UCS-HDD900GI2F106', 'UCS-HD900G10K12G', 'UCS-HD600G10K12G', 'UCS-HD300G10K12G']",8GB,2400,1,4,DDR4,RDIMM,ECC,1.2V,STD,1,,,is_encoded,c240m4-sff-spec-sheet.pdf,https://www.cisco.com/c/dam/en/us/products/collateral/servers-unified-computing/ucs-c-series-rack-servers/c240m4-sff-spec-sheet.pdf,https://www.cisco.com/c/dam/en/us/products/collateral/servers-unified-computing/ucs-c-series-rack-servers/c240m4-sff-spec-sheet.pdf,,,8D4ER14240012S1,1Rx4,"('1Rx4', '2Rx4', '8Rx4')",,,,
Cisco,UCS-MR-1X161RV-A,Cisco UCS C240 M4 SFF Rack Server,Cisco,UCS,C240 M4 SFF,UCS-MR-1X161RV-A 8GB DDR4-2400-MHz RDIMM/PC4-19200/single rank/x4/1.2v,['24'],['1.5TB'],,,,,memory,"['E5-2643 v4', 'E5-2698 v4', 'E5-2640 v3', 'E5-2683 v4', 'E5-2699 v4', 'E5-2650 v4', 'E5-2658 v4', 'E5-2660 v4', 'E5-2658 v3', 'E5-2623 v4', 'E5-2600 v4', 'E5-2640 v4', 'E5-2600 v3', 'E5-2697 v4', 'E5-2630L v4', 'E5-2637 v4', 'E5-2620 v4', 'E5-2680 v3', 'E5-2695 v4', 'E5-2620 v3', 'E5-2609 v4', 'E52658D', 'E5-2667 v4', 'E5-2697A v4', 'E5-2609 v3', 'E5-2680 v4', 'E5-2650L v4', 'E5-2630 v4', 'E5-2690 v4', 'E5-2699A v4']","['UCS-MR-1X081RV-A', 'UCS-MR-1X081RU-A', 'UCS-MR-1X322RV-A', 'UCS-MR-1X161RV-A', 'UCS-MR-1X162RU-A', 'UCS-MR-1X162RV-A', 'UCS-MR-1X322RVA-S', 'UCS-MR-1X322RU-A', 'UCS-MR-1X648RU-A']","['UCS-SD480GSAS-EV', 'UCS-SD16TBMS4-EV', 'UCS-SD480GBKS4-EB', 'UCS-SD120GBKS4-EV', 'UCS-SD960GBMS4-EV', 'UCS-SD480GBKS4-EV', 'UCS-SD480G12S3-EP', 'UCS-SD16TBKS4-EB', 'UCS-SD19TBMS4-EV', 'UCS-SD800G12S4-EP', 'UCS-SD240GBKS4-EB', 'UCS-SD38TBIS6-EV', 'UCS-SD960GBM1K9', 'UCS-SD38TBKS4-EV', 'UCS-SD800GBEK9', 'UCS-SD480GBE1K9', 'UCS-SD400G0KS2-EP', 'UCS-SD960GBKS4-EV', 'UCS-SD240GBM1K9', 'UCS-SD16T12S2-EP', 'UCS-SD800G0KS2-EP', 'UCS-SD16TB12S3-EP', 'UCS-SD200G12S3-EP', 'UCS-SD16TBKS4-EV', 'UCS-SD800GSAS3-EP', 'UCS-SD19TSAS-EV', 'UCS-SD400GBEK9', 'UCS-SD400GBHK9', 'UCS-SD76TBMS4-EV', 'UCS-SD480GBIS6-EV', 'UCS-SD960GBE1K9', 'UCS-SD400G12S2-EP', 'UCS-SD240GBMS4-EV', 'UCS-SD800G12S3-EP', 'UCS-SDHPCIE16TB', 'UCS-SD480G0KS2-EV', 'UCS-SD960GIKS4-EV', 'UCS-SD38TSAS-EV', 'UCS-SD480GBKSS-EV', 'UCS-SD960GIS3-EP', 'UCS-SD38TBMS4-EV', 'UCS-SD16TSASS3-EP', 'UCS-SD800GBHK9', 'UCS-SD480GIS3-EP', 'UCS-SD120GBE1K9', 'UCS-SD16TBEK9', 'UCS-SD400GSAS3-EP', 'UCS-SD480GBMS4-EV', 'UCS-SD120GBKS4-EB', 'UCS-SD19TIS3-EP', 'UCS-SD200G0KS2-EP', 'UCS-SD960GSAS-EV', 'UCS-SD16TB12S4-EP', 'UCS-SD32TSASS3-EP', 'UCS-SD120G0KS2-EV', 'UCS-SD960GBIS6-EV', 'UCS-SD16TBHK9', 'UCS-SD150GBKS4-EV', 'UCS-SDHPCIE800GB', 'UCS-SD38TBM1K9', 'UCS-SD19TBKSS-EV', 'UCS-SD120GBMS4-EV', 'UCS-SD240G0KS2-EV', 'UCS-SD960G0KS2-EV', 'UCS-SD240GBKS4-EV', 'UCS-SD600GBE3K9', 'UCS-SD400G12S4-EP']","['UCS-HD18TB10KS4K1', 'UCS-HD600G15K9', 'UCS-HD1T7KS2-E', 'UCS-HD1T7K12G', 'UCS-HD12TB10K12G', 'UCS-HD2T7K12G', 'UCS-HD300G15K12G', 'UCS-HD450G15KS2-E', 'UCS-HD12G10K9', 'UCS-HD1T7K6GA', 'UCS-HD300G10K9', 'UCS-HD600G15KS2-E', 'UCS-HD450G15K12G', 'UCS-HD18G10K92', 'UCS-HD600G15K12G', 'UCS-HD600G10KS4K', 'UCS-HD12T10KS2-E', 'UCS-HD900G15K12G', 'UCS-HD18TB10KS4K', 'UCS-HDD300GI2F105', 'UCS-HDD900GI2F106', 'UCS-HD900G10K12G', 'UCS-HD600G10K12G', 'UCS-HD300G10K12G']",8GB,2400,1,4,DDR4,RDIMM,ECC,1.2V,STD,1,,,is_encoded,c240m4-sff-spec-sheet.pdf,https://www.cisco.com/c/dam/en/us/products/collateral/servers-unified-computing/ucs-c-series-rack-servers/c240m4-sff-spec-sheet.pdf,https://www.cisco.com/c/dam/en/us/products/collateral/servers-unified-computing/ucs-c-series-rack-servers/c240m4-sff-spec-sheet.pdf,,,8D4ER14240012S1,1Rx4,"('1Rx4', '2Rx4', '8Rx4')",,,,
Cisco,UCS-MR-1X081RU-A,Cisco UCS C240 M4 SFF Rack Server,Cisco,UCS,C240 M4 SFF,UCS-MR-1X081RU-A 8GB DDR4-2133-MHz RDIMM/PC4-17000/single rank/x4/1.2v,['24'],['1.5TB'],,,,,memory,"['E5-2643 v4', 'E5-2698 v4', 'E5-2640 v3', 'E5-2683 v4', 'E5-2699 v4', 'E5-2650 v4', 'E5-2658 v4', 'E5-2660 v4', 'E5-2658 v3', 'E5-2623 v4', 'E5-2600 v4', 'E5-2640 v4', 'E5-2600 v3', 'E5-2697 v4', 'E5-2630L v4', 'E5-2637 v4', 'E5-2620 v4', 'E5-2680 v3', 'E5-2695 v4', 'E5-2620 v3', 'E5-2609 v4', 'E52658D', 'E5-2667 v4', 'E5-2697A v4', 'E5-2609 v3', 'E5-2680 v4', 'E5-2650L v4', 'E5-2630 v4', 'E5-2690 v4', 'E5-2699A v4']","['UCS-MR-1X081RV-A', 'UCS-MR-1X081RU-A', 'UCS-MR-1X322RV-A', 'UCS-MR-1X161RV-A', 'UCS-MR-1X162RU-A', 'UCS-MR-1X162RV-A', 'UCS-MR-1X322RVA-S', 'UCS-MR-1X322RU-A', 'UCS-MR-1X648RU-A']","['UCS-SD480GSAS-EV', 'UCS-SD16TBMS4-EV', 'UCS-SD480GBKS4-EB', 'UCS-SD120GBKS4-EV', 'UCS-SD960GBMS4-EV', 'UCS-SD480GBKS4-EV', 'UCS-SD480G12S3-EP', 'UCS-SD16TBKS4-EB', 'UCS-SD19TBMS4-EV', 'UCS-SD800G12S4-EP', 'UCS-SD240GBKS4-EB', 'UCS-SD38TBIS6-EV', 'UCS-SD960GBM1K9', 'UCS-SD38TBKS4-EV', 'UCS-SD800GBEK9', 'UCS-SD480GBE1K9', 'UCS-SD400G0KS2-EP', 'UCS-SD960GBKS4-EV', 'UCS-SD240GBM1K9', 'UCS-SD16T12S2-EP', 'UCS-SD800G0KS2-EP', 'UCS-SD16TB12S3-EP', 'UCS-SD200G12S3-EP', 'UCS-SD16TBKS4-EV', 'UCS-SD800GSAS3-EP', 'UCS-SD19TSAS-EV', 'UCS-SD400GBEK9', 'UCS-SD400GBHK9', 'UCS-SD76TBMS4-EV', 'UCS-SD480GBIS6-EV', 'UCS-SD960GBE1K9', 'UCS-SD400G12S2-EP', 'UCS-SD240GBMS4-EV', 'UCS-SD800G12S3-EP', 'UCS-SDHPCIE16TB', 'UCS-SD480G0KS2-EV', 'UCS-SD960GIKS4-EV', 'UCS-SD38TSAS-EV', 'UCS-SD480GBKSS-EV', 'UCS-SD960GIS3-EP', 'UCS-SD38TBMS4-EV', 'UCS-SD16TSASS3-EP', 'UCS-SD800GBHK9', 'UCS-SD480GIS3-EP', 'UCS-SD120GBE1K9', 'UCS-SD16TBEK9', 'UCS-SD400GSAS3-EP', 'UCS-SD480GBMS4-EV', 'UCS-SD120GBKS4-EB', 'UCS-SD19TIS3-EP', 'UCS-SD200G0KS2-EP', 'UCS-SD960GSAS-EV', 'UCS-SD16TB12S4-EP', 'UCS-SD32TSASS3-EP', 'UCS-SD120G0KS2-EV', 'UCS-SD960GBIS6-EV', 'UCS-SD16TBHK9', 'UCS-SD150GBKS4-EV', 'UCS-SDHPCIE800GB', 'UCS-SD38TBM1K9', 'UCS-SD19TBKSS-EV', 'UCS-SD120GBMS4-EV', 'UCS-SD240G0KS2-EV', 'UCS-SD960G0KS2-EV', 'UCS-SD240GBKS4-EV', 'UCS-SD600GBE3K9', 'UCS-SD400G12S4-EP']","['UCS-HD18TB10KS4K1', 'UCS-HD600G15K9', 'UCS-HD1T7KS2-E', 'UCS-HD1T7K12G', 'UCS-HD12TB10K12G', 'UCS-HD2T7K12G', 'UCS-HD300G15K12G', 'UCS-HD450G15KS2-E', 'UCS-HD12G10K9', 'UCS-HD1T7K6GA', 'UCS-HD300G10K9', 'UCS-HD600G15KS2-E', 'UCS-HD450G15K12G', 'UCS-HD18G10K92', 'UCS-HD600G15K12G', 'UCS-HD600G10KS4K', 'UCS-HD12T10KS2-E', 'UCS-HD900G15K12G', 'UCS-HD18TB10KS4K', 'UCS-HDD300GI2F105', 'UCS-HDD900GI2F106', 'UCS-HD900G10K12G', 'UCS-HD600G10K12G', 'UCS-HD300G10K12G']",8GB,2133,1,4,DDR4,RDIMM,ECC,1.2V,STD,1,,,is_encoded,c240m4-sff-spec-sheet.pdf,https://www.cisco.com/c/dam/en/us/products/collateral/servers-unified-computing/ucs-c-series-rack-servers/c240m4-sff-spec-sheet.pdf,https://www.cisco.com/c/dam/en/us/products/collateral/servers-unified-computing/ucs-c-series-rack-servers/c240m4-sff-spec-sheet.pdf,,,8D4ER14213312S1,1Rx4,"('1Rx4', '2Rx4', '8Rx4')",,,,
Cisco,UCS-MR-1X081RU-A,Cisco UCS C240 M4 SFF Rack Server,Cisco,UCS,C240 M4 SFF,UCS-MR-1X081RU-A 8GB DDR4-2133-MHz RDIMM/PC4-17000/single rank/x4/1.2v,['24'],['1.5TB'],,,,,memory,"['E5-2643 v4', 'E5-2698 v4', 'E5-2640 v3', 'E5-2683 v4', 'E5-2699 v4', 'E5-2650 v4', 'E5-2658 v4', 'E5-2660 v4', 'E5-2658 v3', 'E5-2623 v4', 'E5-2600 v4', 'E5-2640 v4', 'E5-2600 v3', 'E5-2697 v4', 'E5-2630L v4', 'E5-2637 v4', 'E5-2620 v4', 'E5-2680 v3', 'E5-2695 v4', 'E5-2620 v3', 'E5-2609 v4', 'E52658D', 'E5-2667 v4', 'E5-2697A v4', 'E5-2609 v3', 'E5-2680 v4', 'E5-2650L v4', 'E5-2630 v4', 'E5-2690 v4', 'E5-2699A v4']","['UCS-MR-1X081RV-A', 'UCS-MR-1X081RU-A', 'UCS-MR-1X322RV-A', 'UCS-MR-1X161RV-A', 'UCS-MR-1X162RU-A', 'UCS-MR-1X162RV-A', 'UCS-MR-1X322RVA-S', 'UCS-MR-1X322RU-A', 'UCS-MR-1X648RU-A']","['UCS-SD480GSAS-EV', 'UCS-SD16TBMS4-EV', 'UCS-SD480GBKS4-EB', 'UCS-SD120GBKS4-EV', 'UCS-SD960GBMS4-EV', 'UCS-SD480GBKS4-EV', 'UCS-SD480G12S3-EP', 'UCS-SD16TBKS4-EB', 'UCS-SD19TBMS4-EV', 'UCS-SD800G12S4-EP', 'UCS-SD240GBKS4-EB', 'UCS-SD38TBIS6-EV', 'UCS-SD960GBM1K9', 'UCS-SD38TBKS4-EV', 'UCS-SD800GBEK9', 'UCS-SD480GBE1K9', 'UCS-SD400G0KS2-EP', 'UCS-SD960GBKS4-EV', 'UCS-SD240GBM1K9', 'UCS-SD16T12S2-EP', 'UCS-SD800G0KS2-EP', 'UCS-SD16TB12S3-EP', 'UCS-SD200G12S3-EP', 'UCS-SD16TBKS4-EV', 'UCS-SD800GSAS3-EP', 'UCS-SD19TSAS-EV', 'UCS-SD400GBEK9', 'UCS-SD400GBHK9', 'UCS-SD76TBMS4-EV', 'UCS-SD480GBIS6-EV', 'UCS-SD960GBE1K9', 'UCS-SD400G12S2-EP', 'UCS-SD240GBMS4-EV', 'UCS-SD800G12S3-EP', 'UCS-SDHPCIE16TB', 'UCS-SD480G0KS2-EV', 'UCS-SD960GIKS4-EV', 'UCS-SD38TSAS-EV', 'UCS-SD480GBKSS-EV', 'UCS-SD960GIS3-EP', 'UCS-SD38TBMS4-EV', 'UCS-SD16TSASS3-EP', 'UCS-SD800GBHK9', 'UCS-SD480GIS3-EP', 'UCS-SD120GBE1K9', 'UCS-SD16TBEK9', 'UCS-SD400GSAS3-EP', 'UCS-SD480GBMS4-EV', 'UCS-SD120GBKS4-EB', 'UCS-SD19TIS3-EP', 'UCS-SD200G0KS2-EP', 'UCS-SD960GSAS-EV', 'UCS-SD16TB12S4-EP', 'UCS-SD32TSASS3-EP', 'UCS-SD120G0KS2-EV', 'UCS-SD960GBIS6-EV', 'UCS-SD16TBHK9', 'UCS-SD150GBKS4-EV', 'UCS-SDHPCIE800GB', 'UCS-SD38TBM1K9', 'UCS-SD19TBKSS-EV', 'UCS-SD120GBMS4-EV', 'UCS-SD240G0KS2-EV', 'UCS-SD960G0KS2-EV', 'UCS-SD240GBKS4-EV', 'UCS-SD600GBE3K9', 'UCS-SD400G12S4-EP']","['UCS-HD18TB10KS4K1', 'UCS-HD600G15K9', 'UCS-HD1T7KS2-E', 'UCS-HD1T7K12G', 'UCS-HD12TB10K12G', 'UCS-HD2T7K12G', 'UCS-HD300G15K12G', 'UCS-HD450G15KS2-E', 'UCS-HD12G10K9', 'UCS-HD1T7K6GA', 'UCS-HD300G10K9', 'UCS-HD600G15KS2-E', 'UCS-HD450G15K12G', 'UCS-HD18G10K92', 'UCS-HD600G15K12G', 'UCS-HD600G10KS4K', 'UCS-HD12T10KS2-E', 'UCS-HD900G15K12G', 'UCS-HD18TB10KS4K', 'UCS-HDD300GI2F105', 'UCS-HDD900GI2F106', 'UCS-HD900G10K12G', 'UCS-HD600G10K12G', 'UCS-HD300G10K12G']",8GB,2133,1,4,DDR4,RDIMM,ECC,1.2V,STD,1,,,is_encoded,c240m4-sff-spec-sheet.pdf,https://www.cisco.com/c/dam/en/us/products/collateral/servers-unified-computing/ucs-c-series-rack-servers/c240m4-sff-spec-sheet.pdf,https://www.cisco.com/c/dam/en/us/products/collateral/servers-unified-computing/ucs-c-series-rack-servers/c240m4-sff-spec-sheet.pdf,,,8D4ER14213312S1,1Rx4,"('1Rx4', '2Rx4', '8Rx4')",,,,
Cisco,UCS-MR-1X322RV-A,Cisco UCS C240 M4 SFF Rack Server,Cisco,UCS,C240 M4 SFF,UCS-MR-1X322RV-A 32GB DDR4-2400-MHz RDIMM/PC4-19200/dual rank/x4 1.2 V 2,['24'],['1.5TB'],,,,,memory,"['E5-2643 v4', 'E5-2698 v4', 'E5-2640 v3', 'E5-2683 v4', 'E5-2699 v4', 'E5-2650 v4', 'E5-2658 v4', 'E5-2660 v4', 'E5-2658 v3', 'E5-2623 v4', 'E5-2600 v4', 'E5-2640 v4', 'E5-2600 v3', 'E5-2697 v4', 'E5-2630L v4', 'E5-2637 v4', 'E5-2620 v4', 'E5-2680 v3', 'E5-2695 v4', 'E5-2620 v3', 'E5-2609 v4', 'E52658D', 'E5-2667 v4', 'E5-2697A v4', 'E5-2609 v3', 'E5-2680 v4', 'E5-2650L v4', 'E5-2630 v4', 'E5-2690 v4', 'E5-2699A v4']","['UCS-MR-1X081RV-A', 'UCS-MR-1X081RU-A', 'UCS-MR-1X322RV-A', 'UCS-MR-1X161RV-A', 'UCS-MR-1X162RU-A', 'UCS-MR-1X162RV-A', 'UCS-MR-1X322RVA-S', 'UCS-MR-1X322RU-A', 'UCS-MR-1X648RU-A']","['UCS-SD480GSAS-EV', 'UCS-SD16TBMS4-EV', 'UCS-SD480GBKS4-EB', 'UCS-SD120GBKS4-EV', 'UCS-SD960GBMS4-EV', 'UCS-SD480GBKS4-EV', 'UCS-SD480G12S3-EP', 'UCS-SD16TBKS4-EB', 'UCS-SD19TBMS4-EV', 'UCS-SD800G12S4-EP', 'UCS-SD240GBKS4-EB', 'UCS-SD38TBIS6-EV', 'UCS-SD960GBM1K9', 'UCS-SD38TBKS4-EV', 'UCS-SD800GBEK9', 'UCS-SD480GBE1K9', 'UCS-SD400G0KS2-EP', 'UCS-SD960GBKS4-EV', 'UCS-SD240GBM1K9', 'UCS-SD16T12S2-EP', 'UCS-SD800G0KS2-EP', 'UCS-SD16TB12S3-EP', 'UCS-SD200G12S3-EP', 'UCS-SD16TBKS4-EV', 'UCS-SD800GSAS3-EP', 'UCS-SD19TSAS-EV', 'UCS-SD400GBEK9', 'UCS-SD400GBHK9', 'UCS-SD76TBMS4-EV', 'UCS-SD480GBIS6-EV', 'UCS-SD960GBE1K9', 'UCS-SD400G12S2-EP', 'UCS-SD240GBMS4-EV', 'UCS-SD800G12S3-EP', 'UCS-SDHPCIE16TB', 'UCS-SD480G0KS2-EV', 'UCS-SD960GIKS4-EV', 'UCS-SD38TSAS-EV', 'UCS-SD480GBKSS-EV', 'UCS-SD960GIS3-EP', 'UCS-SD38TBMS4-EV', 'UCS-SD16TSASS3-EP', 'UCS-SD800GBHK9', 'UCS-SD480GIS3-EP', 'UCS-SD120GBE1K9', 'UCS-SD16TBEK9', 'UCS-SD400GSAS3-EP', 'UCS-SD480GBMS4-EV', 'UCS-SD120GBKS4-EB', 'UCS-SD19TIS3-EP', 'UCS-SD200G0KS2-EP', 'UCS-SD960GSAS-EV', 'UCS-SD16TB12S4-EP', 'UCS-SD32TSASS3-EP', 'UCS-SD120G0KS2-EV', 'UCS-SD960GBIS6-EV', 'UCS-SD16TBHK9', 'UCS-SD150GBKS4-EV', 'UCS-SDHPCIE800GB', 'UCS-SD38TBM1K9', 'UCS-SD19TBKSS-EV', 'UCS-SD120GBMS4-EV', 'UCS-SD240G0KS2-EV', 'UCS-SD960G0KS2-EV', 'UCS-SD240GBKS4-EV', 'UCS-SD600GBE3K9', 'UCS-SD400G12S4-EP']","['UCS-HD18TB10KS4K1', 'UCS-HD600G15K9', 'UCS-HD1T7KS2-E', 'UCS-HD1T7K12G', 'UCS-HD12TB10K12G', 'UCS-HD2T7K12G', 'UCS-HD300G15K12G', 'UCS-HD450G15KS2-E', 'UCS-HD12G10K9', 'UCS-HD1T7K6GA', 'UCS-HD300G10K9', 'UCS-HD600G15KS2-E', 'UCS-HD450G15K12G', 'UCS-HD18G10K92', 'UCS-HD600G15K12G', 'UCS-HD600G10KS4K', 'UCS-HD12T10KS2-E', 'UCS-HD900G15K12G', 'UCS-HD18TB10KS4K', 'UCS-HDD300GI2F105', 'UCS-HDD900GI2F106', 'UCS-HD900G10K12G', 'UCS-HD600G10K12G', 'UCS-HD300G10K12G']",16GB,2400,1,4,DDR4,RDIMM,ECC,1.2V,STD,1,,,is_encoded,c240m4-sff-spec-sheet.pdf,https://www.cisco.com/c/dam/en/us/products/collateral/servers-unified-computing/ucs-c-series-rack-servers/c240m4-sff-spec-sheet.pdf,https://www.cisco.com/c/dam/en/us/products/collateral/servers-unified-computing/ucs-c-series-rack-servers/c240m4-sff-spec-sheet.pdf,,,16D4ER14240012S1,1Rx4,"('1Rx4', '2Rx4', '8Rx4')",,,,
Cisco,UCS-MR-1X322RV-A,Cisco UCS C240 M4 SFF Rack Server,Cisco,UCS,C240 M4 SFF,UCS-MR-1X322RV-A 16GB DDR4-2400-MHz RDIMM/PC4-19200/single rank/x4/1.2v,['24'],['1.5TB'],,,,,memory,"['E5-2643 v4', 'E5-2698 v4', 'E5-2640 v3', 'E5-2683 v4', 'E5-2699 v4', 'E5-2650 v4', 'E5-2658 v4', 'E5-2660 v4', 'E5-2658 v3', 'E5-2623 v4', 'E5-2600 v4', 'E5-2640 v4', 'E5-2600 v3', 'E5-2697 v4', 'E5-2630L v4', 'E5-2637 v4', 'E5-2620 v4', 'E5-2680 v3', 'E5-2695 v4', 'E5-2620 v3', 'E5-2609 v4', 'E52658D', 'E5-2667 v4', 'E5-2697A v4', 'E5-2609 v3', 'E5-2680 v4', 'E5-2650L v4', 'E5-2630 v4', 'E5-2690 v4', 'E5-2699A v4']","['UCS-MR-1X081RV-A', 'UCS-MR-1X081RU-A', 'UCS-MR-1X322RV-A', 'UCS-MR-1X161RV-A', 'UCS-MR-1X162RU-A', 'UCS-MR-1X162RV-A', 'UCS-MR-1X322RVA-S', 'UCS-MR-1X322RU-A', 'UCS-MR-1X648RU-A']","['UCS-SD480GSAS-EV', 'UCS-SD16TBMS4-EV', 'UCS-SD480GBKS4-EB', 'UCS-SD120GBKS4-EV', 'UCS-SD960GBMS4-EV', 'UCS-SD480GBKS4-EV', 'UCS-SD480G12S3-EP', 'UCS-SD16TBKS4-EB', 'UCS-SD19TBMS4-EV', 'UCS-SD800G12S4-EP', 'UCS-SD240GBKS4-EB', 'UCS-SD38TBIS6-EV', 'UCS-SD960GBM1K9', 'UCS-SD38TBKS4-EV', 'UCS-SD800GBEK9', 'UCS-SD480GBE1K9', 'UCS-SD400G0KS2-EP', 'UCS-SD960GBKS4-EV', 'UCS-SD240GBM1K9', 'UCS-SD16T12S2-EP', 'UCS-SD800G0KS2-EP', 'UCS-SD16TB12S3-EP', 'UCS-SD200G12S3-EP', 'UCS-SD16TBKS4-EV', 'UCS-SD800GSAS3-EP', 'UCS-SD19TSAS-EV', 'UCS-SD400GBEK9', 'UCS-SD400GBHK9', 'UCS-SD76TBMS4-EV', 'UCS-SD480GBIS6-EV', 'UCS-SD960GBE1K9', 'UCS-SD400G12S2-EP', 'UCS-SD240GBMS4-EV', 'UCS-SD800G12S3-EP', 'UCS-SDHPCIE16TB', 'UCS-SD480G0KS2-EV', 'UCS-SD960GIKS4-EV', 'UCS-SD38TSAS-EV', 'UCS-SD480GBKSS-EV', 'UCS-SD960GIS3-EP', 'UCS-SD38TBMS4-EV', 'UCS-SD16TSASS3-EP', 'UCS-SD800GBHK9', 'UCS-SD480GIS3-EP', 'UCS-SD120GBE1K9', 'UCS-SD16TBEK9', 'UCS-SD400GSAS3-EP', 'UCS-SD480GBMS4-EV', 'UCS-SD120GBKS4-EB', 'UCS-SD19TIS3-EP', 'UCS-SD200G0KS2-EP', 'UCS-SD960GSAS-EV', 'UCS-SD16TB12S4-EP', 'UCS-SD32TSASS3-EP', 'UCS-SD120G0KS2-EV', 'UCS-SD960GBIS6-EV', 'UCS-SD16TBHK9', 'UCS-SD150GBKS4-EV', 'UCS-SDHPCIE800GB', 'UCS-SD38TBM1K9', 'UCS-SD19TBKSS-EV', 'UCS-SD120GBMS4-EV', 'UCS-SD240G0KS2-EV', 'UCS-SD960G0KS2-EV', 'UCS-SD240GBKS4-EV', 'UCS-SD600GBE3K9', 'UCS-SD400G12S4-EP']","['UCS-HD18TB10KS4K1', 'UCS-HD600G15K9', 'UCS-HD1T7KS2-E', 'UCS-HD1T7K12G', 'UCS-HD12TB10K12G', 'UCS-HD2T7K12G', 'UCS-HD300G15K12G', 'UCS-HD450G15KS2-E', 'UCS-HD12G10K9', 'UCS-HD1T7K6GA', 'UCS-HD300G10K9', 'UCS-HD600G15KS2-E', 'UCS-HD450G15K12G', 'UCS-HD18G10K92', 'UCS-HD600G15K12G', 'UCS-HD600G10KS4K', 'UCS-HD12T10KS2-E', 'UCS-HD900G15K12G', 'UCS-HD18TB10KS4K', 'UCS-HDD300GI2F105', 'UCS-HDD900GI2F106', 'UCS-HD900G10K12G', 'UCS-HD600G10K12G', 'UCS-HD300G10K12G']",16GB,2400,1,4,DDR4,RDIMM,ECC,1.2V,STD,1,,,is_encoded,c240m4-sff-spec-sheet.pdf,https://www.cisco.com/c/dam/en/us/products/collateral/servers-unified-computing/ucs-c-series-rack-servers/c240m4-sff-spec-sheet.pdf,https://www.cisco.com/c/dam/en/us/products/collateral/servers-unified-computing/ucs-c-series-rack-servers/c240m4-sff-spec-sheet.pdf,,,16D4ER14240012S1,1Rx4,"('1Rx4', '2Rx4', '8Rx4')",,,,
Cisco,UCS-MR-1X161RV-A,Cisco UCS C240 M4 SFF Rack Server,Cisco,UCS,C240 M4 SFF,UCS-MR-1X161RV-A 8GB DDR4-2400-MHz RDIMM/PC4-19200/single rank/x4/1.2v,['24'],['1.5TB'],,,,,memory,"['E5-2643 v4', 'E5-2698 v4', 'E5-2640 v3', 'E5-2683 v4', 'E5-2699 v4', 'E5-2650 v4', 'E5-2658 v4', 'E5-2660 v4', 'E5-2658 v3', 'E5-2623 v4', 'E5-2600 v4', 'E5-2640 v4', 'E5-2600 v3', 'E5-2697 v4', 'E5-2630L v4', 'E5-2637 v4', 'E5-2620 v4', 'E5-2680 v3', 'E5-2695 v4', 'E5-2620 v3', 'E5-2609 v4', 'E52658D', 'E5-2667 v4', 'E5-2697A v4', 'E5-2609 v3', 'E5-2680 v4', 'E5-2650L v4', 'E5-2630 v4', 'E5-2690 v4', 'E5-2699A v4']","['UCS-MR-1X081RV-A', 'UCS-MR-1X081RU-A', 'UCS-MR-1X322RV-A', 'UCS-MR-1X161RV-A', 'UCS-MR-1X162RU-A', 'UCS-MR-1X162RV-A', 'UCS-MR-1X322RVA-S', 'UCS-MR-1X322RU-A', 'UCS-MR-1X648RU-A']","['UCS-SD480GSAS-EV', 'UCS-SD16TBMS4-EV', 'UCS-SD480GBKS4-EB', 'UCS-SD120GBKS4-EV', 'UCS-SD960GBMS4-EV', 'UCS-SD480GBKS4-EV', 'UCS-SD480G12S3-EP', 'UCS-SD16TBKS4-EB', 'UCS-SD19TBMS4-EV', 'UCS-SD800G12S4-EP', 'UCS-SD240GBKS4-EB', 'UCS-SD38TBIS6-EV', 'UCS-SD960GBM1K9', 'UCS-SD38TBKS4-EV', 'UCS-SD800GBEK9', 'UCS-SD480GBE1K9', 'UCS-SD400G0KS2-EP', 'UCS-SD960GBKS4-EV', 'UCS-SD240GBM1K9', 'UCS-SD16T12S2-EP', 'UCS-SD800G0KS2-EP', 'UCS-SD16TB12S3-EP', 'UCS-SD200G12S3-EP', 'UCS-SD16TBKS4-EV', 'UCS-SD800GSAS3-EP', 'UCS-SD19TSAS-EV', 'UCS-SD400GBEK9', 'UCS-SD400GBHK9', 'UCS-SD76TBMS4-EV', 'UCS-SD480GBIS6-EV', 'UCS-SD960GBE1K9', 'UCS-SD400G12S2-EP', 'UCS-SD240GBMS4-EV', 'UCS-SD800G12S3-EP', 'UCS-SDHPCIE16TB', 'UCS-SD480G0KS2-EV', 'UCS-SD960GIKS4-EV', 'UCS-SD38TSAS-EV', 'UCS-SD480GBKSS-EV', 'UCS-SD960GIS3-EP', 'UCS-SD38TBMS4-EV', 'UCS-SD16TSASS3-EP', 'UCS-SD800GBHK9', 'UCS-SD480GIS3-EP', 'UCS-SD120GBE1K9', 'UCS-SD16TBEK9', 'UCS-SD400GSAS3-EP', 'UCS-SD480GBMS4-EV', 'UCS-SD120GBKS4-EB', 'UCS-SD19TIS3-EP', 'UCS-SD200G0KS2-EP', 'UCS-SD960GSAS-EV', 'UCS-SD16TB12S4-EP', 'UCS-SD32TSASS3-EP', 'UCS-SD120G0KS2-EV', 'UCS-SD960GBIS6-EV', 'UCS-SD16TBHK9', 'UCS-SD150GBKS4-EV', 'UCS-SDHPCIE800GB', 'UCS-SD38TBM1K9', 'UCS-SD19TBKSS-EV', 'UCS-SD120GBMS4-EV', 'UCS-SD240G0KS2-EV', 'UCS-SD960G0KS2-EV', 'UCS-SD240GBKS4-EV', 'UCS-SD600GBE3K9', 'UCS-SD400G12S4-EP']","['UCS-HD18TB10KS4K1', 'UCS-HD600G15K9', 'UCS-HD1T7KS2-E', 'UCS-HD1T7K12G', 'UCS-HD12TB10K12G', 'UCS-HD2T7K12G', 'UCS-HD300G15K12G', 'UCS-HD450G15KS2-E', 'UCS-HD12G10K9', 'UCS-HD1T7K6GA', 'UCS-HD300G10K9', 'UCS-HD600G15KS2-E', 'UCS-HD450G15K12G', 'UCS-HD18G10K92', 'UCS-HD600G15K12G', 'UCS-HD600G10KS4K', 'UCS-HD12T10KS2-E', 'UCS-HD900G15K12G', 'UCS-HD18TB10KS4K', 'UCS-HDD300GI2F105', 'UCS-HDD900GI2F106', 'UCS-HD900G10K12G', 'UCS-HD600G10K12G', 'UCS-HD300G10K12G']",16GB,2400,1,4,DDR4,RDIMM,ECC,1.2V,STD,1,,,is_encoded,c240m4-sff-spec-sheet.pdf,https://www.cisco.com/c/dam/en/us/products/collateral/servers-unified-computing/ucs-c-series-rack-servers/c240m4-sff-spec-sheet.pdf,https://www.cisco.com/c/dam/en/us/products/collateral/servers-unified-computing/ucs-c-series-rack-servers/c240m4-sff-spec-sheet.pdf,,,16D4ER14240012S1,1Rx4,"('1Rx4', '2Rx4', '8Rx4')",,,,
Cisco,UCS-MR-1X161RV-A,Cisco UCS C240 M4 SFF Rack Server,Cisco,UCS,C240 M4 SFF,UCS-MR-1X161RV-A 16GB DDR4-2400-MHz RDIMM/PC4-19200/single rank/x4 1.2 V 1,['24'],['1.5TB'],,,,,memory,"['E5-2643 v4', 'E5-2698 v4', 'E5-2640 v3', 'E5-2683 v4', 'E5-2699 v4', 'E5-2650 v4', 'E5-2658 v4', 'E5-2660 v4', 'E5-2658 v3', 'E5-2623 v4', 'E5-2600 v4', 'E5-2640 v4', 'E5-2600 v3', 'E5-2697 v4', 'E5-2630L v4', 'E5-2637 v4', 'E5-2620 v4', 'E5-2680 v3', 'E5-2695 v4', 'E5-2620 v3', 'E5-2609 v4', 'E52658D', 'E5-2667 v4', 'E5-2697A v4', 'E5-2609 v3', 'E5-2680 v4', 'E5-2650L v4', 'E5-2630 v4', 'E5-2690 v4', 'E5-2699A v4']","['UCS-MR-1X081RV-A', 'UCS-MR-1X081RU-A', 'UCS-MR-1X322RV-A', 'UCS-MR-1X161RV-A', 'UCS-MR-1X162RU-A', 'UCS-MR-1X162RV-A', 'UCS-MR-1X322RVA-S', 'UCS-MR-1X322RU-A', 'UCS-MR-1X648RU-A']","['UCS-SD480GSAS-EV', 'UCS-SD16TBMS4-EV', 'UCS-SD480GBKS4-EB', 'UCS-SD120GBKS4-EV', 'UCS-SD960GBMS4-EV', 'UCS-SD480GBKS4-EV', 'UCS-SD480G12S3-EP', 'UCS-SD16TBKS4-EB', 'UCS-SD19TBMS4-EV', 'UCS-SD800G12S4-EP', 'UCS-SD240GBKS4-EB', 'UCS-SD38TBIS6-EV', 'UCS-SD960GBM1K9', 'UCS-SD38TBKS4-EV', 'UCS-SD800GBEK9', 'UCS-SD480GBE1K9', 'UCS-SD400G0KS2-EP', 'UCS-SD960GBKS4-EV', 'UCS-SD240GBM1K9', 'UCS-SD16T12S2-EP', 'UCS-SD800G0KS2-EP', 'UCS-SD16TB12S3-EP', 'UCS-SD200G12S3-EP', 'UCS-SD16TBKS4-EV', 'UCS-SD800GSAS3-EP', 'UCS-SD19TSAS-EV', 'UCS-SD400GBEK9', 'UCS-SD400GBHK9', 'UCS-SD76TBMS4-EV', 'UCS-SD480GBIS6-EV', 'UCS-SD960GBE1K9', 'UCS-SD400G12S2-EP', 'UCS-SD240GBMS4-EV', 'UCS-SD800G12S3-EP', 'UCS-SDHPCIE16TB', 'UCS-SD480G0KS2-EV', 'UCS-SD960GIKS4-EV', 'UCS-SD38TSAS-EV', 'UCS-SD480GBKSS-EV', 'UCS-SD960GIS3-EP', 'UCS-SD38TBMS4-EV', 'UCS-SD16TSASS3-EP', 'UCS-SD800GBHK9', 'UCS-SD480GIS3-EP', 'UCS-SD120GBE1K9', 'UCS-SD16TBEK9', 'UCS-SD400GSAS3-EP', 'UCS-SD480GBMS4-EV', 'UCS-SD120GBKS4-EB', 'UCS-SD19TIS3-EP', 'UCS-SD200G0KS2-EP', 'UCS-SD960GSAS-EV', 'UCS-SD16TB12S4-EP', 'UCS-SD32TSASS3-EP', 'UCS-SD120G0KS2-EV', 'UCS-SD960GBIS6-EV', 'UCS-SD16TBHK9', 'UCS-SD150GBKS4-EV', 'UCS-SDHPCIE800GB', 'UCS-SD38TBM1K9', 'UCS-SD19TBKSS-EV', 'UCS-SD120GBMS4-EV', 'UCS-SD240G0KS2-EV', 'UCS-SD960G0KS2-EV', 'UCS-SD240GBKS4-EV', 'UCS-SD600GBE3K9', 'UCS-SD400G12S4-EP']","['UCS-HD18TB10KS4K1', 'UCS-HD600G15K9', 'UCS-HD1T7KS2-E', 'UCS-HD1T7K12G', 'UCS-HD12TB10K12G', 'UCS-HD2T7K12G', 'UCS-HD300G15K12G', 'UCS-HD450G15KS2-E', 'UCS-HD12G10K9', 'UCS-HD1T7K6GA', 'UCS-HD300G10K9', 'UCS-HD600G15KS2-E', 'UCS-HD450G15K12G', 'UCS-HD18G10K92', 'UCS-HD600G15K12G', 'UCS-HD600G10KS4K', 'UCS-HD12T10KS2-E', 'UCS-HD900G15K12G', 'UCS-HD18TB10KS4K', 'UCS-HDD300GI2F105', 'UCS-HDD900GI2F106', 'UCS-HD900G10K12G', 'UCS-HD600G10K12G', 'UCS-HD300G10K12G']",16GB,2400,1,4,DDR4,RDIMM,ECC,1.2V,STD,1,,,is_encoded,c240m4-sff-spec-sheet.pdf,https://www.cisco.com/c/dam/en/us/products/collateral/servers-unified-computing/ucs-c-series-rack-servers/c240m4-sff-spec-sheet.pdf,https://www.cisco.com/c/dam/en/us/products/collateral/servers-unified-computing/ucs-c-series-rack-servers/c240m4-sff-spec-sheet.pdf,,,16D4ER14240012S1,1Rx4,"('1Rx4', '2Rx4', '8Rx4')",,,,
Cisco,UCS-MR-1X161RV-A,Cisco UCS C240 M4 SFF Rack Server,Cisco,UCS,C240 M4 SFF,UCS-MR-1X161RV-A 16GB DDR4-2400-MHz RDIMM/PC4-19200/single rank/x4/1.2v,['24'],['1.5TB'],,,,,memory,"['E5-2643 v4', 'E5-2698 v4', 'E5-2640 v3', 'E5-2683 v4', 'E5-2699 v4', 'E5-2650 v4', 'E5-2658 v4', 'E5-2660 v4', 'E5-2658 v3', 'E5-2623 v4', 'E5-2600 v4', 'E5-2640 v4', 'E5-2600 v3', 'E5-2697 v4', 'E5-2630L v4', 'E5-2637 v4', 'E5-2620 v4', 'E5-2680 v3', 'E5-2695 v4', 'E5-2620 v3', 'E5-2609 v4', 'E52658D', 'E5-2667 v4', 'E5-2697A v4', 'E5-2609 v3', 'E5-2680 v4', 'E5-2650L v4', 'E5-2630 v4', 'E5-2690 v4', 'E5-2699A v4']","['UCS-MR-1X081RV-A', 'UCS-MR-1X081RU-A', 'UCS-MR-1X322RV-A', 'UCS-MR-1X161RV-A', 'UCS-MR-1X162RU-A', 'UCS-MR-1X162RV-A', 'UCS-MR-1X322RVA-S', 'UCS-MR-1X322RU-A', 'UCS-MR-1X648RU-A']","['UCS-SD480GSAS-EV', 'UCS-SD16TBMS4-EV', 'UCS-SD480GBKS4-EB', 'UCS-SD120GBKS4-EV', 'UCS-SD960GBMS4-EV', 'UCS-SD480GBKS4-EV', 'UCS-SD480G12S3-EP', 'UCS-SD16TBKS4-EB', 'UCS-SD19TBMS4-EV', 'UCS-SD800G12S4-EP', 'UCS-SD240GBKS4-EB', 'UCS-SD38TBIS6-EV', 'UCS-SD960GBM1K9', 'UCS-SD38TBKS4-EV', 'UCS-SD800GBEK9', 'UCS-SD480GBE1K9', 'UCS-SD400G0KS2-EP', 'UCS-SD960GBKS4-EV', 'UCS-SD240GBM1K9', 'UCS-SD16T12S2-EP', 'UCS-SD800G0KS2-EP', 'UCS-SD16TB12S3-EP', 'UCS-SD200G12S3-EP', 'UCS-SD16TBKS4-EV', 'UCS-SD800GSAS3-EP', 'UCS-SD19TSAS-EV', 'UCS-SD400GBEK9', 'UCS-SD400GBHK9', 'UCS-SD76TBMS4-EV', 'UCS-SD480GBIS6-EV', 'UCS-SD960GBE1K9', 'UCS-SD400G12S2-EP', 'UCS-SD240GBMS4-EV', 'UCS-SD800G12S3-EP', 'UCS-SDHPCIE16TB', 'UCS-SD480G0KS2-EV', 'UCS-SD960GIKS4-EV', 'UCS-SD38TSAS-EV', 'UCS-SD480GBKSS-EV', 'UCS-SD960GIS3-EP', 'UCS-SD38TBMS4-EV', 'UCS-SD16TSASS3-EP', 'UCS-SD800GBHK9', 'UCS-SD480GIS3-EP', 'UCS-SD120GBE1K9', 'UCS-SD16TBEK9', 'UCS-SD400GSAS3-EP', 'UCS-SD480GBMS4-EV', 'UCS-SD120GBKS4-EB', 'UCS-SD19TIS3-EP', 'UCS-SD200G0KS2-EP', 'UCS-SD960GSAS-EV', 'UCS-SD16TB12S4-EP', 'UCS-SD32TSASS3-EP', 'UCS-SD120G0KS2-EV', 'UCS-SD960GBIS6-EV', 'UCS-SD16TBHK9', 'UCS-SD150GBKS4-EV', 'UCS-SDHPCIE800GB', 'UCS-SD38TBM1K9', 'UCS-SD19TBKSS-EV', 'UCS-SD120GBMS4-EV', 'UCS-SD240G0KS2-EV', 'UCS-SD960G0KS2-EV', 'UCS-SD240GBKS4-EV', 'UCS-SD600GBE3K9', 'UCS-SD400G12S4-EP']","['UCS-HD18TB10KS4K1', 'UCS-HD600G15K9', 'UCS-HD1T7KS2-E', 'UCS-HD1T7K12G', 'UCS-HD12TB10K12G', 'UCS-HD2T7K12G', 'UCS-HD300G15K12G', 'UCS-HD450G15KS2-E', 'UCS-HD12G10K9', 'UCS-HD1T7K6GA', 'UCS-HD300G10K9', 'UCS-HD600G15KS2-E', 'UCS-HD450G15K12G', 'UCS-HD18G10K92', 'UCS-HD600G15K12G', 'UCS-HD600G10KS4K', 'UCS-HD12T10KS2-E', 'UCS-HD900G15K12G', 'UCS-HD18TB10KS4K', 'UCS-HDD300GI2F105', 'UCS-HDD900GI2F106', 'UCS-HD900G10K12G', 'UCS-HD600G10K12G', 'UCS-HD300G10K12G']",16GB,2400,1,4,DDR4,RDIMM,ECC,1.2V,STD,1,,,is_encoded,c240m4-sff-spec-sheet.pdf,https://www.cisco.com/c/dam/en/us/products/collateral/servers-unified-computing/ucs-c-series-rack-servers/c240m4-sff-spec-sheet.pdf,https://www.cisco.com/c/dam/en/us/products/collateral/servers-unified-computing/ucs-c-series-rack-servers/c240m4-sff-spec-sheet.pdf,,,16D4ER14240012S1,1Rx4,"('1Rx4', '2Rx4', '8Rx4')",,,,
Cisco,UCS-MR-1X322RVA-S,Cisco UCS C240 M4 SFF Rack Server,Cisco,UCS,C240 M4 SFF,UCS-MR-1X322RVA-S 32GB DDR4-2400-MHz RDIMM/PC4-19200/dual rank/x4/1.2v Samsung,['24'],['1.5TB'],,,,,memory,"['E5-2643 v4', 'E5-2698 v4', 'E5-2640 v3', 'E5-2683 v4', 'E5-2699 v4', 'E5-2650 v4', 'E5-2658 v4', 'E5-2660 v4', 'E5-2658 v3', 'E5-2623 v4', 'E5-2600 v4', 'E5-2640 v4', 'E5-2600 v3', 'E5-2697 v4', 'E5-2630L v4', 'E5-2637 v4', 'E5-2620 v4', 'E5-2680 v3', 'E5-2695 v4', 'E5-2620 v3', 'E5-2609 v4', 'E52658D', 'E5-2667 v4', 'E5-2697A v4', 'E5-2609 v3', 'E5-2680 v4', 'E5-2650L v4', 'E5-2630 v4', 'E5-2690 v4', 'E5-2699A v4']","['UCS-MR-1X081RV-A', 'UCS-MR-1X081RU-A', 'UCS-MR-1X322RV-A', 'UCS-MR-1X161RV-A', 'UCS-MR-1X162RU-A', 'UCS-MR-1X162RV-A', 'UCS-MR-1X322RVA-S', 'UCS-MR-1X322RU-A', 'UCS-MR-1X648RU-A']","['UCS-SD480GSAS-EV', 'UCS-SD16TBMS4-EV', 'UCS-SD480GBKS4-EB', 'UCS-SD120GBKS4-EV', 'UCS-SD960GBMS4-EV', 'UCS-SD480GBKS4-EV', 'UCS-SD480G12S3-EP', 'UCS-SD16TBKS4-EB', 'UCS-SD19TBMS4-EV', 'UCS-SD800G12S4-EP', 'UCS-SD240GBKS4-EB', 'UCS-SD38TBIS6-EV', 'UCS-SD960GBM1K9', 'UCS-SD38TBKS4-EV', 'UCS-SD800GBEK9', 'UCS-SD480GBE1K9', 'UCS-SD400G0KS2-EP', 'UCS-SD960GBKS4-EV', 'UCS-SD240GBM1K9', 'UCS-SD16T12S2-EP', 'UCS-SD800G0KS2-EP', 'UCS-SD16TB12S3-EP', 'UCS-SD200G12S3-EP', 'UCS-SD16TBKS4-EV', 'UCS-SD800GSAS3-EP', 'UCS-SD19TSAS-EV', 'UCS-SD400GBEK9', 'UCS-SD400GBHK9', 'UCS-SD76TBMS4-EV', 'UCS-SD480GBIS6-EV', 'UCS-SD960GBE1K9', 'UCS-SD400G12S2-EP', 'UCS-SD240GBMS4-EV', 'UCS-SD800G12S3-EP', 'UCS-SDHPCIE16TB', 'UCS-SD480G0KS2-EV', 'UCS-SD960GIKS4-EV', 'UCS-SD38TSAS-EV', 'UCS-SD480GBKSS-EV', 'UCS-SD960GIS3-EP', 'UCS-SD38TBMS4-EV', 'UCS-SD16TSASS3-EP', 'UCS-SD800GBHK9', 'UCS-SD480GIS3-EP', 'UCS-SD120GBE1K9', 'UCS-SD16TBEK9', 'UCS-SD400GSAS3-EP', 'UCS-SD480GBMS4-EV', 'UCS-SD120GBKS4-EB', 'UCS-SD19TIS3-EP', 'UCS-SD200G0KS2-EP', 'UCS-SD960GSAS-EV', 'UCS-SD16TB12S4-EP', 'UCS-SD32TSASS3-EP', 'UCS-SD120G0KS2-EV', 'UCS-SD960GBIS6-EV', 'UCS-SD16TBHK9', 'UCS-SD150GBKS4-EV', 'UCS-SDHPCIE800GB', 'UCS-SD38TBM1K9', 'UCS-SD19TBKSS-EV', 'UCS-SD120GBMS4-EV', 'UCS-SD240G0KS2-EV', 'UCS-SD960G0KS2-EV', 'UCS-SD240GBKS4-EV', 'UCS-SD600GBE3K9', 'UCS-SD400G12S4-EP']","['UCS-HD18TB10KS4K1', 'UCS-HD600G15K9', 'UCS-HD1T7KS2-E', 'UCS-HD1T7K12G', 'UCS-HD12TB10K12G', 'UCS-HD2T7K12G', 'UCS-HD300G15K12G', 'UCS-HD450G15KS2-E', 'UCS-HD12G10K9', 'UCS-HD1T7K6GA', 'UCS-HD300G10K9', 'UCS-HD600G15KS2-E', 'UCS-HD450G15K12G', 'UCS-HD18G10K92', 'UCS-HD600G15K12G', 'UCS-HD600G10KS4K', 'UCS-HD12T10KS2-E', 'UCS-HD900G15K12G', 'UCS-HD18TB10KS4K', 'UCS-HDD300GI2F105', 'UCS-HDD900GI2F106', 'UCS-HD900G10K12G', 'UCS-HD600G10K12G', 'UCS-HD300G10K12G']",32GB,2400,2,4,DDR4,RDIMM,ECC,1.2V,STD,1,,,is_encoded,c240m4-sff-spec-sheet.pdf,https://www.cisco.com/c/dam/en/us/products/collateral/servers-unified-computing/ucs-c-series-rack-servers/c240m4-sff-spec-sheet.pdf,https://www.cisco.com/c/dam/en/us/products/collateral/servers-unified-computing/ucs-c-series-rack-servers/c240m4-sff-spec-sheet.pdf,,,32D4ER24240012S1,2Rx4,"('1Rx4', '2Rx4', '8Rx4')",,,,
Cisco,UCS-MR-1X322RV-A,Cisco UCS C240 M4 SFF Rack Server,Cisco,UCS,C240 M4 SFF,UCS-MR-1X322RV-A 32GB DDR4-2400-MHz RDIMM/PC4-19200/dual rank/x4 1.2 V 2,['24'],['1.5TB'],,,,,memory,"['E5-2643 v4', 'E5-2698 v4', 'E5-2640 v3', 'E5-2683 v4', 'E5-2699 v4', 'E5-2650 v4', 'E5-2658 v4', 'E5-2660 v4', 'E5-2658 v3', 'E5-2623 v4', 'E5-2600 v4', 'E5-2640 v4', 'E5-2600 v3', 'E5-2697 v4', 'E5-2630L v4', 'E5-2637 v4', 'E5-2620 v4', 'E5-2680 v3', 'E5-2695 v4', 'E5-2620 v3', 'E5-2609 v4', 'E52658D', 'E5-2667 v4', 'E5-2697A v4', 'E5-2609 v3', 'E5-2680 v4', 'E5-2650L v4', 'E5-2630 v4', 'E5-2690 v4', 'E5-2699A v4']","['UCS-MR-1X081RV-A', 'UCS-MR-1X081RU-A', 'UCS-MR-1X322RV-A', 'UCS-MR-1X161RV-A', 'UCS-MR-1X162RU-A', 'UCS-MR-1X162RV-A', 'UCS-MR-1X322RVA-S', 'UCS-MR-1X322RU-A', 'UCS-MR-1X648RU-A']","['UCS-SD480GSAS-EV', 'UCS-SD16TBMS4-EV', 'UCS-SD480GBKS4-EB', 'UCS-SD120GBKS4-EV', 'UCS-SD960GBMS4-EV', 'UCS-SD480GBKS4-EV', 'UCS-SD480G12S3-EP', 'UCS-SD16TBKS4-EB', 'UCS-SD19TBMS4-EV', 'UCS-SD800G12S4-EP', 'UCS-SD240GBKS4-EB', 'UCS-SD38TBIS6-EV', 'UCS-SD960GBM1K9', 'UCS-SD38TBKS4-EV', 'UCS-SD800GBEK9', 'UCS-SD480GBE1K9', 'UCS-SD400G0KS2-EP', 'UCS-SD960GBKS4-EV', 'UCS-SD240GBM1K9', 'UCS-SD16T12S2-EP', 'UCS-SD800G0KS2-EP', 'UCS-SD16TB12S3-EP', 'UCS-SD200G12S3-EP', 'UCS-SD16TBKS4-EV', 'UCS-SD800GSAS3-EP', 'UCS-SD19TSAS-EV', 'UCS-SD400GBEK9', 'UCS-SD400GBHK9', 'UCS-SD76TBMS4-EV', 'UCS-SD480GBIS6-EV', 'UCS-SD960GBE1K9', 'UCS-SD400G12S2-EP', 'UCS-SD240GBMS4-EV', 'UCS-SD800G12S3-EP', 'UCS-SDHPCIE16TB', 'UCS-SD480G0KS2-EV', 'UCS-SD960GIKS4-EV', 'UCS-SD38TSAS-EV', 'UCS-SD480GBKSS-EV', 'UCS-SD960GIS3-EP', 'UCS-SD38TBMS4-EV', 'UCS-SD16TSASS3-EP', 'UCS-SD800GBHK9', 'UCS-SD480GIS3-EP', 'UCS-SD120GBE1K9', 'UCS-SD16TBEK9', 'UCS-SD400GSAS3-EP', 'UCS-SD480GBMS4-EV', 'UCS-SD120GBKS4-EB', 'UCS-SD19TIS3-EP', 'UCS-SD200G0KS2-EP', 'UCS-SD960GSAS-EV', 'UCS-SD16TB12S4-EP', 'UCS-SD32TSASS3-EP', 'UCS-SD120G0KS2-EV', 'UCS-SD960GBIS6-EV', 'UCS-SD16TBHK9', 'UCS-SD150GBKS4-EV', 'UCS-SDHPCIE800GB', 'UCS-SD38TBM1K9', 'UCS-SD19TBKSS-EV', 'UCS-SD120GBMS4-EV', 'UCS-SD240G0KS2-EV', 'UCS-SD960G0KS2-EV', 'UCS-SD240GBKS4-EV', 'UCS-SD600GBE3K9', 'UCS-SD400G12S4-EP']","['UCS-HD18TB10KS4K1', 'UCS-HD600G15K9', 'UCS-HD1T7KS2-E', 'UCS-HD1T7K12G', 'UCS-HD12TB10K12G', 'UCS-HD2T7K12G', 'UCS-HD300G15K12G', 'UCS-HD450G15KS2-E', 'UCS-HD12G10K9', 'UCS-HD1T7K6GA', 'UCS-HD300G10K9', 'UCS-HD600G15KS2-E', 'UCS-HD450G15K12G', 'UCS-HD18G10K92', 'UCS-HD600G15K12G', 'UCS-HD600G10KS4K', 'UCS-HD12T10KS2-E', 'UCS-HD900G15K12G', 'UCS-HD18TB10KS4K', 'UCS-HDD300GI2F105', 'UCS-HDD900GI2F106', 'UCS-HD900G10K12G', 'UCS-HD600G10K12G', 'UCS-HD300G10K12G']",32GB,2400,2,4,DDR4,RDIMM,ECC,1.2V,STD,1,,,is_encoded,c240m4-sff-spec-sheet.pdf,https://www.cisco.com/c/dam/en/us/products/collateral/servers-unified-computing/ucs-c-series-rack-servers/c240m4-sff-spec-sheet.pdf,https://www.cisco.com/c/dam/en/us/products/collateral/servers-unified-computing/ucs-c-series-rack-servers/c240m4-sff-spec-sheet.pdf,,,32D4ER24240012S1,2Rx4,"('1Rx4', '2Rx4', '8Rx4')",,,,
Cisco,UCS-MR-1X322RV-A,Cisco UCS C240 M4 SFF Rack Server,Cisco,UCS,C240 M4 SFF,UCS-MR-1X322RV-A 16GB DDR4-2400-MHz RDIMM/PC4-19200/single rank/x4/1.2v,['24'],['1.5TB'],,,,,memory,"['E5-2643 v4', 'E5-2698 v4', 'E5-2640 v3', 'E5-2683 v4', 'E5-2699 v4', 'E5-2650 v4', 'E5-2658 v4', 'E5-2660 v4', 'E5-2658 v3', 'E5-2623 v4', 'E5-2600 v4', 'E5-2640 v4', 'E5-2600 v3', 'E5-2697 v4', 'E5-2630L v4', 'E5-2637 v4', 'E5-2620 v4', 'E5-2680 v3', 'E5-2695 v4', 'E5-2620 v3', 'E5-2609 v4', 'E52658D', 'E5-2667 v4', 'E5-2697A v4', 'E5-2609 v3', 'E5-2680 v4', 'E5-2650L v4', 'E5-2630 v4', 'E5-2690 v4', 'E5-2699A v4']","['UCS-MR-1X081RV-A', 'UCS-MR-1X081RU-A', 'UCS-MR-1X322RV-A', 'UCS-MR-1X161RV-A', 'UCS-MR-1X162RU-A', 'UCS-MR-1X162RV-A', 'UCS-MR-1X322RVA-S', 'UCS-MR-1X322RU-A', 'UCS-MR-1X648RU-A']","['UCS-SD480GSAS-EV', 'UCS-SD16TBMS4-EV', 'UCS-SD480GBKS4-EB', 'UCS-SD120GBKS4-EV', 'UCS-SD960GBMS4-EV', 'UCS-SD480GBKS4-EV', 'UCS-SD480G12S3-EP', 'UCS-SD16TBKS4-EB', 'UCS-SD19TBMS4-EV', 'UCS-SD800G12S4-EP', 'UCS-SD240GBKS4-EB', 'UCS-SD38TBIS6-EV', 'UCS-SD960GBM1K9', 'UCS-SD38TBKS4-EV', 'UCS-SD800GBEK9', 'UCS-SD480GBE1K9', 'UCS-SD400G0KS2-EP', 'UCS-SD960GBKS4-EV', 'UCS-SD240GBM1K9', 'UCS-SD16T12S2-EP', 'UCS-SD800G0KS2-EP', 'UCS-SD16TB12S3-EP', 'UCS-SD200G12S3-EP', 'UCS-SD16TBKS4-EV', 'UCS-SD800GSAS3-EP', 'UCS-SD19TSAS-EV', 'UCS-SD400GBEK9', 'UCS-SD400GBHK9', 'UCS-SD76TBMS4-EV', 'UCS-SD480GBIS6-EV', 'UCS-SD960GBE1K9', 'UCS-SD400G12S2-EP', 'UCS-SD240GBMS4-EV', 'UCS-SD800G12S3-EP', 'UCS-SDHPCIE16TB', 'UCS-SD480G0KS2-EV', 'UCS-SD960GIKS4-EV', 'UCS-SD38TSAS-EV', 'UCS-SD480GBKSS-EV', 'UCS-SD960GIS3-EP', 'UCS-SD38TBMS4-EV', 'UCS-SD16TSASS3-EP', 'UCS-SD800GBHK9', 'UCS-SD480GIS3-EP', 'UCS-SD120GBE1K9', 'UCS-SD16TBEK9', 'UCS-SD400GSAS3-EP', 'UCS-SD480GBMS4-EV', 'UCS-SD120GBKS4-EB', 'UCS-SD19TIS3-EP', 'UCS-SD200G0KS2-EP', 'UCS-SD960GSAS-EV', 'UCS-SD16TB12S4-EP', 'UCS-SD32TSASS3-EP', 'UCS-SD120G0KS2-EV', 'UCS-SD960GBIS6-EV', 'UCS-SD16TBHK9', 'UCS-SD150GBKS4-EV', 'UCS-SDHPCIE800GB', 'UCS-SD38TBM1K9', 'UCS-SD19TBKSS-EV', 'UCS-SD120GBMS4-EV', 'UCS-SD240G0KS2-EV', 'UCS-SD960G0KS2-EV', 'UCS-SD240GBKS4-EV', 'UCS-SD600GBE3K9', 'UCS-SD400G12S4-EP']","['UCS-HD18TB10KS4K1', 'UCS-HD600G15K9', 'UCS-HD1T7KS2-E', 'UCS-HD1T7K12G', 'UCS-HD12TB10K12G', 'UCS-HD2T7K12G', 'UCS-HD300G15K12G', 'UCS-HD450G15KS2-E', 'UCS-HD12G10K9', 'UCS-HD1T7K6GA', 'UCS-HD300G10K9', 'UCS-HD600G15KS2-E', 'UCS-HD450G15K12G', 'UCS-HD18G10K92', 'UCS-HD600G15K12G', 'UCS-HD600G10KS4K', 'UCS-HD12T10KS2-E', 'UCS-HD900G15K12G', 'UCS-HD18TB10KS4K', 'UCS-HDD300GI2F105', 'UCS-HDD900GI2F106', 'UCS-HD900G10K12G', 'UCS-HD600G10K12G', 'UCS-HD300G10K12G']",32GB,2400,2,4,DDR4,RDIMM,ECC,1.2V,STD,1,,,is_encoded,c240m4-sff-spec-sheet.pdf,https://www.cisco.com/c/dam/en/us/products/collateral/servers-unified-computing/ucs-c-series-rack-servers/c240m4-sff-spec-sheet.pdf,https://www.cisco.com/c/dam/en/us/products/collateral/servers-unified-computing/ucs-c-series-rack-servers/c240m4-sff-spec-sheet.pdf,,,32D4ER24240012S1,2Rx4,"('1Rx4', '2Rx4', '8Rx4')",,,,
Cisco,UCS-MR-1X322RU-A,Cisco UCS C240 M4 SFF Rack Server,Cisco,UCS,C240 M4 SFF,UCS-MR-1X322RU-A 32GB DDR4-2133-MHz RDIMM/PC4-17000/dual rank/x4/1.2v,['24'],['1.5TB'],,,,,memory,"['E5-2643 v4', 'E5-2698 v4', 'E5-2640 v3', 'E5-2683 v4', 'E5-2699 v4', 'E5-2650 v4', 'E5-2658 v4', 'E5-2660 v4', 'E5-2658 v3', 'E5-2623 v4', 'E5-2600 v4', 'E5-2640 v4', 'E5-2600 v3', 'E5-2697 v4', 'E5-2630L v4', 'E5-2637 v4', 'E5-2620 v4', 'E5-2680 v3', 'E5-2695 v4', 'E5-2620 v3', 'E5-2609 v4', 'E52658D', 'E5-2667 v4', 'E5-2697A v4', 'E5-2609 v3', 'E5-2680 v4', 'E5-2650L v4', 'E5-2630 v4', 'E5-2690 v4', 'E5-2699A v4']","['UCS-MR-1X081RV-A', 'UCS-MR-1X081RU-A', 'UCS-MR-1X322RV-A', 'UCS-MR-1X161RV-A', 'UCS-MR-1X162RU-A', 'UCS-MR-1X162RV-A', 'UCS-MR-1X322RVA-S', 'UCS-MR-1X322RU-A', 'UCS-MR-1X648RU-A']","['UCS-SD480GSAS-EV', 'UCS-SD16TBMS4-EV', 'UCS-SD480GBKS4-EB', 'UCS-SD120GBKS4-EV', 'UCS-SD960GBMS4-EV', 'UCS-SD480GBKS4-EV', 'UCS-SD480G12S3-EP', 'UCS-SD16TBKS4-EB', 'UCS-SD19TBMS4-EV', 'UCS-SD800G12S4-EP', 'UCS-SD240GBKS4-EB', 'UCS-SD38TBIS6-EV', 'UCS-SD960GBM1K9', 'UCS-SD38TBKS4-EV', 'UCS-SD800GBEK9', 'UCS-SD480GBE1K9', 'UCS-SD400G0KS2-EP', 'UCS-SD960GBKS4-EV', 'UCS-SD240GBM1K9', 'UCS-SD16T12S2-EP', 'UCS-SD800G0KS2-EP', 'UCS-SD16TB12S3-EP', 'UCS-SD200G12S3-EP', 'UCS-SD16TBKS4-EV', 'UCS-SD800GSAS3-EP', 'UCS-SD19TSAS-EV', 'UCS-SD400GBEK9', 'UCS-SD400GBHK9', 'UCS-SD76TBMS4-EV', 'UCS-SD480GBIS6-EV', 'UCS-SD960GBE1K9', 'UCS-SD400G12S2-EP', 'UCS-SD240GBMS4-EV', 'UCS-SD800G12S3-EP', 'UCS-SDHPCIE16TB', 'UCS-SD480G0KS2-EV', 'UCS-SD960GIKS4-EV', 'UCS-SD38TSAS-EV', 'UCS-SD480GBKSS-EV', 'UCS-SD960GIS3-EP', 'UCS-SD38TBMS4-EV', 'UCS-SD16TSASS3-EP', 'UCS-SD800GBHK9', 'UCS-SD480GIS3-EP', 'UCS-SD120GBE1K9', 'UCS-SD16TBEK9', 'UCS-SD400GSAS3-EP', 'UCS-SD480GBMS4-EV', 'UCS-SD120GBKS4-EB', 'UCS-SD19TIS3-EP', 'UCS-SD200G0KS2-EP', 'UCS-SD960GSAS-EV', 'UCS-SD16TB12S4-EP', 'UCS-SD32TSASS3-EP', 'UCS-SD120G0KS2-EV', 'UCS-SD960GBIS6-EV', 'UCS-SD16TBHK9', 'UCS-SD150GBKS4-EV', 'UCS-SDHPCIE800GB', 'UCS-SD38TBM1K9', 'UCS-SD19TBKSS-EV', 'UCS-SD120GBMS4-EV', 'UCS-SD240G0KS2-EV', 'UCS-SD960G0KS2-EV', 'UCS-SD240GBKS4-EV', 'UCS-SD600GBE3K9', 'UCS-SD400G12S4-EP']","['UCS-HD18TB10KS4K1', 'UCS-HD600G15K9', 'UCS-HD1T7KS2-E', 'UCS-HD1T7K12G', 'UCS-HD12TB10K12G', 'UCS-HD2T7K12G', 'UCS-HD300G15K12G', 'UCS-HD450G15KS2-E', 'UCS-HD12G10K9', 'UCS-HD1T7K6GA', 'UCS-HD300G10K9', 'UCS-HD600G15KS2-E', 'UCS-HD450G15K12G', 'UCS-HD18G10K92', 'UCS-HD600G15K12G', 'UCS-HD600G10KS4K', 'UCS-HD12T10KS2-E', 'UCS-HD900G15K12G', 'UCS-HD18TB10KS4K', 'UCS-HDD300GI2F105', 'UCS-HDD900GI2F106', 'UCS-HD900G10K12G', 'UCS-HD600G10K12G', 'UCS-HD300G10K12G']",32GB,2133,2,4,DDR4,RDIMM,ECC,1.2V,STD,1,,,is_encoded,c240m4-sff-spec-sheet.pdf,https://www.cisco.com/c/dam/en/us/products/collateral/servers-unified-computing/ucs-c-series-rack-servers/c240m4-sff-spec-sheet.pdf,https://www.cisco.com/c/dam/en/us/products/collateral/servers-unified-computing/ucs-c-series-rack-servers/c240m4-sff-spec-sheet.pdf,,,32D4ER24213312S1,2Rx4,"('1Rx4', '2Rx4', '8Rx4')",,,,
Cisco,UCS-MR-1X162RV-A,Cisco UCS C240 M4 SFF Rack Server,Cisco,UCS,C240 M4 SFF,UCS-MR-1X162RV-A 16GB DDR4-2400-MHz RDIMM/PC4-19200/dual rank/x4 1.2 V 2,['24'],['1.5TB'],,,,,memory,"['E5-2643 v4', 'E5-2698 v4', 'E5-2640 v3', 'E5-2683 v4', 'E5-2699 v4', 'E5-2650 v4', 'E5-2658 v4', 'E5-2660 v4', 'E5-2658 v3', 'E5-2623 v4', 'E5-2600 v4', 'E5-2640 v4', 'E5-2600 v3', 'E5-2697 v4', 'E5-2630L v4', 'E5-2637 v4', 'E5-2620 v4', 'E5-2680 v3', 'E5-2695 v4', 'E5-2620 v3', 'E5-2609 v4', 'E52658D', 'E5-2667 v4', 'E5-2697A v4', 'E5-2609 v3', 'E5-2680 v4', 'E5-2650L v4', 'E5-2630 v4', 'E5-2690 v4', 'E5-2699A v4']","['UCS-MR-1X081RV-A', 'UCS-MR-1X081RU-A', 'UCS-MR-1X322RV-A', 'UCS-MR-1X161RV-A', 'UCS-MR-1X162RU-A', 'UCS-MR-1X162RV-A', 'UCS-MR-1X322RVA-S', 'UCS-MR-1X322RU-A', 'UCS-MR-1X648RU-A']","['UCS-SD480GSAS-EV', 'UCS-SD16TBMS4-EV', 'UCS-SD480GBKS4-EB', 'UCS-SD120GBKS4-EV', 'UCS-SD960GBMS4-EV', 'UCS-SD480GBKS4-EV', 'UCS-SD480G12S3-EP', 'UCS-SD16TBKS4-EB', 'UCS-SD19TBMS4-EV', 'UCS-SD800G12S4-EP', 'UCS-SD240GBKS4-EB', 'UCS-SD38TBIS6-EV', 'UCS-SD960GBM1K9', 'UCS-SD38TBKS4-EV', 'UCS-SD800GBEK9', 'UCS-SD480GBE1K9', 'UCS-SD400G0KS2-EP', 'UCS-SD960GBKS4-EV', 'UCS-SD240GBM1K9', 'UCS-SD16T12S2-EP', 'UCS-SD800G0KS2-EP', 'UCS-SD16TB12S3-EP', 'UCS-SD200G12S3-EP', 'UCS-SD16TBKS4-EV', 'UCS-SD800GSAS3-EP', 'UCS-SD19TSAS-EV', 'UCS-SD400GBEK9', 'UCS-SD400GBHK9', 'UCS-SD76TBMS4-EV', 'UCS-SD480GBIS6-EV', 'UCS-SD960GBE1K9', 'UCS-SD400G12S2-EP', 'UCS-SD240GBMS4-EV', 'UCS-SD800G12S3-EP', 'UCS-SDHPCIE16TB', 'UCS-SD480G0KS2-EV', 'UCS-SD960GIKS4-EV', 'UCS-SD38TSAS-EV', 'UCS-SD480GBKSS-EV', 'UCS-SD960GIS3-EP', 'UCS-SD38TBMS4-EV', 'UCS-SD16TSASS3-EP', 'UCS-SD800GBHK9', 'UCS-SD480GIS3-EP', 'UCS-SD120GBE1K9', 'UCS-SD16TBEK9', 'UCS-SD400GSAS3-EP', 'UCS-SD480GBMS4-EV', 'UCS-SD120GBKS4-EB', 'UCS-SD19TIS3-EP', 'UCS-SD200G0KS2-EP', 'UCS-SD960GSAS-EV', 'UCS-SD16TB12S4-EP', 'UCS-SD32TSASS3-EP', 'UCS-SD120G0KS2-EV', 'UCS-SD960GBIS6-EV', 'UCS-SD16TBHK9', 'UCS-SD150GBKS4-EV', 'UCS-SDHPCIE800GB', 'UCS-SD38TBM1K9', 'UCS-SD19TBKSS-EV', 'UCS-SD120GBMS4-EV', 'UCS-SD240G0KS2-EV', 'UCS-SD960G0KS2-EV', 'UCS-SD240GBKS4-EV', 'UCS-SD600GBE3K9', 'UCS-SD400G12S4-EP']","['UCS-HD18TB10KS4K1', 'UCS-HD600G15K9', 'UCS-HD1T7KS2-E', 'UCS-HD1T7K12G', 'UCS-HD12TB10K12G', 'UCS-HD2T7K12G', 'UCS-HD300G15K12G', 'UCS-HD450G15KS2-E', 'UCS-HD12G10K9', 'UCS-HD1T7K6GA', 'UCS-HD300G10K9', 'UCS-HD600G15KS2-E', 'UCS-HD450G15K12G', 'UCS-HD18G10K92', 'UCS-HD600G15K12G', 'UCS-HD600G10KS4K', 'UCS-HD12T10KS2-E', 'UCS-HD900G15K12G', 'UCS-HD18TB10KS4K', 'UCS-HDD300GI2F105', 'UCS-HDD900GI2F106', 'UCS-HD900G10K12G', 'UCS-HD600G10K12G', 'UCS-HD300G10K12G']",16GB,2400,2,4,DDR4,RDIMM,ECC,1.2V,STD,1,,,is_encoded,c240m4-sff-spec-sheet.pdf,https://www.cisco.com/c/dam/en/us/products/collateral/servers-unified-computing/ucs-c-series-rack-servers/c240m4-sff-spec-sheet.pdf,https://www.cisco.com/c/dam/en/us/products/collateral/servers-unified-computing/ucs-c-series-rack-servers/c240m4-sff-spec-sheet.pdf,,,16D4ER24240012S1,2Rx4,"('1Rx4', '2Rx4', '8Rx4')",,,,
Cisco,UCS-MR-1X162RV-A,Cisco UCS C240 M4 SFF Rack Server,Cisco,UCS,C240 M4 SFF,UCS-MR-1X162RV-A 16GB DDR4-2400-MHz RDIMM/PC4-19200/dual rank/x4/1.2v,['24'],['1.5TB'],,,,,memory,"['E5-2643 v4', 'E5-2698 v4', 'E5-2640 v3', 'E5-2683 v4', 'E5-2699 v4', 'E5-2650 v4', 'E5-2658 v4', 'E5-2660 v4', 'E5-2658 v3', 'E5-2623 v4', 'E5-2600 v4', 'E5-2640 v4', 'E5-2600 v3', 'E5-2697 v4', 'E5-2630L v4', 'E5-2637 v4', 'E5-2620 v4', 'E5-2680 v3', 'E5-2695 v4', 'E5-2620 v3', 'E5-2609 v4', 'E52658D', 'E5-2667 v4', 'E5-2697A v4', 'E5-2609 v3', 'E5-2680 v4', 'E5-2650L v4', 'E5-2630 v4', 'E5-2690 v4', 'E5-2699A v4']","['UCS-MR-1X081RV-A', 'UCS-MR-1X081RU-A', 'UCS-MR-1X322RV-A', 'UCS-MR-1X161RV-A', 'UCS-MR-1X162RU-A', 'UCS-MR-1X162RV-A', 'UCS-MR-1X322RVA-S', 'UCS-MR-1X322RU-A', 'UCS-MR-1X648RU-A']","['UCS-SD480GSAS-EV', 'UCS-SD16TBMS4-EV', 'UCS-SD480GBKS4-EB', 'UCS-SD120GBKS4-EV', 'UCS-SD960GBMS4-EV', 'UCS-SD480GBKS4-EV', 'UCS-SD480G12S3-EP', 'UCS-SD16TBKS4-EB', 'UCS-SD19TBMS4-EV', 'UCS-SD800G12S4-EP', 'UCS-SD240GBKS4-EB', 'UCS-SD38TBIS6-EV', 'UCS-SD960GBM1K9', 'UCS-SD38TBKS4-EV', 'UCS-SD800GBEK9', 'UCS-SD480GBE1K9', 'UCS-SD400G0KS2-EP', 'UCS-SD960GBKS4-EV', 'UCS-SD240GBM1K9', 'UCS-SD16T12S2-EP', 'UCS-SD800G0KS2-EP', 'UCS-SD16TB12S3-EP', 'UCS-SD200G12S3-EP', 'UCS-SD16TBKS4-EV', 'UCS-SD800GSAS3-EP', 'UCS-SD19TSAS-EV', 'UCS-SD400GBEK9', 'UCS-SD400GBHK9', 'UCS-SD76TBMS4-EV', 'UCS-SD480GBIS6-EV', 'UCS-SD960GBE1K9', 'UCS-SD400G12S2-EP', 'UCS-SD240GBMS4-EV', 'UCS-SD800G12S3-EP', 'UCS-SDHPCIE16TB', 'UCS-SD480G0KS2-EV', 'UCS-SD960GIKS4-EV', 'UCS-SD38TSAS-EV', 'UCS-SD480GBKSS-EV', 'UCS-SD960GIS3-EP', 'UCS-SD38TBMS4-EV', 'UCS-SD16TSASS3-EP', 'UCS-SD800GBHK9', 'UCS-SD480GIS3-EP', 'UCS-SD120GBE1K9', 'UCS-SD16TBEK9', 'UCS-SD400GSAS3-EP', 'UCS-SD480GBMS4-EV', 'UCS-SD120GBKS4-EB', 'UCS-SD19TIS3-EP', 'UCS-SD200G0KS2-EP', 'UCS-SD960GSAS-EV', 'UCS-SD16TB12S4-EP', 'UCS-SD32TSASS3-EP', 'UCS-SD120G0KS2-EV', 'UCS-SD960GBIS6-EV', 'UCS-SD16TBHK9', 'UCS-SD150GBKS4-EV', 'UCS-SDHPCIE800GB', 'UCS-SD38TBM1K9', 'UCS-SD19TBKSS-EV', 'UCS-SD120GBMS4-EV', 'UCS-SD240G0KS2-EV', 'UCS-SD960G0KS2-EV', 'UCS-SD240GBKS4-EV', 'UCS-SD600GBE3K9', 'UCS-SD400G12S4-EP']","['UCS-HD18TB10KS4K1', 'UCS-HD600G15K9', 'UCS-HD1T7KS2-E', 'UCS-HD1T7K12G', 'UCS-HD12TB10K12G', 'UCS-HD2T7K12G', 'UCS-HD300G15K12G', 'UCS-HD450G15KS2-E', 'UCS-HD12G10K9', 'UCS-HD1T7K6GA', 'UCS-HD300G10K9', 'UCS-HD600G15KS2-E', 'UCS-HD450G15K12G', 'UCS-HD18G10K92', 'UCS-HD600G15K12G', 'UCS-HD600G10KS4K', 'UCS-HD12T10KS2-E', 'UCS-HD900G15K12G', 'UCS-HD18TB10KS4K', 'UCS-HDD300GI2F105', 'UCS-HDD900GI2F106', 'UCS-HD900G10K12G', 'UCS-HD600G10K12G', 'UCS-HD300G10K12G']",16GB,2400,2,4,DDR4,RDIMM,ECC,1.2V,STD,1,,,is_encoded,c240m4-sff-spec-sheet.pdf,https://www.cisco.com/c/dam/en/us/products/collateral/servers-unified-computing/ucs-c-series-rack-servers/c240m4-sff-spec-sheet.pdf,https://www.cisco.com/c/dam/en/us/products/collateral/servers-unified-computing/ucs-c-series-rack-servers/c240m4-sff-spec-sheet.pdf,,,16D4ER24240012S1,2Rx4,"('1Rx4', '2Rx4', '8Rx4')",,,,
Cisco,UCS-MR-1X162RU-A,Cisco UCS C240 M4 SFF Rack Server,Cisco,UCS,C240 M4 SFF,UCS-MR-1X162RU-A 16GB DDR4-2133-MHz RDIMM/PC4-17000/dual rank/x4/1.2v,['24'],['1.5TB'],,,,,memory,"['E5-2643 v4', 'E5-2698 v4', 'E5-2640 v3', 'E5-2683 v4', 'E5-2699 v4', 'E5-2650 v4', 'E5-2658 v4', 'E5-2660 v4', 'E5-2658 v3', 'E5-2623 v4', 'E5-2600 v4', 'E5-2640 v4', 'E5-2600 v3', 'E5-2697 v4', 'E5-2630L v4', 'E5-2637 v4', 'E5-2620 v4', 'E5-2680 v3', 'E5-2695 v4', 'E5-2620 v3', 'E5-2609 v4', 'E52658D', 'E5-2667 v4', 'E5-2697A v4', 'E5-2609 v3', 'E5-2680 v4', 'E5-2650L v4', 'E5-2630 v4', 'E5-2690 v4', 'E5-2699A v4']","['UCS-MR-1X081RV-A', 'UCS-MR-1X081RU-A', 'UCS-MR-1X322RV-A', 'UCS-MR-1X161RV-A', 'UCS-MR-1X162RU-A', 'UCS-MR-1X162RV-A', 'UCS-MR-1X322RVA-S', 'UCS-MR-1X322RU-A', 'UCS-MR-1X648RU-A']","['UCS-SD480GSAS-EV', 'UCS-SD16TBMS4-EV', 'UCS-SD480GBKS4-EB', 'UCS-SD120GBKS4-EV', 'UCS-SD960GBMS4-EV', 'UCS-SD480GBKS4-EV', 'UCS-SD480G12S3-EP', 'UCS-SD16TBKS4-EB', 'UCS-SD19TBMS4-EV', 'UCS-SD800G12S4-EP', 'UCS-SD240GBKS4-EB', 'UCS-SD38TBIS6-EV', 'UCS-SD960GBM1K9', 'UCS-SD38TBKS4-EV', 'UCS-SD800GBEK9', 'UCS-SD480GBE1K9', 'UCS-SD400G0KS2-EP', 'UCS-SD960GBKS4-EV', 'UCS-SD240GBM1K9', 'UCS-SD16T12S2-EP', 'UCS-SD800G0KS2-EP', 'UCS-SD16TB12S3-EP', 'UCS-SD200G12S3-EP', 'UCS-SD16TBKS4-EV', 'UCS-SD800GSAS3-EP', 'UCS-SD19TSAS-EV', 'UCS-SD400GBEK9', 'UCS-SD400GBHK9', 'UCS-SD76TBMS4-EV', 'UCS-SD480GBIS6-EV', 'UCS-SD960GBE1K9', 'UCS-SD400G12S2-EP', 'UCS-SD240GBMS4-EV', 'UCS-SD800G12S3-EP', 'UCS-SDHPCIE16TB', 'UCS-SD480G0KS2-EV', 'UCS-SD960GIKS4-EV', 'UCS-SD38TSAS-EV', 'UCS-SD480GBKSS-EV', 'UCS-SD960GIS3-EP', 'UCS-SD38TBMS4-EV', 'UCS-SD16TSASS3-EP', 'UCS-SD800GBHK9', 'UCS-SD480GIS3-EP', 'UCS-SD120GBE1K9', 'UCS-SD16TBEK9', 'UCS-SD400GSAS3-EP', 'UCS-SD480GBMS4-EV', 'UCS-SD120GBKS4-EB', 'UCS-SD19TIS3-EP', 'UCS-SD200G0KS2-EP', 'UCS-SD960GSAS-EV', 'UCS-SD16TB12S4-EP', 'UCS-SD32TSASS3-EP', 'UCS-SD120G0KS2-EV', 'UCS-SD960GBIS6-EV', 'UCS-SD16TBHK9', 'UCS-SD150GBKS4-EV', 'UCS-SDHPCIE800GB', 'UCS-SD38TBM1K9', 'UCS-SD19TBKSS-EV', 'UCS-SD120GBMS4-EV', 'UCS-SD240G0KS2-EV', 'UCS-SD960G0KS2-EV', 'UCS-SD240GBKS4-EV', 'UCS-SD600GBE3K9', 'UCS-SD400G12S4-EP']","['UCS-HD18TB10KS4K1', 'UCS-HD600G15K9', 'UCS-HD1T7KS2-E', 'UCS-HD1T7K12G', 'UCS-HD12TB10K12G', 'UCS-HD2T7K12G', 'UCS-HD300G15K12G', 'UCS-HD450G15KS2-E', 'UCS-HD12G10K9', 'UCS-HD1T7K6GA', 'UCS-HD300G10K9', 'UCS-HD600G15KS2-E', 'UCS-HD450G15K12G', 'UCS-HD18G10K92', 'UCS-HD600G15K12G', 'UCS-HD600G10KS4K', 'UCS-HD12T10KS2-E', 'UCS-HD900G15K12G', 'UCS-HD18TB10KS4K', 'UCS-HDD300GI2F105', 'UCS-HDD900GI2F106', 'UCS-HD900G10K12G', 'UCS-HD600G10K12G', 'UCS-HD300G10K12G']",16GB,2133,2,4,DDR4,RDIMM,ECC,1.2V,STD,1,,,is_encoded,c240m4-sff-spec-sheet.pdf,https://www.cisco.com/c/dam/en/us/products/collateral/servers-unified-computing/ucs-c-series-rack-servers/c240m4-sff-spec-sheet.pdf,https://www.cisco.com/c/dam/en/us/products/collateral/servers-unified-computing/ucs-c-series-rack-servers/c240m4-sff-spec-sheet.pdf,,,16D4ER24213312S1,2Rx4,"('1Rx4', '2Rx4', '8Rx4')",,,,
Cisco,UCS-MR-1X162RU-A,Cisco UCS C240 M4 SFF Rack Server,Cisco,UCS,C240 M4 SFF,UCS-MR-1X162RU-A 16GB DDR4-2133-MHz RDIMM/PC4-17000/dual rank/x4/1.2v,['24'],['1.5TB'],,,,,memory,"['E5-2643 v4', 'E5-2698 v4', 'E5-2640 v3', 'E5-2683 v4', 'E5-2699 v4', 'E5-2650 v4', 'E5-2658 v4', 'E5-2660 v4', 'E5-2658 v3', 'E5-2623 v4', 'E5-2600 v4', 'E5-2640 v4', 'E5-2600 v3', 'E5-2697 v4', 'E5-2630L v4', 'E5-2637 v4', 'E5-2620 v4', 'E5-2680 v3', 'E5-2695 v4', 'E5-2620 v3', 'E5-2609 v4', 'E52658D', 'E5-2667 v4', 'E5-2697A v4', 'E5-2609 v3', 'E5-2680 v4', 'E5-2650L v4', 'E5-2630 v4', 'E5-2690 v4', 'E5-2699A v4']","['UCS-MR-1X081RV-A', 'UCS-MR-1X081RU-A', 'UCS-MR-1X322RV-A', 'UCS-MR-1X161RV-A', 'UCS-MR-1X162RU-A', 'UCS-MR-1X162RV-A', 'UCS-MR-1X322RVA-S', 'UCS-MR-1X322RU-A', 'UCS-MR-1X648RU-A']","['UCS-SD480GSAS-EV', 'UCS-SD16TBMS4-EV', 'UCS-SD480GBKS4-EB', 'UCS-SD120GBKS4-EV', 'UCS-SD960GBMS4-EV', 'UCS-SD480GBKS4-EV', 'UCS-SD480G12S3-EP', 'UCS-SD16TBKS4-EB', 'UCS-SD19TBMS4-EV', 'UCS-SD800G12S4-EP', 'UCS-SD240GBKS4-EB', 'UCS-SD38TBIS6-EV', 'UCS-SD960GBM1K9', 'UCS-SD38TBKS4-EV', 'UCS-SD800GBEK9', 'UCS-SD480GBE1K9', 'UCS-SD400G0KS2-EP', 'UCS-SD960GBKS4-EV', 'UCS-SD240GBM1K9', 'UCS-SD16T12S2-EP', 'UCS-SD800G0KS2-EP', 'UCS-SD16TB12S3-EP', 'UCS-SD200G12S3-EP', 'UCS-SD16TBKS4-EV', 'UCS-SD800GSAS3-EP', 'UCS-SD19TSAS-EV', 'UCS-SD400GBEK9', 'UCS-SD400GBHK9', 'UCS-SD76TBMS4-EV', 'UCS-SD480GBIS6-EV', 'UCS-SD960GBE1K9', 'UCS-SD400G12S2-EP', 'UCS-SD240GBMS4-EV', 'UCS-SD800G12S3-EP', 'UCS-SDHPCIE16TB', 'UCS-SD480G0KS2-EV', 'UCS-SD960GIKS4-EV', 'UCS-SD38TSAS-EV', 'UCS-SD480GBKSS-EV', 'UCS-SD960GIS3-EP', 'UCS-SD38TBMS4-EV', 'UCS-SD16TSASS3-EP', 'UCS-SD800GBHK9', 'UCS-SD480GIS3-EP', 'UCS-SD120GBE1K9', 'UCS-SD16TBEK9', 'UCS-SD400GSAS3-EP', 'UCS-SD480GBMS4-EV', 'UCS-SD120GBKS4-EB', 'UCS-SD19TIS3-EP', 'UCS-SD200G0KS2-EP', 'UCS-SD960GSAS-EV', 'UCS-SD16TB12S4-EP', 'UCS-SD32TSASS3-EP', 'UCS-SD120G0KS2-EV', 'UCS-SD960GBIS6-EV', 'UCS-SD16TBHK9', 'UCS-SD150GBKS4-EV', 'UCS-SDHPCIE800GB', 'UCS-SD38TBM1K9', 'UCS-SD19TBKSS-EV', 'UCS-SD120GBMS4-EV', 'UCS-SD240G0KS2-EV', 'UCS-SD960G0KS2-EV', 'UCS-SD240GBKS4-EV', 'UCS-SD600GBE3K9', 'UCS-SD400G12S4-EP']","['UCS-HD18TB10KS4K1', 'UCS-HD600G15K9', 'UCS-HD1T7KS2-E', 'UCS-HD1T7K12G', 'UCS-HD12TB10K12G', 'UCS-HD2T7K12G', 'UCS-HD300G15K12G', 'UCS-HD450G15KS2-E', 'UCS-HD12G10K9', 'UCS-HD1T7K6GA', 'UCS-HD300G10K9', 'UCS-HD600G15KS2-E', 'UCS-HD450G15K12G', 'UCS-HD18G10K92', 'UCS-HD600G15K12G', 'UCS-HD600G10KS4K', 'UCS-HD12T10KS2-E', 'UCS-HD900G15K12G', 'UCS-HD18TB10KS4K', 'UCS-HDD300GI2F105', 'UCS-HDD900GI2F106', 'UCS-HD900G10K12G', 'UCS-HD600G10K12G', 'UCS-HD300G10K12G']",16GB,2133,2,4,DDR4,RDIMM,ECC,1.2V,STD,1,,,is_encoded,c240m4-sff-spec-sheet.pdf,https://www.cisco.com/c/dam/en/us/products/collateral/servers-unified-computing/ucs-c-series-rack-servers/c240m4-sff-spec-sheet.pdf,https://www.cisco.com/c/dam/en/us/products/collateral/servers-unified-computing/ucs-c-series-rack-servers/c240m4-sff-spec-sheet.pdf,,,16D4ER24213312S1,2Rx4,"('1Rx4', '2Rx4', '8Rx4')",,,,
Cisco,UCS-MR-X8G1RS-H,Cisco UCS C240 M5 LFF Rack Server,Cisco,UCS,C240 M5 LFF,UCS-MR-X8G1RS-H 8GB DDR4-2666-MHz RDIMM/PC4-21300/single rank/x4/1.2v,['24'],,,,,,memory,"['6226', '6238', '6246R', '4215', '8276L', '6240R', '5222', '6242R', '6226R', '6230R', '4215R', '8260M', '8276', '5218B', '6262V', '8260L', '8280M', '8260', '8280L', '6240Y', '6240M', '8268', '5218R', '6250', '4216', '6246', '8270', '6252N', '6258R', '4214R', '6244', '6240', '5215M', '4214', '8280', '5218N', '5217', '5220R', '5218', '5220', '8276M', '6238M', '6240L', '6254', '8253', '4214Y', '6252', '6242', '5220S', '4210', '6248', '6230', '6238R', '5215', '8260Y', '6222V', '4210R', '3206R', '6230N', '3204', '6234', '6238L', '4208', '6256', '6248R', '5215L']","['UCS-MR-128G8RS-H', 'UCS-MR-X64G2RT-H=', 'UCS-MR-X32G2RT-H', 'UCS-MR-X16G1RS-H', 'UCS-MR-X16G1RW1', 'UCS-MR-X64G2RT-H', 'UCS-MR-X32G2RS-H', 'UCS-MR-X8G1RS-H', 'UCS-MR-X32G2RW1', 'UCS-MR-X16G2RS-H', 'UCS-MR-X32G2RSHM', 'UCS-MR-X64G4RS-H', 'UCS-MR-X16G1RSHM', 'UCS-MR-X16G1RT-H', 'UCS-MR-X64G2RW1', 'UCS-MR-X32G2RSHS']","['UCS-SD16TK3X-EP=', 'UCS-SD800GBKNK9=', 'UCS-SD38T6I1X-EV=', 'UCS-SD19T63X-EP', 'UCS-SD32TK3X-EP=', 'UCS-SD16T61X-EV', 'UCS-SD38TBE1NK9', 'UCS-SD16TB12TX-EP', 'UCS-SD480G121X-EV', 'UCS-SD400H123X-EP', 'UCS-SD76TBKNK9=', 'UCS-SD38T61X-EV', 'UCS-SD76TK1X-EV=', 'UCS-SD32TKA3X-EP', 'UCS-SD480G2HNK9', 'UCS-SD960GBM2NK9', 'UCS-SD38T6S1X-EV=', 'UCS-SD38TH61X-EV', 'UCS-SD38TM1X-EV', 'UCS-SD38TBHTNK9', 'UCS-SD76TBEM2NK9', 'UCS-SD38TK1X-EV', 'UCS-SD240G61X-EV', 'UCS-SD800GBKNK9', 'UCS-SD76TK1X-EV', 'UCS-SD16T123X-EP', 'UCS-SD960GK1X-EV=', 'UCS-SD800GBCNK9', 'UCS-SD76T6S1X-EV', 'UCS-SD32T123X-EP', 'UCS-SD19T6S1X-EV=', 'UCS-SD960G121X-EV', 'UCS-SD120GM1X-EV=', 'UCS-SD480G63X-EP=', 'UCS-SD960G6I1X-EV', 'UCS-SD480G61X-EV', 'UCS-SD38TB121X-EV', 'UCS-SD800G123X-EP', 'UCS-SD600GBE3NK9', 'UCS-SD800GBENK9', 'UCS-SD800GK3X-EP=', 'UCS-SD15TK1X-EV', 'UCS-SD960G63X-EP=', 'UCS-SD76T61X-EV', 'UCS-SD960GBHTNK9', 'UCS-SD38T2HTNK9', 'UCS-SD16TBENK9', 'UCS-SD800G12TX-EP', 'UCS-SD480G6I1X-EV=', 'UCS-SD32TK3X-EP', 'UCS-SD38TBKNK9=', 'UCS-SD240GBE1NK9', 'UCS-SD38T6I1X-EV', 'UCS-SD960GK1X-EV', 'UCS-SD76T6S1X-EV=', 'UCS-SD480GBHTNK9', 'UCS-SD960GH61X-EV', 'UCS-SD16TBHNK9', 'UCS-SD960GBKNK9=', 'UCS-SD16TM1X-EV', 'UCS-SD19T63X-EP=', 'UCS-SD480G63X-EP', 'UCS-SD76TM1X-EV', 'UCS-SD480GH61X-EV', 'UCS-SD19T61X-EV', 'UCS-SD76TBKNK9', 'UCS-SD960G63X-EP', 'UCS-SD19TB121X-EV', 'UCS-SD32H123X-EP', 'UCS-SD16TK3X-EP', 'UCS-SD960G6S1X-EV', 'UCS-SD120GM1X-EV', 'UCS-SD38TBKNK9', 'UCS-SD960G6S1X-EV=', 'UCS-SD400G123X-EP', 'UCS-SD240GM1X-EV', 'UCS-SD480GM1X-EV', 'UCS-SD960GBE1NK9', 'UCS-SD960G61X-EV', 'UCS-SD960G2HTNK9', 'UCS-SD150G61X-EV', 'UCS-SD16TBKNK9', 'UCS-SD38TK1X-EV=', 'UCS-SD16H123X-EP', 'UCS-SD480G6I1X-EV', 'UCS-SD400G12TX-EP', 'UCS-SD800H123X-EP', 'UCS-SD16TBKNK9=', 'UCS-SD19TK1X-EV', 'UCS-SD800GK3X-EP', 'UCS-SD960GBKNK9', 'UCS-SD400GBENK9', 'UCS-SD19T6S1X-EV', 'UCS-SD19TK1X-EV=', 'UCS-SD960G6I1X-EV=', 'UCS-SD19T61X-EV=', 'UCS-SD800GBHNK9', 'UCS-SD38T6S1X-EV', 'UCS-SD400GBHNK9', 'UCS-SD15TK1X-EV=', 'UCS-SD19TH61X-EV']","['UCS-HD16TW7KL4KN', 'UCS-HD600G15NK9=', 'UCS-HD1T7K12N=', 'UCS-HD14TW7KL4KN', 'UCS-HD900G15K12N', 'UCS-HD6T7KL4KN=', 'UCS-HD18TB10K4KN=', 'UCS-HD12T7KL4KN', 'UCS-HD24TB10K4KN', 'UCS-HD2T7K12N', 'UCS-HD12T7KL6GN', 'UCS-HD20TW7KL4KN=', 'UCS-HD300G10NK9', 'UCS-HD12T7KL6GN=', 'UCS-HD4T7KL12N=', 'UCS-HD1T7K12N', 'UCS-HD10T7K6GAN=', 'UCS-HD10T7KL4KN', 'UCS-HD1T7KL12N', 'UCS-HD18T10NK9=', 'UCS-HD14TT7KL4KN', 'UCS-HD2T7KL12N=', 'UCS-HD2T7KL6GN', 'UCS-HD300G15K12N=', 'UCS-HD12T10NK9', 'UCS-HD12TB10K12N', 'UCS-HD4T7KL6GN', 'UCS-HD8T7KL4KN', 'UCS-HD24T10NK9', 'UCS-HD600G10K12N=', 'UCS-HD6T7KL6GN', 'UCS-HD12T10NK9=', 'UCS-HD8T7K4KAN', 'UCS-HD600G10K12N', 'UCS-HD600G15NK9', 'UCS-HD6T7KL4KN', 'UCS-HD8T7K6GAN', 'UCS-HD10T7K6GAN', 'UCS-HD600G15K12N=', 'UCS-HD10T7KLEM', 'UCS-HD18TB10K4KN', 'UCS-HD600G15K12N', 'UCS-HD300G10K12N=', 'UCS-HD10T7K4KAN', 'UCS-HD300G15K12N', 'UCS-HD18T10NK9', 'UCS-HD12TB10K12N=', 'UCS-HD6T12GANK9=', 'UCS-HD12T7KL4NK9=', 'UCS-HD24T10NK9=', 'UCS-HD4T12GNK9=', 'UCS-HD300G10K12N', 'UCS-HD20TW7KL4KN', 'UCS-HD12T7KL4KN=', 'UCS-HD10T7KL6GN', 'UCS-HD1T7K6GAN=', 'UCS-HD4T7KL12N', 'UCS-HD1T7K6GAN', 'UCS-HD1T7KL6GN', 'UCS-HD12T7KL4NK9', 'UCS-HD900G15K12N=', 'UCS-HD18TW7KL4KN', 'UCS-HD8T7K4KAN=', 'UCS-HD8T7K6GAN=', 'UCS-HD22TW7KL4KN', 'UCS-HD2T7KL12N', 'UCS-HD16T7KL4KN', 'UCS-HD6T12GANK9', 'UCS-HD24TB10K4KN=', 'UCS-HD14TW7KL4KN=', 'UCS-HD14T7KL4KN=', 'UCS-HD22TW7KL4KN=', 'UCS-HD14T7KL4KN', 'UCS-HD2T7K12N=', 'UCS-HD4T12GNK9']",8GB,2666,1,4,DDR4,RDIMM,ECC,1.2V,STD,1,,,is_encoded,c240m5-lff-specsheet.pdf,https://www.cisco.com/c/dam/en/us/products/collateral/servers-unified-computing/ucs-c-series-rack-servers/c240m5-lff-specsheet.pdf,https://www.cisco.com/c/dam/en/us/products/collateral/servers-unified-computing/ucs-c-series-rack-servers/c240m5-lff-specsheet.pdf,,,8D4ER14266612S1,1Rx4,"('1Rx4', '2Rx4', '8Rx4')",,,,
Cisco,UCS-MR-X16G1RW,Cisco UCS C240 M5 LFF Rack Server,Cisco,UCS,C240 M5 LFF,UCS-MR-X16G1RW1 16 GB DDR4-3200MHz RDIMM 1Rx4 (8Gb) 1.2 V 1 Intel® Optane™ Persistent,['24'],,,,,,memory,"['6226', '6238', '6246R', '4215', '8276L', '6240R', '5222', '6242R', '6226R', '6230R', '4215R', '8260M', '8276', '5218B', '6262V', '8260L', '8280M', '8260', '8280L', '6240Y', '6240M', '8268', '5218R', '6250', '4216', '6246', '8270', '6252N', '6258R', '4214R', '6244', '6240', '5215M', '4214', '8280', '5218N', '5217', '5220R', '5218', '5220', '8276M', '6238M', '6240L', '6254', '8253', '4214Y', '6252', '6242', '5220S', '4210', '6248', '6230', '6238R', '5215', '8260Y', '6222V', '4210R', '3206R', '6230N', '3204', '6234', '6238L', '4208', '6256', '6248R', '5215L']","['UCS-MR-128G8RS-H', 'UCS-MR-X64G2RT-H=', 'UCS-MR-X32G2RT-H', 'UCS-MR-X16G1RS-H', 'UCS-MR-X16G1RW1', 'UCS-MR-X64G2RT-H', 'UCS-MR-X32G2RS-H', 'UCS-MR-X8G1RS-H', 'UCS-MR-X32G2RW1', 'UCS-MR-X16G2RS-H', 'UCS-MR-X32G2RSHM', 'UCS-MR-X64G4RS-H', 'UCS-MR-X16G1RSHM', 'UCS-MR-X16G1RT-H', 'UCS-MR-X64G2RW1', 'UCS-MR-X32G2RSHS']","['UCS-SD16TK3X-EP=', 'UCS-SD800GBKNK9=', 'UCS-SD38T6I1X-EV=', 'UCS-SD19T63X-EP', 'UCS-SD32TK3X-EP=', 'UCS-SD16T61X-EV', 'UCS-SD38TBE1NK9', 'UCS-SD16TB12TX-EP', 'UCS-SD480G121X-EV', 'UCS-SD400H123X-EP', 'UCS-SD76TBKNK9=', 'UCS-SD38T61X-EV', 'UCS-SD76TK1X-EV=', 'UCS-SD32TKA3X-EP', 'UCS-SD480G2HNK9', 'UCS-SD960GBM2NK9', 'UCS-SD38T6S1X-EV=', 'UCS-SD38TH61X-EV', 'UCS-SD38TM1X-EV', 'UCS-SD38TBHTNK9', 'UCS-SD76TBEM2NK9', 'UCS-SD38TK1X-EV', 'UCS-SD240G61X-EV', 'UCS-SD800GBKNK9', 'UCS-SD76TK1X-EV', 'UCS-SD16T123X-EP', 'UCS-SD960GK1X-EV=', 'UCS-SD800GBCNK9', 'UCS-SD76T6S1X-EV', 'UCS-SD32T123X-EP', 'UCS-SD19T6S1X-EV=', 'UCS-SD960G121X-EV', 'UCS-SD120GM1X-EV=', 'UCS-SD480G63X-EP=', 'UCS-SD960G6I1X-EV', 'UCS-SD480G61X-EV', 'UCS-SD38TB121X-EV', 'UCS-SD800G123X-EP', 'UCS-SD600GBE3NK9', 'UCS-SD800GBENK9', 'UCS-SD800GK3X-EP=', 'UCS-SD15TK1X-EV', 'UCS-SD960G63X-EP=', 'UCS-SD76T61X-EV', 'UCS-SD960GBHTNK9', 'UCS-SD38T2HTNK9', 'UCS-SD16TBENK9', 'UCS-SD800G12TX-EP', 'UCS-SD480G6I1X-EV=', 'UCS-SD32TK3X-EP', 'UCS-SD38TBKNK9=', 'UCS-SD240GBE1NK9', 'UCS-SD38T6I1X-EV', 'UCS-SD960GK1X-EV', 'UCS-SD76T6S1X-EV=', 'UCS-SD480GBHTNK9', 'UCS-SD960GH61X-EV', 'UCS-SD16TBHNK9', 'UCS-SD960GBKNK9=', 'UCS-SD16TM1X-EV', 'UCS-SD19T63X-EP=', 'UCS-SD480G63X-EP', 'UCS-SD76TM1X-EV', 'UCS-SD480GH61X-EV', 'UCS-SD19T61X-EV', 'UCS-SD76TBKNK9', 'UCS-SD960G63X-EP', 'UCS-SD19TB121X-EV', 'UCS-SD32H123X-EP', 'UCS-SD16TK3X-EP', 'UCS-SD960G6S1X-EV', 'UCS-SD120GM1X-EV', 'UCS-SD38TBKNK9', 'UCS-SD960G6S1X-EV=', 'UCS-SD400G123X-EP', 'UCS-SD240GM1X-EV', 'UCS-SD480GM1X-EV', 'UCS-SD960GBE1NK9', 'UCS-SD960G61X-EV', 'UCS-SD960G2HTNK9', 'UCS-SD150G61X-EV', 'UCS-SD16TBKNK9', 'UCS-SD38TK1X-EV=', 'UCS-SD16H123X-EP', 'UCS-SD480G6I1X-EV', 'UCS-SD400G12TX-EP', 'UCS-SD800H123X-EP', 'UCS-SD16TBKNK9=', 'UCS-SD19TK1X-EV', 'UCS-SD800GK3X-EP', 'UCS-SD960GBKNK9', 'UCS-SD400GBENK9', 'UCS-SD19T6S1X-EV', 'UCS-SD19TK1X-EV=', 'UCS-SD960G6I1X-EV=', 'UCS-SD19T61X-EV=', 'UCS-SD800GBHNK9', 'UCS-SD38T6S1X-EV', 'UCS-SD400GBHNK9', 'UCS-SD15TK1X-EV=', 'UCS-SD19TH61X-EV']","['UCS-HD16TW7KL4KN', 'UCS-HD600G15NK9=', 'UCS-HD1T7K12N=', 'UCS-HD14TW7KL4KN', 'UCS-HD900G15K12N', 'UCS-HD6T7KL4KN=', 'UCS-HD18TB10K4KN=', 'UCS-HD12T7KL4KN', 'UCS-HD24TB10K4KN', 'UCS-HD2T7K12N', 'UCS-HD12T7KL6GN', 'UCS-HD20TW7KL4KN=', 'UCS-HD300G10NK9', 'UCS-HD12T7KL6GN=', 'UCS-HD4T7KL12N=', 'UCS-HD1T7K12N', 'UCS-HD10T7K6GAN=', 'UCS-HD10T7KL4KN', 'UCS-HD1T7KL12N', 'UCS-HD18T10NK9=', 'UCS-HD14TT7KL4KN', 'UCS-HD2T7KL12N=', 'UCS-HD2T7KL6GN', 'UCS-HD300G15K12N=', 'UCS-HD12T10NK9', 'UCS-HD12TB10K12N', 'UCS-HD4T7KL6GN', 'UCS-HD8T7KL4KN', 'UCS-HD24T10NK9', 'UCS-HD600G10K12N=', 'UCS-HD6T7KL6GN', 'UCS-HD12T10NK9=', 'UCS-HD8T7K4KAN', 'UCS-HD600G10K12N', 'UCS-HD600G15NK9', 'UCS-HD6T7KL4KN', 'UCS-HD8T7K6GAN', 'UCS-HD10T7K6GAN', 'UCS-HD600G15K12N=', 'UCS-HD10T7KLEM', 'UCS-HD18TB10K4KN', 'UCS-HD600G15K12N', 'UCS-HD300G10K12N=', 'UCS-HD10T7K4KAN', 'UCS-HD300G15K12N', 'UCS-HD18T10NK9', 'UCS-HD12TB10K12N=', 'UCS-HD6T12GANK9=', 'UCS-HD12T7KL4NK9=', 'UCS-HD24T10NK9=', 'UCS-HD4T12GNK9=', 'UCS-HD300G10K12N', 'UCS-HD20TW7KL4KN', 'UCS-HD12T7KL4KN=', 'UCS-HD10T7KL6GN', 'UCS-HD1T7K6GAN=', 'UCS-HD4T7KL12N', 'UCS-HD1T7K6GAN', 'UCS-HD1T7KL6GN', 'UCS-HD12T7KL4NK9', 'UCS-HD900G15K12N=', 'UCS-HD18TW7KL4KN', 'UCS-HD8T7K4KAN=', 'UCS-HD8T7K6GAN=', 'UCS-HD22TW7KL4KN', 'UCS-HD2T7KL12N', 'UCS-HD16T7KL4KN', 'UCS-HD6T12GANK9', 'UCS-HD24TB10K4KN=', 'UCS-HD14TW7KL4KN=', 'UCS-HD14T7KL4KN=', 'UCS-HD22TW7KL4KN=', 'UCS-HD14T7KL4KN', 'UCS-HD2T7K12N=', 'UCS-HD4T12GNK9']",16GB,3200,1,4,DDR4,RDIMM,ECC,1.2V,STD,1,,,is_encoded,c240m5-lff-specsheet.pdf,https://www.cisco.com/c/dam/en/us/products/collateral/servers-unified-computing/ucs-c-series-rack-servers/c240m5-lff-specsheet.pdf,https://www.cisco.com/c/dam/en/us/products/collateral/servers-unified-computing/ucs-c-series-rack-servers/c240m5-lff-specsheet.pdf,,,16D4ER14320012S1,1Rx4,"('1Rx4', '2Rx4', '8Rx4')",,,,
Cisco,UCS-MR-X16G1RT-H,Cisco UCS C240 M5 LFF Rack Server,Cisco,UCS,C240 M5 LFF,UCS-MR-X16G1RT-H 16GB DDR4-2933MHz RDIMM 1Rx4 (8Gb)/1.2v,['24'],,,,,,memory,"['6226', '6238', '6246R', '4215', '8276L', '6240R', '5222', '6242R', '6226R', '6230R', '4215R', '8260M', '8276', '5218B', '6262V', '8260L', '8280M', '8260', '8280L', '6240Y', '6240M', '8268', '5218R', '6250', '4216', '6246', '8270', '6252N', '6258R', '4214R', '6244', '6240', '5215M', '4214', '8280', '5218N', '5217', '5220R', '5218', '5220', '8276M', '6238M', '6240L', '6254', '8253', '4214Y', '6252', '6242', '5220S', '4210', '6248', '6230', '6238R', '5215', '8260Y', '6222V', '4210R', '3206R', '6230N', '3204', '6234', '6238L', '4208', '6256', '6248R', '5215L']","['UCS-MR-128G8RS-H', 'UCS-MR-X64G2RT-H=', 'UCS-MR-X32G2RT-H', 'UCS-MR-X16G1RS-H', 'UCS-MR-X16G1RW1', 'UCS-MR-X64G2RT-H', 'UCS-MR-X32G2RS-H', 'UCS-MR-X8G1RS-H', 'UCS-MR-X32G2RW1', 'UCS-MR-X16G2RS-H', 'UCS-MR-X32G2RSHM', 'UCS-MR-X64G4RS-H', 'UCS-MR-X16G1RSHM', 'UCS-MR-X16G1RT-H', 'UCS-MR-X64G2RW1', 'UCS-MR-X32G2RSHS']","['UCS-SD16TK3X-EP=', 'UCS-SD800GBKNK9=', 'UCS-SD38T6I1X-EV=', 'UCS-SD19T63X-EP', 'UCS-SD32TK3X-EP=', 'UCS-SD16T61X-EV', 'UCS-SD38TBE1NK9', 'UCS-SD16TB12TX-EP', 'UCS-SD480G121X-EV', 'UCS-SD400H123X-EP', 'UCS-SD76TBKNK9=', 'UCS-SD38T61X-EV', 'UCS-SD76TK1X-EV=', 'UCS-SD32TKA3X-EP', 'UCS-SD480G2HNK9', 'UCS-SD960GBM2NK9', 'UCS-SD38T6S1X-EV=', 'UCS-SD38TH61X-EV', 'UCS-SD38TM1X-EV', 'UCS-SD38TBHTNK9', 'UCS-SD76TBEM2NK9', 'UCS-SD38TK1X-EV', 'UCS-SD240G61X-EV', 'UCS-SD800GBKNK9', 'UCS-SD76TK1X-EV', 'UCS-SD16T123X-EP', 'UCS-SD960GK1X-EV=', 'UCS-SD800GBCNK9', 'UCS-SD76T6S1X-EV', 'UCS-SD32T123X-EP', 'UCS-SD19T6S1X-EV=', 'UCS-SD960G121X-EV', 'UCS-SD120GM1X-EV=', 'UCS-SD480G63X-EP=', 'UCS-SD960G6I1X-EV', 'UCS-SD480G61X-EV', 'UCS-SD38TB121X-EV', 'UCS-SD800G123X-EP', 'UCS-SD600GBE3NK9', 'UCS-SD800GBENK9', 'UCS-SD800GK3X-EP=', 'UCS-SD15TK1X-EV', 'UCS-SD960G63X-EP=', 'UCS-SD76T61X-EV', 'UCS-SD960GBHTNK9', 'UCS-SD38T2HTNK9', 'UCS-SD16TBENK9', 'UCS-SD800G12TX-EP', 'UCS-SD480G6I1X-EV=', 'UCS-SD32TK3X-EP', 'UCS-SD38TBKNK9=', 'UCS-SD240GBE1NK9', 'UCS-SD38T6I1X-EV', 'UCS-SD960GK1X-EV', 'UCS-SD76T6S1X-EV=', 'UCS-SD480GBHTNK9', 'UCS-SD960GH61X-EV', 'UCS-SD16TBHNK9', 'UCS-SD960GBKNK9=', 'UCS-SD16TM1X-EV', 'UCS-SD19T63X-EP=', 'UCS-SD480G63X-EP', 'UCS-SD76TM1X-EV', 'UCS-SD480GH61X-EV', 'UCS-SD19T61X-EV', 'UCS-SD76TBKNK9', 'UCS-SD960G63X-EP', 'UCS-SD19TB121X-EV', 'UCS-SD32H123X-EP', 'UCS-SD16TK3X-EP', 'UCS-SD960G6S1X-EV', 'UCS-SD120GM1X-EV', 'UCS-SD38TBKNK9', 'UCS-SD960G6S1X-EV=', 'UCS-SD400G123X-EP', 'UCS-SD240GM1X-EV', 'UCS-SD480GM1X-EV', 'UCS-SD960GBE1NK9', 'UCS-SD960G61X-EV', 'UCS-SD960G2HTNK9', 'UCS-SD150G61X-EV', 'UCS-SD16TBKNK9', 'UCS-SD38TK1X-EV=', 'UCS-SD16H123X-EP', 'UCS-SD480G6I1X-EV', 'UCS-SD400G12TX-EP', 'UCS-SD800H123X-EP', 'UCS-SD16TBKNK9=', 'UCS-SD19TK1X-EV', 'UCS-SD800GK3X-EP', 'UCS-SD960GBKNK9', 'UCS-SD400GBENK9', 'UCS-SD19T6S1X-EV', 'UCS-SD19TK1X-EV=', 'UCS-SD960G6I1X-EV=', 'UCS-SD19T61X-EV=', 'UCS-SD800GBHNK9', 'UCS-SD38T6S1X-EV', 'UCS-SD400GBHNK9', 'UCS-SD15TK1X-EV=', 'UCS-SD19TH61X-EV']","['UCS-HD16TW7KL4KN', 'UCS-HD600G15NK9=', 'UCS-HD1T7K12N=', 'UCS-HD14TW7KL4KN', 'UCS-HD900G15K12N', 'UCS-HD6T7KL4KN=', 'UCS-HD18TB10K4KN=', 'UCS-HD12T7KL4KN', 'UCS-HD24TB10K4KN', 'UCS-HD2T7K12N', 'UCS-HD12T7KL6GN', 'UCS-HD20TW7KL4KN=', 'UCS-HD300G10NK9', 'UCS-HD12T7KL6GN=', 'UCS-HD4T7KL12N=', 'UCS-HD1T7K12N', 'UCS-HD10T7K6GAN=', 'UCS-HD10T7KL4KN', 'UCS-HD1T7KL12N', 'UCS-HD18T10NK9=', 'UCS-HD14TT7KL4KN', 'UCS-HD2T7KL12N=', 'UCS-HD2T7KL6GN', 'UCS-HD300G15K12N=', 'UCS-HD12T10NK9', 'UCS-HD12TB10K12N', 'UCS-HD4T7KL6GN', 'UCS-HD8T7KL4KN', 'UCS-HD24T10NK9', 'UCS-HD600G10K12N=', 'UCS-HD6T7KL6GN', 'UCS-HD12T10NK9=', 'UCS-HD8T7K4KAN', 'UCS-HD600G10K12N', 'UCS-HD600G15NK9', 'UCS-HD6T7KL4KN', 'UCS-HD8T7K6GAN', 'UCS-HD10T7K6GAN', 'UCS-HD600G15K12N=', 'UCS-HD10T7KLEM', 'UCS-HD18TB10K4KN', 'UCS-HD600G15K12N', 'UCS-HD300G10K12N=', 'UCS-HD10T7K4KAN', 'UCS-HD300G15K12N', 'UCS-HD18T10NK9', 'UCS-HD12TB10K12N=', 'UCS-HD6T12GANK9=', 'UCS-HD12T7KL4NK9=', 'UCS-HD24T10NK9=', 'UCS-HD4T12GNK9=', 'UCS-HD300G10K12N', 'UCS-HD20TW7KL4KN', 'UCS-HD12T7KL4KN=', 'UCS-HD10T7KL6GN', 'UCS-HD1T7K6GAN=', 'UCS-HD4T7KL12N', 'UCS-HD1T7K6GAN', 'UCS-HD1T7KL6GN', 'UCS-HD12T7KL4NK9', 'UCS-HD900G15K12N=', 'UCS-HD18TW7KL4KN', 'UCS-HD8T7K4KAN=', 'UCS-HD8T7K6GAN=', 'UCS-HD22TW7KL4KN', 'UCS-HD2T7KL12N', 'UCS-HD16T7KL4KN', 'UCS-HD6T12GANK9', 'UCS-HD24TB10K4KN=', 'UCS-HD14TW7KL4KN=', 'UCS-HD14T7KL4KN=', 'UCS-HD22TW7KL4KN=', 'UCS-HD14T7KL4KN', 'UCS-HD2T7K12N=', 'UCS-HD4T12GNK9']",16GB,2933,1,4,DDR4,RDIMM,ECC,1.2V,STD,1,,,is_encoded,c240m5-lff-specsheet.pdf,https://www.cisco.com/c/dam/en/us/products/collateral/servers-unified-computing/ucs-c-series-rack-servers/c240m5-lff-specsheet.pdf,https://www.cisco.com/c/dam/en/us/products/collateral/servers-unified-computing/ucs-c-series-rack-servers/c240m5-lff-specsheet.pdf,,,16D4ER14293312S1,1Rx4,"('1Rx4', '2Rx4', '8Rx4')",,,,
Cisco,UCS-MR-X16G1RSHM,Cisco UCS C240 M5 LFF Rack Server,Cisco,UCS,C240 M5 LFF,UCS-MR-X16G1RSHM 16GB DDR4-2666-MHz RDIMM/single rank/x4/1.2v. Micron only,['24'],,,,,,memory,"['6226', '6238', '6246R', '4215', '8276L', '6240R', '5222', '6242R', '6226R', '6230R', '4215R', '8260M', '8276', '5218B', '6262V', '8260L', '8280M', '8260', '8280L', '6240Y', '6240M', '8268', '5218R', '6250', '4216', '6246', '8270', '6252N', '6258R', '4214R', '6244', '6240', '5215M', '4214', '8280', '5218N', '5217', '5220R', '5218', '5220', '8276M', '6238M', '6240L', '6254', '8253', '4214Y', '6252', '6242', '5220S', '4210', '6248', '6230', '6238R', '5215', '8260Y', '6222V', '4210R', '3206R', '6230N', '3204', '6234', '6238L', '4208', '6256', '6248R', '5215L']","['UCS-MR-128G8RS-H', 'UCS-MR-X64G2RT-H=', 'UCS-MR-X32G2RT-H', 'UCS-MR-X16G1RS-H', 'UCS-MR-X16G1RW1', 'UCS-MR-X64G2RT-H', 'UCS-MR-X32G2RS-H', 'UCS-MR-X8G1RS-H', 'UCS-MR-X32G2RW1', 'UCS-MR-X16G2RS-H', 'UCS-MR-X32G2RSHM', 'UCS-MR-X64G4RS-H', 'UCS-MR-X16G1RSHM', 'UCS-MR-X16G1RT-H', 'UCS-MR-X64G2RW1', 'UCS-MR-X32G2RSHS']","['UCS-SD16TK3X-EP=', 'UCS-SD800GBKNK9=', 'UCS-SD38T6I1X-EV=', 'UCS-SD19T63X-EP', 'UCS-SD32TK3X-EP=', 'UCS-SD16T61X-EV', 'UCS-SD38TBE1NK9', 'UCS-SD16TB12TX-EP', 'UCS-SD480G121X-EV', 'UCS-SD400H123X-EP', 'UCS-SD76TBKNK9=', 'UCS-SD38T61X-EV', 'UCS-SD76TK1X-EV=', 'UCS-SD32TKA3X-EP', 'UCS-SD480G2HNK9', 'UCS-SD960GBM2NK9', 'UCS-SD38T6S1X-EV=', 'UCS-SD38TH61X-EV', 'UCS-SD38TM1X-EV', 'UCS-SD38TBHTNK9', 'UCS-SD76TBEM2NK9', 'UCS-SD38TK1X-EV', 'UCS-SD240G61X-EV', 'UCS-SD800GBKNK9', 'UCS-SD76TK1X-EV', 'UCS-SD16T123X-EP', 'UCS-SD960GK1X-EV=', 'UCS-SD800GBCNK9', 'UCS-SD76T6S1X-EV', 'UCS-SD32T123X-EP', 'UCS-SD19T6S1X-EV=', 'UCS-SD960G121X-EV', 'UCS-SD120GM1X-EV=', 'UCS-SD480G63X-EP=', 'UCS-SD960G6I1X-EV', 'UCS-SD480G61X-EV', 'UCS-SD38TB121X-EV', 'UCS-SD800G123X-EP', 'UCS-SD600GBE3NK9', 'UCS-SD800GBENK9', 'UCS-SD800GK3X-EP=', 'UCS-SD15TK1X-EV', 'UCS-SD960G63X-EP=', 'UCS-SD76T61X-EV', 'UCS-SD960GBHTNK9', 'UCS-SD38T2HTNK9', 'UCS-SD16TBENK9', 'UCS-SD800G12TX-EP', 'UCS-SD480G6I1X-EV=', 'UCS-SD32TK3X-EP', 'UCS-SD38TBKNK9=', 'UCS-SD240GBE1NK9', 'UCS-SD38T6I1X-EV', 'UCS-SD960GK1X-EV', 'UCS-SD76T6S1X-EV=', 'UCS-SD480GBHTNK9', 'UCS-SD960GH61X-EV', 'UCS-SD16TBHNK9', 'UCS-SD960GBKNK9=', 'UCS-SD16TM1X-EV', 'UCS-SD19T63X-EP=', 'UCS-SD480G63X-EP', 'UCS-SD76TM1X-EV', 'UCS-SD480GH61X-EV', 'UCS-SD19T61X-EV', 'UCS-SD76TBKNK9', 'UCS-SD960G63X-EP', 'UCS-SD19TB121X-EV', 'UCS-SD32H123X-EP', 'UCS-SD16TK3X-EP', 'UCS-SD960G6S1X-EV', 'UCS-SD120GM1X-EV', 'UCS-SD38TBKNK9', 'UCS-SD960G6S1X-EV=', 'UCS-SD400G123X-EP', 'UCS-SD240GM1X-EV', 'UCS-SD480GM1X-EV', 'UCS-SD960GBE1NK9', 'UCS-SD960G61X-EV', 'UCS-SD960G2HTNK9', 'UCS-SD150G61X-EV', 'UCS-SD16TBKNK9', 'UCS-SD38TK1X-EV=', 'UCS-SD16H123X-EP', 'UCS-SD480G6I1X-EV', 'UCS-SD400G12TX-EP', 'UCS-SD800H123X-EP', 'UCS-SD16TBKNK9=', 'UCS-SD19TK1X-EV', 'UCS-SD800GK3X-EP', 'UCS-SD960GBKNK9', 'UCS-SD400GBENK9', 'UCS-SD19T6S1X-EV', 'UCS-SD19TK1X-EV=', 'UCS-SD960G6I1X-EV=', 'UCS-SD19T61X-EV=', 'UCS-SD800GBHNK9', 'UCS-SD38T6S1X-EV', 'UCS-SD400GBHNK9', 'UCS-SD15TK1X-EV=', 'UCS-SD19TH61X-EV']","['UCS-HD16TW7KL4KN', 'UCS-HD600G15NK9=', 'UCS-HD1T7K12N=', 'UCS-HD14TW7KL4KN', 'UCS-HD900G15K12N', 'UCS-HD6T7KL4KN=', 'UCS-HD18TB10K4KN=', 'UCS-HD12T7KL4KN', 'UCS-HD24TB10K4KN', 'UCS-HD2T7K12N', 'UCS-HD12T7KL6GN', 'UCS-HD20TW7KL4KN=', 'UCS-HD300G10NK9', 'UCS-HD12T7KL6GN=', 'UCS-HD4T7KL12N=', 'UCS-HD1T7K12N', 'UCS-HD10T7K6GAN=', 'UCS-HD10T7KL4KN', 'UCS-HD1T7KL12N', 'UCS-HD18T10NK9=', 'UCS-HD14TT7KL4KN', 'UCS-HD2T7KL12N=', 'UCS-HD2T7KL6GN', 'UCS-HD300G15K12N=', 'UCS-HD12T10NK9', 'UCS-HD12TB10K12N', 'UCS-HD4T7KL6GN', 'UCS-HD8T7KL4KN', 'UCS-HD24T10NK9', 'UCS-HD600G10K12N=', 'UCS-HD6T7KL6GN', 'UCS-HD12T10NK9=', 'UCS-HD8T7K4KAN', 'UCS-HD600G10K12N', 'UCS-HD600G15NK9', 'UCS-HD6T7KL4KN', 'UCS-HD8T7K6GAN', 'UCS-HD10T7K6GAN', 'UCS-HD600G15K12N=', 'UCS-HD10T7KLEM', 'UCS-HD18TB10K4KN', 'UCS-HD600G15K12N', 'UCS-HD300G10K12N=', 'UCS-HD10T7K4KAN', 'UCS-HD300G15K12N', 'UCS-HD18T10NK9', 'UCS-HD12TB10K12N=', 'UCS-HD6T12GANK9=', 'UCS-HD12T7KL4NK9=', 'UCS-HD24T10NK9=', 'UCS-HD4T12GNK9=', 'UCS-HD300G10K12N', 'UCS-HD20TW7KL4KN', 'UCS-HD12T7KL4KN=', 'UCS-HD10T7KL6GN', 'UCS-HD1T7K6GAN=', 'UCS-HD4T7KL12N', 'UCS-HD1T7K6GAN', 'UCS-HD1T7KL6GN', 'UCS-HD12T7KL4NK9', 'UCS-HD900G15K12N=', 'UCS-HD18TW7KL4KN', 'UCS-HD8T7K4KAN=', 'UCS-HD8T7K6GAN=', 'UCS-HD22TW7KL4KN', 'UCS-HD2T7KL12N', 'UCS-HD16T7KL4KN', 'UCS-HD6T12GANK9', 'UCS-HD24TB10K4KN=', 'UCS-HD14TW7KL4KN=', 'UCS-HD14T7KL4KN=', 'UCS-HD22TW7KL4KN=', 'UCS-HD14T7KL4KN', 'UCS-HD2T7K12N=', 'UCS-HD4T12GNK9']",16GB,2666,1,4,DDR4,RDIMM,ECC,1.2V,STD,1,,,is_encoded,c240m5-lff-specsheet.pdf,https://www.cisco.com/c/dam/en/us/products/collateral/servers-unified-computing/ucs-c-series-rack-servers/c240m5-lff-specsheet.pdf,https://www.cisco.com/c/dam/en/us/products/collateral/servers-unified-computing/ucs-c-series-rack-servers/c240m5-lff-specsheet.pdf,,,16D4ER14266612S1,1Rx4,"('1Rx4', '2Rx4', '8Rx4')",,,,
Cisco,UCS-MR-X16G1RS-H,Cisco UCS C240 M5 LFF Rack Server,Cisco,UCS,C240 M5 LFF,UCS-MR-X16G1RS-H 16GB DDR4-2666-MHz RDIMM/PC4-21300/single rank/x4/1.2v,['24'],,,,,,memory,"['6226', '6238', '6246R', '4215', '8276L', '6240R', '5222', '6242R', '6226R', '6230R', '4215R', '8260M', '8276', '5218B', '6262V', '8260L', '8280M', '8260', '8280L', '6240Y', '6240M', '8268', '5218R', '6250', '4216', '6246', '8270', '6252N', '6258R', '4214R', '6244', '6240', '5215M', '4214', '8280', '5218N', '5217', '5220R', '5218', '5220', '8276M', '6238M', '6240L', '6254', '8253', '4214Y', '6252', '6242', '5220S', '4210', '6248', '6230', '6238R', '5215', '8260Y', '6222V', '4210R', '3206R', '6230N', '3204', '6234', '6238L', '4208', '6256', '6248R', '5215L']","['UCS-MR-128G8RS-H', 'UCS-MR-X64G2RT-H=', 'UCS-MR-X32G2RT-H', 'UCS-MR-X16G1RS-H', 'UCS-MR-X16G1RW1', 'UCS-MR-X64G2RT-H', 'UCS-MR-X32G2RS-H', 'UCS-MR-X8G1RS-H', 'UCS-MR-X32G2RW1', 'UCS-MR-X16G2RS-H', 'UCS-MR-X32G2RSHM', 'UCS-MR-X64G4RS-H', 'UCS-MR-X16G1RSHM', 'UCS-MR-X16G1RT-H', 'UCS-MR-X64G2RW1', 'UCS-MR-X32G2RSHS']","['UCS-SD16TK3X-EP=', 'UCS-SD800GBKNK9=', 'UCS-SD38T6I1X-EV=', 'UCS-SD19T63X-EP', 'UCS-SD32TK3X-EP=', 'UCS-SD16T61X-EV', 'UCS-SD38TBE1NK9', 'UCS-SD16TB12TX-EP', 'UCS-SD480G121X-EV', 'UCS-SD400H123X-EP', 'UCS-SD76TBKNK9=', 'UCS-SD38T61X-EV', 'UCS-SD76TK1X-EV=', 'UCS-SD32TKA3X-EP', 'UCS-SD480G2HNK9', 'UCS-SD960GBM2NK9', 'UCS-SD38T6S1X-EV=', 'UCS-SD38TH61X-EV', 'UCS-SD38TM1X-EV', 'UCS-SD38TBHTNK9', 'UCS-SD76TBEM2NK9', 'UCS-SD38TK1X-EV', 'UCS-SD240G61X-EV', 'UCS-SD800GBKNK9', 'UCS-SD76TK1X-EV', 'UCS-SD16T123X-EP', 'UCS-SD960GK1X-EV=', 'UCS-SD800GBCNK9', 'UCS-SD76T6S1X-EV', 'UCS-SD32T123X-EP', 'UCS-SD19T6S1X-EV=', 'UCS-SD960G121X-EV', 'UCS-SD120GM1X-EV=', 'UCS-SD480G63X-EP=', 'UCS-SD960G6I1X-EV', 'UCS-SD480G61X-EV', 'UCS-SD38TB121X-EV', 'UCS-SD800G123X-EP', 'UCS-SD600GBE3NK9', 'UCS-SD800GBENK9', 'UCS-SD800GK3X-EP=', 'UCS-SD15TK1X-EV', 'UCS-SD960G63X-EP=', 'UCS-SD76T61X-EV', 'UCS-SD960GBHTNK9', 'UCS-SD38T2HTNK9', 'UCS-SD16TBENK9', 'UCS-SD800G12TX-EP', 'UCS-SD480G6I1X-EV=', 'UCS-SD32TK3X-EP', 'UCS-SD38TBKNK9=', 'UCS-SD240GBE1NK9', 'UCS-SD38T6I1X-EV', 'UCS-SD960GK1X-EV', 'UCS-SD76T6S1X-EV=', 'UCS-SD480GBHTNK9', 'UCS-SD960GH61X-EV', 'UCS-SD16TBHNK9', 'UCS-SD960GBKNK9=', 'UCS-SD16TM1X-EV', 'UCS-SD19T63X-EP=', 'UCS-SD480G63X-EP', 'UCS-SD76TM1X-EV', 'UCS-SD480GH61X-EV', 'UCS-SD19T61X-EV', 'UCS-SD76TBKNK9', 'UCS-SD960G63X-EP', 'UCS-SD19TB121X-EV', 'UCS-SD32H123X-EP', 'UCS-SD16TK3X-EP', 'UCS-SD960G6S1X-EV', 'UCS-SD120GM1X-EV', 'UCS-SD38TBKNK9', 'UCS-SD960G6S1X-EV=', 'UCS-SD400G123X-EP', 'UCS-SD240GM1X-EV', 'UCS-SD480GM1X-EV', 'UCS-SD960GBE1NK9', 'UCS-SD960G61X-EV', 'UCS-SD960G2HTNK9', 'UCS-SD150G61X-EV', 'UCS-SD16TBKNK9', 'UCS-SD38TK1X-EV=', 'UCS-SD16H123X-EP', 'UCS-SD480G6I1X-EV', 'UCS-SD400G12TX-EP', 'UCS-SD800H123X-EP', 'UCS-SD16TBKNK9=', 'UCS-SD19TK1X-EV', 'UCS-SD800GK3X-EP', 'UCS-SD960GBKNK9', 'UCS-SD400GBENK9', 'UCS-SD19T6S1X-EV', 'UCS-SD19TK1X-EV=', 'UCS-SD960G6I1X-EV=', 'UCS-SD19T61X-EV=', 'UCS-SD800GBHNK9', 'UCS-SD38T6S1X-EV', 'UCS-SD400GBHNK9', 'UCS-SD15TK1X-EV=', 'UCS-SD19TH61X-EV']","['UCS-HD16TW7KL4KN', 'UCS-HD600G15NK9=', 'UCS-HD1T7K12N=', 'UCS-HD14TW7KL4KN', 'UCS-HD900G15K12N', 'UCS-HD6T7KL4KN=', 'UCS-HD18TB10K4KN=', 'UCS-HD12T7KL4KN', 'UCS-HD24TB10K4KN', 'UCS-HD2T7K12N', 'UCS-HD12T7KL6GN', 'UCS-HD20TW7KL4KN=', 'UCS-HD300G10NK9', 'UCS-HD12T7KL6GN=', 'UCS-HD4T7KL12N=', 'UCS-HD1T7K12N', 'UCS-HD10T7K6GAN=', 'UCS-HD10T7KL4KN', 'UCS-HD1T7KL12N', 'UCS-HD18T10NK9=', 'UCS-HD14TT7KL4KN', 'UCS-HD2T7KL12N=', 'UCS-HD2T7KL6GN', 'UCS-HD300G15K12N=', 'UCS-HD12T10NK9', 'UCS-HD12TB10K12N', 'UCS-HD4T7KL6GN', 'UCS-HD8T7KL4KN', 'UCS-HD24T10NK9', 'UCS-HD600G10K12N=', 'UCS-HD6T7KL6GN', 'UCS-HD12T10NK9=', 'UCS-HD8T7K4KAN', 'UCS-HD600G10K12N', 'UCS-HD600G15NK9', 'UCS-HD6T7KL4KN', 'UCS-HD8T7K6GAN', 'UCS-HD10T7K6GAN', 'UCS-HD600G15K12N=', 'UCS-HD10T7KLEM', 'UCS-HD18TB10K4KN', 'UCS-HD600G15K12N', 'UCS-HD300G10K12N=', 'UCS-HD10T7K4KAN', 'UCS-HD300G15K12N', 'UCS-HD18T10NK9', 'UCS-HD12TB10K12N=', 'UCS-HD6T12GANK9=', 'UCS-HD12T7KL4NK9=', 'UCS-HD24T10NK9=', 'UCS-HD4T12GNK9=', 'UCS-HD300G10K12N', 'UCS-HD20TW7KL4KN', 'UCS-HD12T7KL4KN=', 'UCS-HD10T7KL6GN', 'UCS-HD1T7K6GAN=', 'UCS-HD4T7KL12N', 'UCS-HD1T7K6GAN', 'UCS-HD1T7KL6GN', 'UCS-HD12T7KL4NK9', 'UCS-HD900G15K12N=', 'UCS-HD18TW7KL4KN', 'UCS-HD8T7K4KAN=', 'UCS-HD8T7K6GAN=', 'UCS-HD22TW7KL4KN', 'UCS-HD2T7KL12N', 'UCS-HD16T7KL4KN', 'UCS-HD6T12GANK9', 'UCS-HD24TB10K4KN=', 'UCS-HD14TW7KL4KN=', 'UCS-HD14T7KL4KN=', 'UCS-HD22TW7KL4KN=', 'UCS-HD14T7KL4KN', 'UCS-HD2T7K12N=', 'UCS-HD4T12GNK9']",16GB,2666,1,4,DDR4,RDIMM,ECC,1.2V,STD,1,,,is_encoded,c240m5-lff-specsheet.pdf,https://www.cisco.com/c/dam/en/us/products/collateral/servers-unified-computing/ucs-c-series-rack-servers/c240m5-lff-specsheet.pdf,https://www.cisco.com/c/dam/en/us/products/collateral/servers-unified-computing/ucs-c-series-rack-servers/c240m5-lff-specsheet.pdf,,,16D4ER14266612S1,1Rx4,"('1Rx4', '2Rx4', '8Rx4')",,,,
Cisco,UCS-MR-X64G2RW,Cisco UCS C240 M5 LFF Rack Server,Cisco,UCS,C240 M5 LFF,UCS-MR-X64G2RW1 64 GB DDR4-3200MHz RDIMM 2Rx4 (16Gb) 1.2 V 2,['24'],,,,,,memory,"['6226', '6238', '6246R', '4215', '8276L', '6240R', '5222', '6242R', '6226R', '6230R', '4215R', '8260M', '8276', '5218B', '6262V', '8260L', '8280M', '8260', '8280L', '6240Y', '6240M', '8268', '5218R', '6250', '4216', '6246', '8270', '6252N', '6258R', '4214R', '6244', '6240', '5215M', '4214', '8280', '5218N', '5217', '5220R', '5218', '5220', '8276M', '6238M', '6240L', '6254', '8253', '4214Y', '6252', '6242', '5220S', '4210', '6248', '6230', '6238R', '5215', '8260Y', '6222V', '4210R', '3206R', '6230N', '3204', '6234', '6238L', '4208', '6256', '6248R', '5215L']","['UCS-MR-128G8RS-H', 'UCS-MR-X64G2RT-H=', 'UCS-MR-X32G2RT-H', 'UCS-MR-X16G1RS-H', 'UCS-MR-X16G1RW1', 'UCS-MR-X64G2RT-H', 'UCS-MR-X32G2RS-H', 'UCS-MR-X8G1RS-H', 'UCS-MR-X32G2RW1', 'UCS-MR-X16G2RS-H', 'UCS-MR-X32G2RSHM', 'UCS-MR-X64G4RS-H', 'UCS-MR-X16G1RSHM', 'UCS-MR-X16G1RT-H', 'UCS-MR-X64G2RW1', 'UCS-MR-X32G2RSHS']","['UCS-SD16TK3X-EP=', 'UCS-SD800GBKNK9=', 'UCS-SD38T6I1X-EV=', 'UCS-SD19T63X-EP', 'UCS-SD32TK3X-EP=', 'UCS-SD16T61X-EV', 'UCS-SD38TBE1NK9', 'UCS-SD16TB12TX-EP', 'UCS-SD480G121X-EV', 'UCS-SD400H123X-EP', 'UCS-SD76TBKNK9=', 'UCS-SD38T61X-EV', 'UCS-SD76TK1X-EV=', 'UCS-SD32TKA3X-EP', 'UCS-SD480G2HNK9', 'UCS-SD960GBM2NK9', 'UCS-SD38T6S1X-EV=', 'UCS-SD38TH61X-EV', 'UCS-SD38TM1X-EV', 'UCS-SD38TBHTNK9', 'UCS-SD76TBEM2NK9', 'UCS-SD38TK1X-EV', 'UCS-SD240G61X-EV', 'UCS-SD800GBKNK9', 'UCS-SD76TK1X-EV', 'UCS-SD16T123X-EP', 'UCS-SD960GK1X-EV=', 'UCS-SD800GBCNK9', 'UCS-SD76T6S1X-EV', 'UCS-SD32T123X-EP', 'UCS-SD19T6S1X-EV=', 'UCS-SD960G121X-EV', 'UCS-SD120GM1X-EV=', 'UCS-SD480G63X-EP=', 'UCS-SD960G6I1X-EV', 'UCS-SD480G61X-EV', 'UCS-SD38TB121X-EV', 'UCS-SD800G123X-EP', 'UCS-SD600GBE3NK9', 'UCS-SD800GBENK9', 'UCS-SD800GK3X-EP=', 'UCS-SD15TK1X-EV', 'UCS-SD960G63X-EP=', 'UCS-SD76T61X-EV', 'UCS-SD960GBHTNK9', 'UCS-SD38T2HTNK9', 'UCS-SD16TBENK9', 'UCS-SD800G12TX-EP', 'UCS-SD480G6I1X-EV=', 'UCS-SD32TK3X-EP', 'UCS-SD38TBKNK9=', 'UCS-SD240GBE1NK9', 'UCS-SD38T6I1X-EV', 'UCS-SD960GK1X-EV', 'UCS-SD76T6S1X-EV=', 'UCS-SD480GBHTNK9', 'UCS-SD960GH61X-EV', 'UCS-SD16TBHNK9', 'UCS-SD960GBKNK9=', 'UCS-SD16TM1X-EV', 'UCS-SD19T63X-EP=', 'UCS-SD480G63X-EP', 'UCS-SD76TM1X-EV', 'UCS-SD480GH61X-EV', 'UCS-SD19T61X-EV', 'UCS-SD76TBKNK9', 'UCS-SD960G63X-EP', 'UCS-SD19TB121X-EV', 'UCS-SD32H123X-EP', 'UCS-SD16TK3X-EP', 'UCS-SD960G6S1X-EV', 'UCS-SD120GM1X-EV', 'UCS-SD38TBKNK9', 'UCS-SD960G6S1X-EV=', 'UCS-SD400G123X-EP', 'UCS-SD240GM1X-EV', 'UCS-SD480GM1X-EV', 'UCS-SD960GBE1NK9', 'UCS-SD960G61X-EV', 'UCS-SD960G2HTNK9', 'UCS-SD150G61X-EV', 'UCS-SD16TBKNK9', 'UCS-SD38TK1X-EV=', 'UCS-SD16H123X-EP', 'UCS-SD480G6I1X-EV', 'UCS-SD400G12TX-EP', 'UCS-SD800H123X-EP', 'UCS-SD16TBKNK9=', 'UCS-SD19TK1X-EV', 'UCS-SD800GK3X-EP', 'UCS-SD960GBKNK9', 'UCS-SD400GBENK9', 'UCS-SD19T6S1X-EV', 'UCS-SD19TK1X-EV=', 'UCS-SD960G6I1X-EV=', 'UCS-SD19T61X-EV=', 'UCS-SD800GBHNK9', 'UCS-SD38T6S1X-EV', 'UCS-SD400GBHNK9', 'UCS-SD15TK1X-EV=', 'UCS-SD19TH61X-EV']","['UCS-HD16TW7KL4KN', 'UCS-HD600G15NK9=', 'UCS-HD1T7K12N=', 'UCS-HD14TW7KL4KN', 'UCS-HD900G15K12N', 'UCS-HD6T7KL4KN=', 'UCS-HD18TB10K4KN=', 'UCS-HD12T7KL4KN', 'UCS-HD24TB10K4KN', 'UCS-HD2T7K12N', 'UCS-HD12T7KL6GN', 'UCS-HD20TW7KL4KN=', 'UCS-HD300G10NK9', 'UCS-HD12T7KL6GN=', 'UCS-HD4T7KL12N=', 'UCS-HD1T7K12N', 'UCS-HD10T7K6GAN=', 'UCS-HD10T7KL4KN', 'UCS-HD1T7KL12N', 'UCS-HD18T10NK9=', 'UCS-HD14TT7KL4KN', 'UCS-HD2T7KL12N=', 'UCS-HD2T7KL6GN', 'UCS-HD300G15K12N=', 'UCS-HD12T10NK9', 'UCS-HD12TB10K12N', 'UCS-HD4T7KL6GN', 'UCS-HD8T7KL4KN', 'UCS-HD24T10NK9', 'UCS-HD600G10K12N=', 'UCS-HD6T7KL6GN', 'UCS-HD12T10NK9=', 'UCS-HD8T7K4KAN', 'UCS-HD600G10K12N', 'UCS-HD600G15NK9', 'UCS-HD6T7KL4KN', 'UCS-HD8T7K6GAN', 'UCS-HD10T7K6GAN', 'UCS-HD600G15K12N=', 'UCS-HD10T7KLEM', 'UCS-HD18TB10K4KN', 'UCS-HD600G15K12N', 'UCS-HD300G10K12N=', 'UCS-HD10T7K4KAN', 'UCS-HD300G15K12N', 'UCS-HD18T10NK9', 'UCS-HD12TB10K12N=', 'UCS-HD6T12GANK9=', 'UCS-HD12T7KL4NK9=', 'UCS-HD24T10NK9=', 'UCS-HD4T12GNK9=', 'UCS-HD300G10K12N', 'UCS-HD20TW7KL4KN', 'UCS-HD12T7KL4KN=', 'UCS-HD10T7KL6GN', 'UCS-HD1T7K6GAN=', 'UCS-HD4T7KL12N', 'UCS-HD1T7K6GAN', 'UCS-HD1T7KL6GN', 'UCS-HD12T7KL4NK9', 'UCS-HD900G15K12N=', 'UCS-HD18TW7KL4KN', 'UCS-HD8T7K4KAN=', 'UCS-HD8T7K6GAN=', 'UCS-HD22TW7KL4KN', 'UCS-HD2T7KL12N', 'UCS-HD16T7KL4KN', 'UCS-HD6T12GANK9', 'UCS-HD24TB10K4KN=', 'UCS-HD14TW7KL4KN=', 'UCS-HD14T7KL4KN=', 'UCS-HD22TW7KL4KN=', 'UCS-HD14T7KL4KN', 'UCS-HD2T7K12N=', 'UCS-HD4T12GNK9']",64GB,3200,2,4,DDR4,RDIMM,ECC,1.2V,STD,1,,,is_encoded,c240m5-lff-specsheet.pdf,https://www.cisco.com/c/dam/en/us/products/collateral/servers-unified-computing/ucs-c-series-rack-servers/c240m5-lff-specsheet.pdf,https://www.cisco.com/c/dam/en/us/products/collateral/servers-unified-computing/ucs-c-series-rack-servers/c240m5-lff-specsheet.pdf,,,64D4ER24320012S1,2Rx4,"('1Rx4', '2Rx4', '8Rx4')",,,,
Cisco,UCS-MR-X64G2RT-H,Cisco UCS C240 M5 LFF Rack Server,Cisco,UCS,C240 M5 LFF,UCS-MR-X64G2RT-H 64GB DDR4-2933MHz RDIMM 2Rx4 (16Gb)/1.2v,['24'],,,,,,memory,"['6226', '6238', '6246R', '4215', '8276L', '6240R', '5222', '6242R', '6226R', '6230R', '4215R', '8260M', '8276', '5218B', '6262V', '8260L', '8280M', '8260', '8280L', '6240Y', '6240M', '8268', '5218R', '6250', '4216', '6246', '8270', '6252N', '6258R', '4214R', '6244', '6240', '5215M', '4214', '8280', '5218N', '5217', '5220R', '5218', '5220', '8276M', '6238M', '6240L', '6254', '8253', '4214Y', '6252', '6242', '5220S', '4210', '6248', '6230', '6238R', '5215', '8260Y', '6222V', '4210R', '3206R', '6230N', '3204', '6234', '6238L', '4208', '6256', '6248R', '5215L']","['UCS-MR-128G8RS-H', 'UCS-MR-X64G2RT-H=', 'UCS-MR-X32G2RT-H', 'UCS-MR-X16G1RS-H', 'UCS-MR-X16G1RW1', 'UCS-MR-X64G2RT-H', 'UCS-MR-X32G2RS-H', 'UCS-MR-X8G1RS-H', 'UCS-MR-X32G2RW1', 'UCS-MR-X16G2RS-H', 'UCS-MR-X32G2RSHM', 'UCS-MR-X64G4RS-H', 'UCS-MR-X16G1RSHM', 'UCS-MR-X16G1RT-H', 'UCS-MR-X64G2RW1', 'UCS-MR-X32G2RSHS']","['UCS-SD16TK3X-EP=', 'UCS-SD800GBKNK9=', 'UCS-SD38T6I1X-EV=', 'UCS-SD19T63X-EP', 'UCS-SD32TK3X-EP=', 'UCS-SD16T61X-EV', 'UCS-SD38TBE1NK9', 'UCS-SD16TB12TX-EP', 'UCS-SD480G121X-EV', 'UCS-SD400H123X-EP', 'UCS-SD76TBKNK9=', 'UCS-SD38T61X-EV', 'UCS-SD76TK1X-EV=', 'UCS-SD32TKA3X-EP', 'UCS-SD480G2HNK9', 'UCS-SD960GBM2NK9', 'UCS-SD38T6S1X-EV=', 'UCS-SD38TH61X-EV', 'UCS-SD38TM1X-EV', 'UCS-SD38TBHTNK9', 'UCS-SD76TBEM2NK9', 'UCS-SD38TK1X-EV', 'UCS-SD240G61X-EV', 'UCS-SD800GBKNK9', 'UCS-SD76TK1X-EV', 'UCS-SD16T123X-EP', 'UCS-SD960GK1X-EV=', 'UCS-SD800GBCNK9', 'UCS-SD76T6S1X-EV', 'UCS-SD32T123X-EP', 'UCS-SD19T6S1X-EV=', 'UCS-SD960G121X-EV', 'UCS-SD120GM1X-EV=', 'UCS-SD480G63X-EP=', 'UCS-SD960G6I1X-EV', 'UCS-SD480G61X-EV', 'UCS-SD38TB121X-EV', 'UCS-SD800G123X-EP', 'UCS-SD600GBE3NK9', 'UCS-SD800GBENK9', 'UCS-SD800GK3X-EP=', 'UCS-SD15TK1X-EV', 'UCS-SD960G63X-EP=', 'UCS-SD76T61X-EV', 'UCS-SD960GBHTNK9', 'UCS-SD38T2HTNK9', 'UCS-SD16TBENK9', 'UCS-SD800G12TX-EP', 'UCS-SD480G6I1X-EV=', 'UCS-SD32TK3X-EP', 'UCS-SD38TBKNK9=', 'UCS-SD240GBE1NK9', 'UCS-SD38T6I1X-EV', 'UCS-SD960GK1X-EV', 'UCS-SD76T6S1X-EV=', 'UCS-SD480GBHTNK9', 'UCS-SD960GH61X-EV', 'UCS-SD16TBHNK9', 'UCS-SD960GBKNK9=', 'UCS-SD16TM1X-EV', 'UCS-SD19T63X-EP=', 'UCS-SD480G63X-EP', 'UCS-SD76TM1X-EV', 'UCS-SD480GH61X-EV', 'UCS-SD19T61X-EV', 'UCS-SD76TBKNK9', 'UCS-SD960G63X-EP', 'UCS-SD19TB121X-EV', 'UCS-SD32H123X-EP', 'UCS-SD16TK3X-EP', 'UCS-SD960G6S1X-EV', 'UCS-SD120GM1X-EV', 'UCS-SD38TBKNK9', 'UCS-SD960G6S1X-EV=', 'UCS-SD400G123X-EP', 'UCS-SD240GM1X-EV', 'UCS-SD480GM1X-EV', 'UCS-SD960GBE1NK9', 'UCS-SD960G61X-EV', 'UCS-SD960G2HTNK9', 'UCS-SD150G61X-EV', 'UCS-SD16TBKNK9', 'UCS-SD38TK1X-EV=', 'UCS-SD16H123X-EP', 'UCS-SD480G6I1X-EV', 'UCS-SD400G12TX-EP', 'UCS-SD800H123X-EP', 'UCS-SD16TBKNK9=', 'UCS-SD19TK1X-EV', 'UCS-SD800GK3X-EP', 'UCS-SD960GBKNK9', 'UCS-SD400GBENK9', 'UCS-SD19T6S1X-EV', 'UCS-SD19TK1X-EV=', 'UCS-SD960G6I1X-EV=', 'UCS-SD19T61X-EV=', 'UCS-SD800GBHNK9', 'UCS-SD38T6S1X-EV', 'UCS-SD400GBHNK9', 'UCS-SD15TK1X-EV=', 'UCS-SD19TH61X-EV']","['UCS-HD16TW7KL4KN', 'UCS-HD600G15NK9=', 'UCS-HD1T7K12N=', 'UCS-HD14TW7KL4KN', 'UCS-HD900G15K12N', 'UCS-HD6T7KL4KN=', 'UCS-HD18TB10K4KN=', 'UCS-HD12T7KL4KN', 'UCS-HD24TB10K4KN', 'UCS-HD2T7K12N', 'UCS-HD12T7KL6GN', 'UCS-HD20TW7KL4KN=', 'UCS-HD300G10NK9', 'UCS-HD12T7KL6GN=', 'UCS-HD4T7KL12N=', 'UCS-HD1T7K12N', 'UCS-HD10T7K6GAN=', 'UCS-HD10T7KL4KN', 'UCS-HD1T7KL12N', 'UCS-HD18T10NK9=', 'UCS-HD14TT7KL4KN', 'UCS-HD2T7KL12N=', 'UCS-HD2T7KL6GN', 'UCS-HD300G15K12N=', 'UCS-HD12T10NK9', 'UCS-HD12TB10K12N', 'UCS-HD4T7KL6GN', 'UCS-HD8T7KL4KN', 'UCS-HD24T10NK9', 'UCS-HD600G10K12N=', 'UCS-HD6T7KL6GN', 'UCS-HD12T10NK9=', 'UCS-HD8T7K4KAN', 'UCS-HD600G10K12N', 'UCS-HD600G15NK9', 'UCS-HD6T7KL4KN', 'UCS-HD8T7K6GAN', 'UCS-HD10T7K6GAN', 'UCS-HD600G15K12N=', 'UCS-HD10T7KLEM', 'UCS-HD18TB10K4KN', 'UCS-HD600G15K12N', 'UCS-HD300G10K12N=', 'UCS-HD10T7K4KAN', 'UCS-HD300G15K12N', 'UCS-HD18T10NK9', 'UCS-HD12TB10K12N=', 'UCS-HD6T12GANK9=', 'UCS-HD12T7KL4NK9=', 'UCS-HD24T10NK9=', 'UCS-HD4T12GNK9=', 'UCS-HD300G10K12N', 'UCS-HD20TW7KL4KN', 'UCS-HD12T7KL4KN=', 'UCS-HD10T7KL6GN', 'UCS-HD1T7K6GAN=', 'UCS-HD4T7KL12N', 'UCS-HD1T7K6GAN', 'UCS-HD1T7KL6GN', 'UCS-HD12T7KL4NK9', 'UCS-HD900G15K12N=', 'UCS-HD18TW7KL4KN', 'UCS-HD8T7K4KAN=', 'UCS-HD8T7K6GAN=', 'UCS-HD22TW7KL4KN', 'UCS-HD2T7KL12N', 'UCS-HD16T7KL4KN', 'UCS-HD6T12GANK9', 'UCS-HD24TB10K4KN=', 'UCS-HD14TW7KL4KN=', 'UCS-HD14T7KL4KN=', 'UCS-HD22TW7KL4KN=', 'UCS-HD14T7KL4KN', 'UCS-HD2T7K12N=', 'UCS-HD4T12GNK9']",64GB,2933,2,4,DDR4,RDIMM,ECC,1.2V,STD,1,,,is_encoded,c240m5-lff-specsheet.pdf,https://www.cisco.com/c/dam/en/us/products/collateral/servers-unified-computing/ucs-c-series-rack-servers/c240m5-lff-specsheet.pdf,https://www.cisco.com/c/dam/en/us/products/collateral/servers-unified-computing/ucs-c-series-rack-servers/c240m5-lff-specsheet.pdf,,,64D4ER24293312S1,2Rx4,"('1Rx4', '2Rx4', '8Rx4')",,,,
Cisco,UCS-MR-X32G2RW,Cisco UCS C240 M5 LFF Rack Server,Cisco,UCS,C240 M5 LFF,UCS-MR-X32G2RW1 32 GB DDR4-3200MHz RDIMM 2Rx4 (8Gb) 1.2 V 2,['24'],,,,,,memory,"['6226', '6238', '6246R', '4215', '8276L', '6240R', '5222', '6242R', '6226R', '6230R', '4215R', '8260M', '8276', '5218B', '6262V', '8260L', '8280M', '8260', '8280L', '6240Y', '6240M', '8268', '5218R', '6250', '4216', '6246', '8270', '6252N', '6258R', '4214R', '6244', '6240', '5215M', '4214', '8280', '5218N', '5217', '5220R', '5218', '5220', '8276M', '6238M', '6240L', '6254', '8253', '4214Y', '6252', '6242', '5220S', '4210', '6248', '6230', '6238R', '5215', '8260Y', '6222V', '4210R', '3206R', '6230N', '3204', '6234', '6238L', '4208', '6256', '6248R', '5215L']","['UCS-MR-128G8RS-H', 'UCS-MR-X64G2RT-H=', 'UCS-MR-X32G2RT-H', 'UCS-MR-X16G1RS-H', 'UCS-MR-X16G1RW1', 'UCS-MR-X64G2RT-H', 'UCS-MR-X32G2RS-H', 'UCS-MR-X8G1RS-H', 'UCS-MR-X32G2RW1', 'UCS-MR-X16G2RS-H', 'UCS-MR-X32G2RSHM', 'UCS-MR-X64G4RS-H', 'UCS-MR-X16G1RSHM', 'UCS-MR-X16G1RT-H', 'UCS-MR-X64G2RW1', 'UCS-MR-X32G2RSHS']","['UCS-SD16TK3X-EP=', 'UCS-SD800GBKNK9=', 'UCS-SD38T6I1X-EV=', 'UCS-SD19T63X-EP', 'UCS-SD32TK3X-EP=', 'UCS-SD16T61X-EV', 'UCS-SD38TBE1NK9', 'UCS-SD16TB12TX-EP', 'UCS-SD480G121X-EV', 'UCS-SD400H123X-EP', 'UCS-SD76TBKNK9=', 'UCS-SD38T61X-EV', 'UCS-SD76TK1X-EV=', 'UCS-SD32TKA3X-EP', 'UCS-SD480G2HNK9', 'UCS-SD960GBM2NK9', 'UCS-SD38T6S1X-EV=', 'UCS-SD38TH61X-EV', 'UCS-SD38TM1X-EV', 'UCS-SD38TBHTNK9', 'UCS-SD76TBEM2NK9', 'UCS-SD38TK1X-EV', 'UCS-SD240G61X-EV', 'UCS-SD800GBKNK9', 'UCS-SD76TK1X-EV', 'UCS-SD16T123X-EP', 'UCS-SD960GK1X-EV=', 'UCS-SD800GBCNK9', 'UCS-SD76T6S1X-EV', 'UCS-SD32T123X-EP', 'UCS-SD19T6S1X-EV=', 'UCS-SD960G121X-EV', 'UCS-SD120GM1X-EV=', 'UCS-SD480G63X-EP=', 'UCS-SD960G6I1X-EV', 'UCS-SD480G61X-EV', 'UCS-SD38TB121X-EV', 'UCS-SD800G123X-EP', 'UCS-SD600GBE3NK9', 'UCS-SD800GBENK9', 'UCS-SD800GK3X-EP=', 'UCS-SD15TK1X-EV', 'UCS-SD960G63X-EP=', 'UCS-SD76T61X-EV', 'UCS-SD960GBHTNK9', 'UCS-SD38T2HTNK9', 'UCS-SD16TBENK9', 'UCS-SD800G12TX-EP', 'UCS-SD480G6I1X-EV=', 'UCS-SD32TK3X-EP', 'UCS-SD38TBKNK9=', 'UCS-SD240GBE1NK9', 'UCS-SD38T6I1X-EV', 'UCS-SD960GK1X-EV', 'UCS-SD76T6S1X-EV=', 'UCS-SD480GBHTNK9', 'UCS-SD960GH61X-EV', 'UCS-SD16TBHNK9', 'UCS-SD960GBKNK9=', 'UCS-SD16TM1X-EV', 'UCS-SD19T63X-EP=', 'UCS-SD480G63X-EP', 'UCS-SD76TM1X-EV', 'UCS-SD480GH61X-EV', 'UCS-SD19T61X-EV', 'UCS-SD76TBKNK9', 'UCS-SD960G63X-EP', 'UCS-SD19TB121X-EV', 'UCS-SD32H123X-EP', 'UCS-SD16TK3X-EP', 'UCS-SD960G6S1X-EV', 'UCS-SD120GM1X-EV', 'UCS-SD38TBKNK9', 'UCS-SD960G6S1X-EV=', 'UCS-SD400G123X-EP', 'UCS-SD240GM1X-EV', 'UCS-SD480GM1X-EV', 'UCS-SD960GBE1NK9', 'UCS-SD960G61X-EV', 'UCS-SD960G2HTNK9', 'UCS-SD150G61X-EV', 'UCS-SD16TBKNK9', 'UCS-SD38TK1X-EV=', 'UCS-SD16H123X-EP', 'UCS-SD480G6I1X-EV', 'UCS-SD400G12TX-EP', 'UCS-SD800H123X-EP', 'UCS-SD16TBKNK9=', 'UCS-SD19TK1X-EV', 'UCS-SD800GK3X-EP', 'UCS-SD960GBKNK9', 'UCS-SD400GBENK9', 'UCS-SD19T6S1X-EV', 'UCS-SD19TK1X-EV=', 'UCS-SD960G6I1X-EV=', 'UCS-SD19T61X-EV=', 'UCS-SD800GBHNK9', 'UCS-SD38T6S1X-EV', 'UCS-SD400GBHNK9', 'UCS-SD15TK1X-EV=', 'UCS-SD19TH61X-EV']","['UCS-HD16TW7KL4KN', 'UCS-HD600G15NK9=', 'UCS-HD1T7K12N=', 'UCS-HD14TW7KL4KN', 'UCS-HD900G15K12N', 'UCS-HD6T7KL4KN=', 'UCS-HD18TB10K4KN=', 'UCS-HD12T7KL4KN', 'UCS-HD24TB10K4KN', 'UCS-HD2T7K12N', 'UCS-HD12T7KL6GN', 'UCS-HD20TW7KL4KN=', 'UCS-HD300G10NK9', 'UCS-HD12T7KL6GN=', 'UCS-HD4T7KL12N=', 'UCS-HD1T7K12N', 'UCS-HD10T7K6GAN=', 'UCS-HD10T7KL4KN', 'UCS-HD1T7KL12N', 'UCS-HD18T10NK9=', 'UCS-HD14TT7KL4KN', 'UCS-HD2T7KL12N=', 'UCS-HD2T7KL6GN', 'UCS-HD300G15K12N=', 'UCS-HD12T10NK9', 'UCS-HD12TB10K12N', 'UCS-HD4T7KL6GN', 'UCS-HD8T7KL4KN', 'UCS-HD24T10NK9', 'UCS-HD600G10K12N=', 'UCS-HD6T7KL6GN', 'UCS-HD12T10NK9=', 'UCS-HD8T7K4KAN', 'UCS-HD600G10K12N', 'UCS-HD600G15NK9', 'UCS-HD6T7KL4KN', 'UCS-HD8T7K6GAN', 'UCS-HD10T7K6GAN', 'UCS-HD600G15K12N=', 'UCS-HD10T7KLEM', 'UCS-HD18TB10K4KN', 'UCS-HD600G15K12N', 'UCS-HD300G10K12N=', 'UCS-HD10T7K4KAN', 'UCS-HD300G15K12N', 'UCS-HD18T10NK9', 'UCS-HD12TB10K12N=', 'UCS-HD6T12GANK9=', 'UCS-HD12T7KL4NK9=', 'UCS-HD24T10NK9=', 'UCS-HD4T12GNK9=', 'UCS-HD300G10K12N', 'UCS-HD20TW7KL4KN', 'UCS-HD12T7KL4KN=', 'UCS-HD10T7KL6GN', 'UCS-HD1T7K6GAN=', 'UCS-HD4T7KL12N', 'UCS-HD1T7K6GAN', 'UCS-HD1T7KL6GN', 'UCS-HD12T7KL4NK9', 'UCS-HD900G15K12N=', 'UCS-HD18TW7KL4KN', 'UCS-HD8T7K4KAN=', 'UCS-HD8T7K6GAN=', 'UCS-HD22TW7KL4KN', 'UCS-HD2T7KL12N', 'UCS-HD16T7KL4KN', 'UCS-HD6T12GANK9', 'UCS-HD24TB10K4KN=', 'UCS-HD14TW7KL4KN=', 'UCS-HD14T7KL4KN=', 'UCS-HD22TW7KL4KN=', 'UCS-HD14T7KL4KN', 'UCS-HD2T7K12N=', 'UCS-HD4T12GNK9']",32GB,3200,2,4,DDR4,RDIMM,ECC,1.2V,STD,1,,,is_encoded,c240m5-lff-specsheet.pdf,https://www.cisco.com/c/dam/en/us/products/collateral/servers-unified-computing/ucs-c-series-rack-servers/c240m5-lff-specsheet.pdf,https://www.cisco.com/c/dam/en/us/products/collateral/servers-unified-computing/ucs-c-series-rack-servers/c240m5-lff-specsheet.pdf,,,32D4ER24320012S1,2Rx4,"('1Rx4', '2Rx4', '8Rx4')",,,,
Cisco,UCS-MR-X32G2RT-H,Cisco UCS C240 M5 LFF Rack Server,Cisco,UCS,C240 M5 LFF,UCS-MR-X32G2RT-H 32GB DDR4-2933MHz RDIMM 2Rx4 (8Gb)/1.2v,['24'],,,,,,memory,"['6226', '6238', '6246R', '4215', '8276L', '6240R', '5222', '6242R', '6226R', '6230R', '4215R', '8260M', '8276', '5218B', '6262V', '8260L', '8280M', '8260', '8280L', '6240Y', '6240M', '8268', '5218R', '6250', '4216', '6246', '8270', '6252N', '6258R', '4214R', '6244', '6240', '5215M', '4214', '8280', '5218N', '5217', '5220R', '5218', '5220', '8276M', '6238M', '6240L', '6254', '8253', '4214Y', '6252', '6242', '5220S', '4210', '6248', '6230', '6238R', '5215', '8260Y', '6222V', '4210R', '3206R', '6230N', '3204', '6234', '6238L', '4208', '6256', '6248R', '5215L']","['UCS-MR-128G8RS-H', 'UCS-MR-X64G2RT-H=', 'UCS-MR-X32G2RT-H', 'UCS-MR-X16G1RS-H', 'UCS-MR-X16G1RW1', 'UCS-MR-X64G2RT-H', 'UCS-MR-X32G2RS-H', 'UCS-MR-X8G1RS-H', 'UCS-MR-X32G2RW1', 'UCS-MR-X16G2RS-H', 'UCS-MR-X32G2RSHM', 'UCS-MR-X64G4RS-H', 'UCS-MR-X16G1RSHM', 'UCS-MR-X16G1RT-H', 'UCS-MR-X64G2RW1', 'UCS-MR-X32G2RSHS']","['UCS-SD16TK3X-EP=', 'UCS-SD800GBKNK9=', 'UCS-SD38T6I1X-EV=', 'UCS-SD19T63X-EP', 'UCS-SD32TK3X-EP=', 'UCS-SD16T61X-EV', 'UCS-SD38TBE1NK9', 'UCS-SD16TB12TX-EP', 'UCS-SD480G121X-EV', 'UCS-SD400H123X-EP', 'UCS-SD76TBKNK9=', 'UCS-SD38T61X-EV', 'UCS-SD76TK1X-EV=', 'UCS-SD32TKA3X-EP', 'UCS-SD480G2HNK9', 'UCS-SD960GBM2NK9', 'UCS-SD38T6S1X-EV=', 'UCS-SD38TH61X-EV', 'UCS-SD38TM1X-EV', 'UCS-SD38TBHTNK9', 'UCS-SD76TBEM2NK9', 'UCS-SD38TK1X-EV', 'UCS-SD240G61X-EV', 'UCS-SD800GBKNK9', 'UCS-SD76TK1X-EV', 'UCS-SD16T123X-EP', 'UCS-SD960GK1X-EV=', 'UCS-SD800GBCNK9', 'UCS-SD76T6S1X-EV', 'UCS-SD32T123X-EP', 'UCS-SD19T6S1X-EV=', 'UCS-SD960G121X-EV', 'UCS-SD120GM1X-EV=', 'UCS-SD480G63X-EP=', 'UCS-SD960G6I1X-EV', 'UCS-SD480G61X-EV', 'UCS-SD38TB121X-EV', 'UCS-SD800G123X-EP', 'UCS-SD600GBE3NK9', 'UCS-SD800GBENK9', 'UCS-SD800GK3X-EP=', 'UCS-SD15TK1X-EV', 'UCS-SD960G63X-EP=', 'UCS-SD76T61X-EV', 'UCS-SD960GBHTNK9', 'UCS-SD38T2HTNK9', 'UCS-SD16TBENK9', 'UCS-SD800G12TX-EP', 'UCS-SD480G6I1X-EV=', 'UCS-SD32TK3X-EP', 'UCS-SD38TBKNK9=', 'UCS-SD240GBE1NK9', 'UCS-SD38T6I1X-EV', 'UCS-SD960GK1X-EV', 'UCS-SD76T6S1X-EV=', 'UCS-SD480GBHTNK9', 'UCS-SD960GH61X-EV', 'UCS-SD16TBHNK9', 'UCS-SD960GBKNK9=', 'UCS-SD16TM1X-EV', 'UCS-SD19T63X-EP=', 'UCS-SD480G63X-EP', 'UCS-SD76TM1X-EV', 'UCS-SD480GH61X-EV', 'UCS-SD19T61X-EV', 'UCS-SD76TBKNK9', 'UCS-SD960G63X-EP', 'UCS-SD19TB121X-EV', 'UCS-SD32H123X-EP', 'UCS-SD16TK3X-EP', 'UCS-SD960G6S1X-EV', 'UCS-SD120GM1X-EV', 'UCS-SD38TBKNK9', 'UCS-SD960G6S1X-EV=', 'UCS-SD400G123X-EP', 'UCS-SD240GM1X-EV', 'UCS-SD480GM1X-EV', 'UCS-SD960GBE1NK9', 'UCS-SD960G61X-EV', 'UCS-SD960G2HTNK9', 'UCS-SD150G61X-EV', 'UCS-SD16TBKNK9', 'UCS-SD38TK1X-EV=', 'UCS-SD16H123X-EP', 'UCS-SD480G6I1X-EV', 'UCS-SD400G12TX-EP', 'UCS-SD800H123X-EP', 'UCS-SD16TBKNK9=', 'UCS-SD19TK1X-EV', 'UCS-SD800GK3X-EP', 'UCS-SD960GBKNK9', 'UCS-SD400GBENK9', 'UCS-SD19T6S1X-EV', 'UCS-SD19TK1X-EV=', 'UCS-SD960G6I1X-EV=', 'UCS-SD19T61X-EV=', 'UCS-SD800GBHNK9', 'UCS-SD38T6S1X-EV', 'UCS-SD400GBHNK9', 'UCS-SD15TK1X-EV=', 'UCS-SD19TH61X-EV']","['UCS-HD16TW7KL4KN', 'UCS-HD600G15NK9=', 'UCS-HD1T7K12N=', 'UCS-HD14TW7KL4KN', 'UCS-HD900G15K12N', 'UCS-HD6T7KL4KN=', 'UCS-HD18TB10K4KN=', 'UCS-HD12T7KL4KN', 'UCS-HD24TB10K4KN', 'UCS-HD2T7K12N', 'UCS-HD12T7KL6GN', 'UCS-HD20TW7KL4KN=', 'UCS-HD300G10NK9', 'UCS-HD12T7KL6GN=', 'UCS-HD4T7KL12N=', 'UCS-HD1T7K12N', 'UCS-HD10T7K6GAN=', 'UCS-HD10T7KL4KN', 'UCS-HD1T7KL12N', 'UCS-HD18T10NK9=', 'UCS-HD14TT7KL4KN', 'UCS-HD2T7KL12N=', 'UCS-HD2T7KL6GN', 'UCS-HD300G15K12N=', 'UCS-HD12T10NK9', 'UCS-HD12TB10K12N', 'UCS-HD4T7KL6GN', 'UCS-HD8T7KL4KN', 'UCS-HD24T10NK9', 'UCS-HD600G10K12N=', 'UCS-HD6T7KL6GN', 'UCS-HD12T10NK9=', 'UCS-HD8T7K4KAN', 'UCS-HD600G10K12N', 'UCS-HD600G15NK9', 'UCS-HD6T7KL4KN', 'UCS-HD8T7K6GAN', 'UCS-HD10T7K6GAN', 'UCS-HD600G15K12N=', 'UCS-HD10T7KLEM', 'UCS-HD18TB10K4KN', 'UCS-HD600G15K12N', 'UCS-HD300G10K12N=', 'UCS-HD10T7K4KAN', 'UCS-HD300G15K12N', 'UCS-HD18T10NK9', 'UCS-HD12TB10K12N=', 'UCS-HD6T12GANK9=', 'UCS-HD12T7KL4NK9=', 'UCS-HD24T10NK9=', 'UCS-HD4T12GNK9=', 'UCS-HD300G10K12N', 'UCS-HD20TW7KL4KN', 'UCS-HD12T7KL4KN=', 'UCS-HD10T7KL6GN', 'UCS-HD1T7K6GAN=', 'UCS-HD4T7KL12N', 'UCS-HD1T7K6GAN', 'UCS-HD1T7KL6GN', 'UCS-HD12T7KL4NK9', 'UCS-HD900G15K12N=', 'UCS-HD18TW7KL4KN', 'UCS-HD8T7K4KAN=', 'UCS-HD8T7K6GAN=', 'UCS-HD22TW7KL4KN', 'UCS-HD2T7KL12N', 'UCS-HD16T7KL4KN', 'UCS-HD6T12GANK9', 'UCS-HD24TB10K4KN=', 'UCS-HD14TW7KL4KN=', 'UCS-HD14T7KL4KN=', 'UCS-HD22TW7KL4KN=', 'UCS-HD14T7KL4KN', 'UCS-HD2T7K12N=', 'UCS-HD4T12GNK9']",32GB,2933,2,4,DDR4,RDIMM,ECC,1.2V,STD,1,,,is_encoded,c240m5-lff-specsheet.pdf,https://www.cisco.com/c/dam/en/us/products/collateral/servers-unified-computing/ucs-c-series-rack-servers/c240m5-lff-specsheet.pdf,https://www.cisco.com/c/dam/en/us/products/collateral/servers-unified-computing/ucs-c-series-rack-servers/c240m5-lff-specsheet.pdf,,,32D4ER24293312S1,2Rx4,"('1Rx4', '2Rx4', '8Rx4')",,,,
Cisco,UCS-MR-X32G2RS-H,Cisco UCS C240 M5 LFF Rack Server,Cisco,UCS,C240 M5 LFF,UCS-MR-X32G2RS-H 32GB DDR4-2666-MHz RDIMM/PC4-21300/dual rank/x4/1.2v,['24'],,,,,,memory,"['6226', '6238', '6246R', '4215', '8276L', '6240R', '5222', '6242R', '6226R', '6230R', '4215R', '8260M', '8276', '5218B', '6262V', '8260L', '8280M', '8260', '8280L', '6240Y', '6240M', '8268', '5218R', '6250', '4216', '6246', '8270', '6252N', '6258R', '4214R', '6244', '6240', '5215M', '4214', '8280', '5218N', '5217', '5220R', '5218', '5220', '8276M', '6238M', '6240L', '6254', '8253', '4214Y', '6252', '6242', '5220S', '4210', '6248', '6230', '6238R', '5215', '8260Y', '6222V', '4210R', '3206R', '6230N', '3204', '6234', '6238L', '4208', '6256', '6248R', '5215L']","['UCS-MR-128G8RS-H', 'UCS-MR-X64G2RT-H=', 'UCS-MR-X32G2RT-H', 'UCS-MR-X16G1RS-H', 'UCS-MR-X16G1RW1', 'UCS-MR-X64G2RT-H', 'UCS-MR-X32G2RS-H', 'UCS-MR-X8G1RS-H', 'UCS-MR-X32G2RW1', 'UCS-MR-X16G2RS-H', 'UCS-MR-X32G2RSHM', 'UCS-MR-X64G4RS-H', 'UCS-MR-X16G1RSHM', 'UCS-MR-X16G1RT-H', 'UCS-MR-X64G2RW1', 'UCS-MR-X32G2RSHS']","['UCS-SD16TK3X-EP=', 'UCS-SD800GBKNK9=', 'UCS-SD38T6I1X-EV=', 'UCS-SD19T63X-EP', 'UCS-SD32TK3X-EP=', 'UCS-SD16T61X-EV', 'UCS-SD38TBE1NK9', 'UCS-SD16TB12TX-EP', 'UCS-SD480G121X-EV', 'UCS-SD400H123X-EP', 'UCS-SD76TBKNK9=', 'UCS-SD38T61X-EV', 'UCS-SD76TK1X-EV=', 'UCS-SD32TKA3X-EP', 'UCS-SD480G2HNK9', 'UCS-SD960GBM2NK9', 'UCS-SD38T6S1X-EV=', 'UCS-SD38TH61X-EV', 'UCS-SD38TM1X-EV', 'UCS-SD38TBHTNK9', 'UCS-SD76TBEM2NK9', 'UCS-SD38TK1X-EV', 'UCS-SD240G61X-EV', 'UCS-SD800GBKNK9', 'UCS-SD76TK1X-EV', 'UCS-SD16T123X-EP', 'UCS-SD960GK1X-EV=', 'UCS-SD800GBCNK9', 'UCS-SD76T6S1X-EV', 'UCS-SD32T123X-EP', 'UCS-SD19T6S1X-EV=', 'UCS-SD960G121X-EV', 'UCS-SD120GM1X-EV=', 'UCS-SD480G63X-EP=', 'UCS-SD960G6I1X-EV', 'UCS-SD480G61X-EV', 'UCS-SD38TB121X-EV', 'UCS-SD800G123X-EP', 'UCS-SD600GBE3NK9', 'UCS-SD800GBENK9', 'UCS-SD800GK3X-EP=', 'UCS-SD15TK1X-EV', 'UCS-SD960G63X-EP=', 'UCS-SD76T61X-EV', 'UCS-SD960GBHTNK9', 'UCS-SD38T2HTNK9', 'UCS-SD16TBENK9', 'UCS-SD800G12TX-EP', 'UCS-SD480G6I1X-EV=', 'UCS-SD32TK3X-EP', 'UCS-SD38TBKNK9=', 'UCS-SD240GBE1NK9', 'UCS-SD38T6I1X-EV', 'UCS-SD960GK1X-EV', 'UCS-SD76T6S1X-EV=', 'UCS-SD480GBHTNK9', 'UCS-SD960GH61X-EV', 'UCS-SD16TBHNK9', 'UCS-SD960GBKNK9=', 'UCS-SD16TM1X-EV', 'UCS-SD19T63X-EP=', 'UCS-SD480G63X-EP', 'UCS-SD76TM1X-EV', 'UCS-SD480GH61X-EV', 'UCS-SD19T61X-EV', 'UCS-SD76TBKNK9', 'UCS-SD960G63X-EP', 'UCS-SD19TB121X-EV', 'UCS-SD32H123X-EP', 'UCS-SD16TK3X-EP', 'UCS-SD960G6S1X-EV', 'UCS-SD120GM1X-EV', 'UCS-SD38TBKNK9', 'UCS-SD960G6S1X-EV=', 'UCS-SD400G123X-EP', 'UCS-SD240GM1X-EV', 'UCS-SD480GM1X-EV', 'UCS-SD960GBE1NK9', 'UCS-SD960G61X-EV', 'UCS-SD960G2HTNK9', 'UCS-SD150G61X-EV', 'UCS-SD16TBKNK9', 'UCS-SD38TK1X-EV=', 'UCS-SD16H123X-EP', 'UCS-SD480G6I1X-EV', 'UCS-SD400G12TX-EP', 'UCS-SD800H123X-EP', 'UCS-SD16TBKNK9=', 'UCS-SD19TK1X-EV', 'UCS-SD800GK3X-EP', 'UCS-SD960GBKNK9', 'UCS-SD400GBENK9', 'UCS-SD19T6S1X-EV', 'UCS-SD19TK1X-EV=', 'UCS-SD960G6I1X-EV=', 'UCS-SD19T61X-EV=', 'UCS-SD800GBHNK9', 'UCS-SD38T6S1X-EV', 'UCS-SD400GBHNK9', 'UCS-SD15TK1X-EV=', 'UCS-SD19TH61X-EV']","['UCS-HD16TW7KL4KN', 'UCS-HD600G15NK9=', 'UCS-HD1T7K12N=', 'UCS-HD14TW7KL4KN', 'UCS-HD900G15K12N', 'UCS-HD6T7KL4KN=', 'UCS-HD18TB10K4KN=', 'UCS-HD12T7KL4KN', 'UCS-HD24TB10K4KN', 'UCS-HD2T7K12N', 'UCS-HD12T7KL6GN', 'UCS-HD20TW7KL4KN=', 'UCS-HD300G10NK9', 'UCS-HD12T7KL6GN=', 'UCS-HD4T7KL12N=', 'UCS-HD1T7K12N', 'UCS-HD10T7K6GAN=', 'UCS-HD10T7KL4KN', 'UCS-HD1T7KL12N', 'UCS-HD18T10NK9=', 'UCS-HD14TT7KL4KN', 'UCS-HD2T7KL12N=', 'UCS-HD2T7KL6GN', 'UCS-HD300G15K12N=', 'UCS-HD12T10NK9', 'UCS-HD12TB10K12N', 'UCS-HD4T7KL6GN', 'UCS-HD8T7KL4KN', 'UCS-HD24T10NK9', 'UCS-HD600G10K12N=', 'UCS-HD6T7KL6GN', 'UCS-HD12T10NK9=', 'UCS-HD8T7K4KAN', 'UCS-HD600G10K12N', 'UCS-HD600G15NK9', 'UCS-HD6T7KL4KN', 'UCS-HD8T7K6GAN', 'UCS-HD10T7K6GAN', 'UCS-HD600G15K12N=', 'UCS-HD10T7KLEM', 'UCS-HD18TB10K4KN', 'UCS-HD600G15K12N', 'UCS-HD300G10K12N=', 'UCS-HD10T7K4KAN', 'UCS-HD300G15K12N', 'UCS-HD18T10NK9', 'UCS-HD12TB10K12N=', 'UCS-HD6T12GANK9=', 'UCS-HD12T7KL4NK9=', 'UCS-HD24T10NK9=', 'UCS-HD4T12GNK9=', 'UCS-HD300G10K12N', 'UCS-HD20TW7KL4KN', 'UCS-HD12T7KL4KN=', 'UCS-HD10T7KL6GN', 'UCS-HD1T7K6GAN=', 'UCS-HD4T7KL12N', 'UCS-HD1T7K6GAN', 'UCS-HD1T7KL6GN', 'UCS-HD12T7KL4NK9', 'UCS-HD900G15K12N=', 'UCS-HD18TW7KL4KN', 'UCS-HD8T7K4KAN=', 'UCS-HD8T7K6GAN=', 'UCS-HD22TW7KL4KN', 'UCS-HD2T7KL12N', 'UCS-HD16T7KL4KN', 'UCS-HD6T12GANK9', 'UCS-HD24TB10K4KN=', 'UCS-HD14TW7KL4KN=', 'UCS-HD14T7KL4KN=', 'UCS-HD22TW7KL4KN=', 'UCS-HD14T7KL4KN', 'UCS-HD2T7K12N=', 'UCS-HD4T12GNK9']",32GB,2666,2,4,DDR4,RDIMM,ECC,1.2V,STD,1,,,is_encoded,c240m5-lff-specsheet.pdf,https://www.cisco.com/c/dam/en/us/products/collateral/servers-unified-computing/ucs-c-series-rack-servers/c240m5-lff-specsheet.pdf,https://www.cisco.com/c/dam/en/us/products/collateral/servers-unified-computing/ucs-c-series-rack-servers/c240m5-lff-specsheet.pdf,,,32D4ER24266612S1,2Rx4,"('1Rx4', '2Rx4', '8Rx4')",,,,
Cisco,UCS-MR-X32G2RSHM,Cisco UCS C240 M5 LFF Rack Server,Cisco,UCS,C240 M5 LFF,UCS-MR-X32G2RSHM 32GB DDR4-2666-MHz RDIMM/dual rank/x4/1.2v. Micron only,['24'],,,,,,memory,"['6226', '6238', '6246R', '4215', '8276L', '6240R', '5222', '6242R', '6226R', '6230R', '4215R', '8260M', '8276', '5218B', '6262V', '8260L', '8280M', '8260', '8280L', '6240Y', '6240M', '8268', '5218R', '6250', '4216', '6246', '8270', '6252N', '6258R', '4214R', '6244', '6240', '5215M', '4214', '8280', '5218N', '5217', '5220R', '5218', '5220', '8276M', '6238M', '6240L', '6254', '8253', '4214Y', '6252', '6242', '5220S', '4210', '6248', '6230', '6238R', '5215', '8260Y', '6222V', '4210R', '3206R', '6230N', '3204', '6234', '6238L', '4208', '6256', '6248R', '5215L']","['UCS-MR-128G8RS-H', 'UCS-MR-X64G2RT-H=', 'UCS-MR-X32G2RT-H', 'UCS-MR-X16G1RS-H', 'UCS-MR-X16G1RW1', 'UCS-MR-X64G2RT-H', 'UCS-MR-X32G2RS-H', 'UCS-MR-X8G1RS-H', 'UCS-MR-X32G2RW1', 'UCS-MR-X16G2RS-H', 'UCS-MR-X32G2RSHM', 'UCS-MR-X64G4RS-H', 'UCS-MR-X16G1RSHM', 'UCS-MR-X16G1RT-H', 'UCS-MR-X64G2RW1', 'UCS-MR-X32G2RSHS']","['UCS-SD16TK3X-EP=', 'UCS-SD800GBKNK9=', 'UCS-SD38T6I1X-EV=', 'UCS-SD19T63X-EP', 'UCS-SD32TK3X-EP=', 'UCS-SD16T61X-EV', 'UCS-SD38TBE1NK9', 'UCS-SD16TB12TX-EP', 'UCS-SD480G121X-EV', 'UCS-SD400H123X-EP', 'UCS-SD76TBKNK9=', 'UCS-SD38T61X-EV', 'UCS-SD76TK1X-EV=', 'UCS-SD32TKA3X-EP', 'UCS-SD480G2HNK9', 'UCS-SD960GBM2NK9', 'UCS-SD38T6S1X-EV=', 'UCS-SD38TH61X-EV', 'UCS-SD38TM1X-EV', 'UCS-SD38TBHTNK9', 'UCS-SD76TBEM2NK9', 'UCS-SD38TK1X-EV', 'UCS-SD240G61X-EV', 'UCS-SD800GBKNK9', 'UCS-SD76TK1X-EV', 'UCS-SD16T123X-EP', 'UCS-SD960GK1X-EV=', 'UCS-SD800GBCNK9', 'UCS-SD76T6S1X-EV', 'UCS-SD32T123X-EP', 'UCS-SD19T6S1X-EV=', 'UCS-SD960G121X-EV', 'UCS-SD120GM1X-EV=', 'UCS-SD480G63X-EP=', 'UCS-SD960G6I1X-EV', 'UCS-SD480G61X-EV', 'UCS-SD38TB121X-EV', 'UCS-SD800G123X-EP', 'UCS-SD600GBE3NK9', 'UCS-SD800GBENK9', 'UCS-SD800GK3X-EP=', 'UCS-SD15TK1X-EV', 'UCS-SD960G63X-EP=', 'UCS-SD76T61X-EV', 'UCS-SD960GBHTNK9', 'UCS-SD38T2HTNK9', 'UCS-SD16TBENK9', 'UCS-SD800G12TX-EP', 'UCS-SD480G6I1X-EV=', 'UCS-SD32TK3X-EP', 'UCS-SD38TBKNK9=', 'UCS-SD240GBE1NK9', 'UCS-SD38T6I1X-EV', 'UCS-SD960GK1X-EV', 'UCS-SD76T6S1X-EV=', 'UCS-SD480GBHTNK9', 'UCS-SD960GH61X-EV', 'UCS-SD16TBHNK9', 'UCS-SD960GBKNK9=', 'UCS-SD16TM1X-EV', 'UCS-SD19T63X-EP=', 'UCS-SD480G63X-EP', 'UCS-SD76TM1X-EV', 'UCS-SD480GH61X-EV', 'UCS-SD19T61X-EV', 'UCS-SD76TBKNK9', 'UCS-SD960G63X-EP', 'UCS-SD19TB121X-EV', 'UCS-SD32H123X-EP', 'UCS-SD16TK3X-EP', 'UCS-SD960G6S1X-EV', 'UCS-SD120GM1X-EV', 'UCS-SD38TBKNK9', 'UCS-SD960G6S1X-EV=', 'UCS-SD400G123X-EP', 'UCS-SD240GM1X-EV', 'UCS-SD480GM1X-EV', 'UCS-SD960GBE1NK9', 'UCS-SD960G61X-EV', 'UCS-SD960G2HTNK9', 'UCS-SD150G61X-EV', 'UCS-SD16TBKNK9', 'UCS-SD38TK1X-EV=', 'UCS-SD16H123X-EP', 'UCS-SD480G6I1X-EV', 'UCS-SD400G12TX-EP', 'UCS-SD800H123X-EP', 'UCS-SD16TBKNK9=', 'UCS-SD19TK1X-EV', 'UCS-SD800GK3X-EP', 'UCS-SD960GBKNK9', 'UCS-SD400GBENK9', 'UCS-SD19T6S1X-EV', 'UCS-SD19TK1X-EV=', 'UCS-SD960G6I1X-EV=', 'UCS-SD19T61X-EV=', 'UCS-SD800GBHNK9', 'UCS-SD38T6S1X-EV', 'UCS-SD400GBHNK9', 'UCS-SD15TK1X-EV=', 'UCS-SD19TH61X-EV']","['UCS-HD16TW7KL4KN', 'UCS-HD600G15NK9=', 'UCS-HD1T7K12N=', 'UCS-HD14TW7KL4KN', 'UCS-HD900G15K12N', 'UCS-HD6T7KL4KN=', 'UCS-HD18TB10K4KN=', 'UCS-HD12T7KL4KN', 'UCS-HD24TB10K4KN', 'UCS-HD2T7K12N', 'UCS-HD12T7KL6GN', 'UCS-HD20TW7KL4KN=', 'UCS-HD300G10NK9', 'UCS-HD12T7KL6GN=', 'UCS-HD4T7KL12N=', 'UCS-HD1T7K12N', 'UCS-HD10T7K6GAN=', 'UCS-HD10T7KL4KN', 'UCS-HD1T7KL12N', 'UCS-HD18T10NK9=', 'UCS-HD14TT7KL4KN', 'UCS-HD2T7KL12N=', 'UCS-HD2T7KL6GN', 'UCS-HD300G15K12N=', 'UCS-HD12T10NK9', 'UCS-HD12TB10K12N', 'UCS-HD4T7KL6GN', 'UCS-HD8T7KL4KN', 'UCS-HD24T10NK9', 'UCS-HD600G10K12N=', 'UCS-HD6T7KL6GN', 'UCS-HD12T10NK9=', 'UCS-HD8T7K4KAN', 'UCS-HD600G10K12N', 'UCS-HD600G15NK9', 'UCS-HD6T7KL4KN', 'UCS-HD8T7K6GAN', 'UCS-HD10T7K6GAN', 'UCS-HD600G15K12N=', 'UCS-HD10T7KLEM', 'UCS-HD18TB10K4KN', 'UCS-HD600G15K12N', 'UCS-HD300G10K12N=', 'UCS-HD10T7K4KAN', 'UCS-HD300G15K12N', 'UCS-HD18T10NK9', 'UCS-HD12TB10K12N=', 'UCS-HD6T12GANK9=', 'UCS-HD12T7KL4NK9=', 'UCS-HD24T10NK9=', 'UCS-HD4T12GNK9=', 'UCS-HD300G10K12N', 'UCS-HD20TW7KL4KN', 'UCS-HD12T7KL4KN=', 'UCS-HD10T7KL6GN', 'UCS-HD1T7K6GAN=', 'UCS-HD4T7KL12N', 'UCS-HD1T7K6GAN', 'UCS-HD1T7KL6GN', 'UCS-HD12T7KL4NK9', 'UCS-HD900G15K12N=', 'UCS-HD18TW7KL4KN', 'UCS-HD8T7K4KAN=', 'UCS-HD8T7K6GAN=', 'UCS-HD22TW7KL4KN', 'UCS-HD2T7KL12N', 'UCS-HD16T7KL4KN', 'UCS-HD6T12GANK9', 'UCS-HD24TB10K4KN=', 'UCS-HD14TW7KL4KN=', 'UCS-HD14T7KL4KN=', 'UCS-HD22TW7KL4KN=', 'UCS-HD14T7KL4KN', 'UCS-HD2T7K12N=', 'UCS-HD4T12GNK9']",32GB,2666,2,4,DDR4,RDIMM,ECC,1.2V,STD,1,,,is_encoded,c240m5-lff-specsheet.pdf,https://www.cisco.com/c/dam/en/us/products/collateral/servers-unified-computing/ucs-c-series-rack-servers/c240m5-lff-specsheet.pdf,https://www.cisco.com/c/dam/en/us/products/collateral/servers-unified-computing/ucs-c-series-rack-servers/c240m5-lff-specsheet.pdf,,,32D4ER24266612S1,2Rx4,"('1Rx4', '2Rx4', '8Rx4')",,,,
Cisco,UCS-MR-X32G2RSHS,Cisco UCS C240 M5 LFF Rack Server,Cisco,UCS,C240 M5 LFF,UCS-MR-X32G2RSHS 32GB DDR4-2666-MHz RDIMM/dual rank/x4/1.2v. Samsung only,['24'],,,,,,memory,"['6226', '6238', '6246R', '4215', '8276L', '6240R', '5222', '6242R', '6226R', '6230R', '4215R', '8260M', '8276', '5218B', '6262V', '8260L', '8280M', '8260', '8280L', '6240Y', '6240M', '8268', '5218R', '6250', '4216', '6246', '8270', '6252N', '6258R', '4214R', '6244', '6240', '5215M', '4214', '8280', '5218N', '5217', '5220R', '5218', '5220', '8276M', '6238M', '6240L', '6254', '8253', '4214Y', '6252', '6242', '5220S', '4210', '6248', '6230', '6238R', '5215', '8260Y', '6222V', '4210R', '3206R', '6230N', '3204', '6234', '6238L', '4208', '6256', '6248R', '5215L']","['UCS-MR-128G8RS-H', 'UCS-MR-X64G2RT-H=', 'UCS-MR-X32G2RT-H', 'UCS-MR-X16G1RS-H', 'UCS-MR-X16G1RW1', 'UCS-MR-X64G2RT-H', 'UCS-MR-X32G2RS-H', 'UCS-MR-X8G1RS-H', 'UCS-MR-X32G2RW1', 'UCS-MR-X16G2RS-H', 'UCS-MR-X32G2RSHM', 'UCS-MR-X64G4RS-H', 'UCS-MR-X16G1RSHM', 'UCS-MR-X16G1RT-H', 'UCS-MR-X64G2RW1', 'UCS-MR-X32G2RSHS']","['UCS-SD16TK3X-EP=', 'UCS-SD800GBKNK9=', 'UCS-SD38T6I1X-EV=', 'UCS-SD19T63X-EP', 'UCS-SD32TK3X-EP=', 'UCS-SD16T61X-EV', 'UCS-SD38TBE1NK9', 'UCS-SD16TB12TX-EP', 'UCS-SD480G121X-EV', 'UCS-SD400H123X-EP', 'UCS-SD76TBKNK9=', 'UCS-SD38T61X-EV', 'UCS-SD76TK1X-EV=', 'UCS-SD32TKA3X-EP', 'UCS-SD480G2HNK9', 'UCS-SD960GBM2NK9', 'UCS-SD38T6S1X-EV=', 'UCS-SD38TH61X-EV', 'UCS-SD38TM1X-EV', 'UCS-SD38TBHTNK9', 'UCS-SD76TBEM2NK9', 'UCS-SD38TK1X-EV', 'UCS-SD240G61X-EV', 'UCS-SD800GBKNK9', 'UCS-SD76TK1X-EV', 'UCS-SD16T123X-EP', 'UCS-SD960GK1X-EV=', 'UCS-SD800GBCNK9', 'UCS-SD76T6S1X-EV', 'UCS-SD32T123X-EP', 'UCS-SD19T6S1X-EV=', 'UCS-SD960G121X-EV', 'UCS-SD120GM1X-EV=', 'UCS-SD480G63X-EP=', 'UCS-SD960G6I1X-EV', 'UCS-SD480G61X-EV', 'UCS-SD38TB121X-EV', 'UCS-SD800G123X-EP', 'UCS-SD600GBE3NK9', 'UCS-SD800GBENK9', 'UCS-SD800GK3X-EP=', 'UCS-SD15TK1X-EV', 'UCS-SD960G63X-EP=', 'UCS-SD76T61X-EV', 'UCS-SD960GBHTNK9', 'UCS-SD38T2HTNK9', 'UCS-SD16TBENK9', 'UCS-SD800G12TX-EP', 'UCS-SD480G6I1X-EV=', 'UCS-SD32TK3X-EP', 'UCS-SD38TBKNK9=', 'UCS-SD240GBE1NK9', 'UCS-SD38T6I1X-EV', 'UCS-SD960GK1X-EV', 'UCS-SD76T6S1X-EV=', 'UCS-SD480GBHTNK9', 'UCS-SD960GH61X-EV', 'UCS-SD16TBHNK9', 'UCS-SD960GBKNK9=', 'UCS-SD16TM1X-EV', 'UCS-SD19T63X-EP=', 'UCS-SD480G63X-EP', 'UCS-SD76TM1X-EV', 'UCS-SD480GH61X-EV', 'UCS-SD19T61X-EV', 'UCS-SD76TBKNK9', 'UCS-SD960G63X-EP', 'UCS-SD19TB121X-EV', 'UCS-SD32H123X-EP', 'UCS-SD16TK3X-EP', 'UCS-SD960G6S1X-EV', 'UCS-SD120GM1X-EV', 'UCS-SD38TBKNK9', 'UCS-SD960G6S1X-EV=', 'UCS-SD400G123X-EP', 'UCS-SD240GM1X-EV', 'UCS-SD480GM1X-EV', 'UCS-SD960GBE1NK9', 'UCS-SD960G61X-EV', 'UCS-SD960G2HTNK9', 'UCS-SD150G61X-EV', 'UCS-SD16TBKNK9', 'UCS-SD38TK1X-EV=', 'UCS-SD16H123X-EP', 'UCS-SD480G6I1X-EV', 'UCS-SD400G12TX-EP', 'UCS-SD800H123X-EP', 'UCS-SD16TBKNK9=', 'UCS-SD19TK1X-EV', 'UCS-SD800GK3X-EP', 'UCS-SD960GBKNK9', 'UCS-SD400GBENK9', 'UCS-SD19T6S1X-EV', 'UCS-SD19TK1X-EV=', 'UCS-SD960G6I1X-EV=', 'UCS-SD19T61X-EV=', 'UCS-SD800GBHNK9', 'UCS-SD38T6S1X-EV', 'UCS-SD400GBHNK9', 'UCS-SD15TK1X-EV=', 'UCS-SD19TH61X-EV']","['UCS-HD16TW7KL4KN', 'UCS-HD600G15NK9=', 'UCS-HD1T7K12N=', 'UCS-HD14TW7KL4KN', 'UCS-HD900G15K12N', 'UCS-HD6T7KL4KN=', 'UCS-HD18TB10K4KN=', 'UCS-HD12T7KL4KN', 'UCS-HD24TB10K4KN', 'UCS-HD2T7K12N', 'UCS-HD12T7KL6GN', 'UCS-HD20TW7KL4KN=', 'UCS-HD300G10NK9', 'UCS-HD12T7KL6GN=', 'UCS-HD4T7KL12N=', 'UCS-HD1T7K12N', 'UCS-HD10T7K6GAN=', 'UCS-HD10T7KL4KN', 'UCS-HD1T7KL12N', 'UCS-HD18T10NK9=', 'UCS-HD14TT7KL4KN', 'UCS-HD2T7KL12N=', 'UCS-HD2T7KL6GN', 'UCS-HD300G15K12N=', 'UCS-HD12T10NK9', 'UCS-HD12TB10K12N', 'UCS-HD4T7KL6GN', 'UCS-HD8T7KL4KN', 'UCS-HD24T10NK9', 'UCS-HD600G10K12N=', 'UCS-HD6T7KL6GN', 'UCS-HD12T10NK9=', 'UCS-HD8T7K4KAN', 'UCS-HD600G10K12N', 'UCS-HD600G15NK9', 'UCS-HD6T7KL4KN', 'UCS-HD8T7K6GAN', 'UCS-HD10T7K6GAN', 'UCS-HD600G15K12N=', 'UCS-HD10T7KLEM', 'UCS-HD18TB10K4KN', 'UCS-HD600G15K12N', 'UCS-HD300G10K12N=', 'UCS-HD10T7K4KAN', 'UCS-HD300G15K12N', 'UCS-HD18T10NK9', 'UCS-HD12TB10K12N=', 'UCS-HD6T12GANK9=', 'UCS-HD12T7KL4NK9=', 'UCS-HD24T10NK9=', 'UCS-HD4T12GNK9=', 'UCS-HD300G10K12N', 'UCS-HD20TW7KL4KN', 'UCS-HD12T7KL4KN=', 'UCS-HD10T7KL6GN', 'UCS-HD1T7K6GAN=', 'UCS-HD4T7KL12N', 'UCS-HD1T7K6GAN', 'UCS-HD1T7KL6GN', 'UCS-HD12T7KL4NK9', 'UCS-HD900G15K12N=', 'UCS-HD18TW7KL4KN', 'UCS-HD8T7K4KAN=', 'UCS-HD8T7K6GAN=', 'UCS-HD22TW7KL4KN', 'UCS-HD2T7KL12N', 'UCS-HD16T7KL4KN', 'UCS-HD6T12GANK9', 'UCS-HD24TB10K4KN=', 'UCS-HD14TW7KL4KN=', 'UCS-HD14T7KL4KN=', 'UCS-HD22TW7KL4KN=', 'UCS-HD14T7KL4KN', 'UCS-HD2T7K12N=', 'UCS-HD4T12GNK9']",32GB,2666,2,4,DDR4,RDIMM,ECC,1.2V,STD,1,,,is_encoded,c240m5-lff-specsheet.pdf,https://www.cisco.com/c/dam/en/us/products/collateral/servers-unified-computing/ucs-c-series-rack-servers/c240m5-lff-specsheet.pdf,https://www.cisco.com/c/dam/en/us/products/collateral/servers-unified-computing/ucs-c-series-rack-servers/c240m5-lff-specsheet.pdf,,,32D4ER24266612S1,2Rx4,"('1Rx4', '2Rx4', '8Rx4')",,,,
Cisco,UCS-MR-X16G2RS-H,Cisco UCS C240 M5 LFF Rack Server,Cisco,UCS,C240 M5 LFF,UCS-MR-X16G2RS-H 16GB DDR4-2666-MHz RDIMM/PC4-21300/dual rank/x4/1.2v,['24'],,,,,,memory,"['6226', '6238', '6246R', '4215', '8276L', '6240R', '5222', '6242R', '6226R', '6230R', '4215R', '8260M', '8276', '5218B', '6262V', '8260L', '8280M', '8260', '8280L', '6240Y', '6240M', '8268', '5218R', '6250', '4216', '6246', '8270', '6252N', '6258R', '4214R', '6244', '6240', '5215M', '4214', '8280', '5218N', '5217', '5220R', '5218', '5220', '8276M', '6238M', '6240L', '6254', '8253', '4214Y', '6252', '6242', '5220S', '4210', '6248', '6230', '6238R', '5215', '8260Y', '6222V', '4210R', '3206R', '6230N', '3204', '6234', '6238L', '4208', '6256', '6248R', '5215L']","['UCS-MR-128G8RS-H', 'UCS-MR-X64G2RT-H=', 'UCS-MR-X32G2RT-H', 'UCS-MR-X16G1RS-H', 'UCS-MR-X16G1RW1', 'UCS-MR-X64G2RT-H', 'UCS-MR-X32G2RS-H', 'UCS-MR-X8G1RS-H', 'UCS-MR-X32G2RW1', 'UCS-MR-X16G2RS-H', 'UCS-MR-X32G2RSHM', 'UCS-MR-X64G4RS-H', 'UCS-MR-X16G1RSHM', 'UCS-MR-X16G1RT-H', 'UCS-MR-X64G2RW1', 'UCS-MR-X32G2RSHS']","['UCS-SD16TK3X-EP=', 'UCS-SD800GBKNK9=', 'UCS-SD38T6I1X-EV=', 'UCS-SD19T63X-EP', 'UCS-SD32TK3X-EP=', 'UCS-SD16T61X-EV', 'UCS-SD38TBE1NK9', 'UCS-SD16TB12TX-EP', 'UCS-SD480G121X-EV', 'UCS-SD400H123X-EP', 'UCS-SD76TBKNK9=', 'UCS-SD38T61X-EV', 'UCS-SD76TK1X-EV=', 'UCS-SD32TKA3X-EP', 'UCS-SD480G2HNK9', 'UCS-SD960GBM2NK9', 'UCS-SD38T6S1X-EV=', 'UCS-SD38TH61X-EV', 'UCS-SD38TM1X-EV', 'UCS-SD38TBHTNK9', 'UCS-SD76TBEM2NK9', 'UCS-SD38TK1X-EV', 'UCS-SD240G61X-EV', 'UCS-SD800GBKNK9', 'UCS-SD76TK1X-EV', 'UCS-SD16T123X-EP', 'UCS-SD960GK1X-EV=', 'UCS-SD800GBCNK9', 'UCS-SD76T6S1X-EV', 'UCS-SD32T123X-EP', 'UCS-SD19T6S1X-EV=', 'UCS-SD960G121X-EV', 'UCS-SD120GM1X-EV=', 'UCS-SD480G63X-EP=', 'UCS-SD960G6I1X-EV', 'UCS-SD480G61X-EV', 'UCS-SD38TB121X-EV', 'UCS-SD800G123X-EP', 'UCS-SD600GBE3NK9', 'UCS-SD800GBENK9', 'UCS-SD800GK3X-EP=', 'UCS-SD15TK1X-EV', 'UCS-SD960G63X-EP=', 'UCS-SD76T61X-EV', 'UCS-SD960GBHTNK9', 'UCS-SD38T2HTNK9', 'UCS-SD16TBENK9', 'UCS-SD800G12TX-EP', 'UCS-SD480G6I1X-EV=', 'UCS-SD32TK3X-EP', 'UCS-SD38TBKNK9=', 'UCS-SD240GBE1NK9', 'UCS-SD38T6I1X-EV', 'UCS-SD960GK1X-EV', 'UCS-SD76T6S1X-EV=', 'UCS-SD480GBHTNK9', 'UCS-SD960GH61X-EV', 'UCS-SD16TBHNK9', 'UCS-SD960GBKNK9=', 'UCS-SD16TM1X-EV', 'UCS-SD19T63X-EP=', 'UCS-SD480G63X-EP', 'UCS-SD76TM1X-EV', 'UCS-SD480GH61X-EV', 'UCS-SD19T61X-EV', 'UCS-SD76TBKNK9', 'UCS-SD960G63X-EP', 'UCS-SD19TB121X-EV', 'UCS-SD32H123X-EP', 'UCS-SD16TK3X-EP', 'UCS-SD960G6S1X-EV', 'UCS-SD120GM1X-EV', 'UCS-SD38TBKNK9', 'UCS-SD960G6S1X-EV=', 'UCS-SD400G123X-EP', 'UCS-SD240GM1X-EV', 'UCS-SD480GM1X-EV', 'UCS-SD960GBE1NK9', 'UCS-SD960G61X-EV', 'UCS-SD960G2HTNK9', 'UCS-SD150G61X-EV', 'UCS-SD16TBKNK9', 'UCS-SD38TK1X-EV=', 'UCS-SD16H123X-EP', 'UCS-SD480G6I1X-EV', 'UCS-SD400G12TX-EP', 'UCS-SD800H123X-EP', 'UCS-SD16TBKNK9=', 'UCS-SD19TK1X-EV', 'UCS-SD800GK3X-EP', 'UCS-SD960GBKNK9', 'UCS-SD400GBENK9', 'UCS-SD19T6S1X-EV', 'UCS-SD19TK1X-EV=', 'UCS-SD960G6I1X-EV=', 'UCS-SD19T61X-EV=', 'UCS-SD800GBHNK9', 'UCS-SD38T6S1X-EV', 'UCS-SD400GBHNK9', 'UCS-SD15TK1X-EV=', 'UCS-SD19TH61X-EV']","['UCS-HD16TW7KL4KN', 'UCS-HD600G15NK9=', 'UCS-HD1T7K12N=', 'UCS-HD14TW7KL4KN', 'UCS-HD900G15K12N', 'UCS-HD6T7KL4KN=', 'UCS-HD18TB10K4KN=', 'UCS-HD12T7KL4KN', 'UCS-HD24TB10K4KN', 'UCS-HD2T7K12N', 'UCS-HD12T7KL6GN', 'UCS-HD20TW7KL4KN=', 'UCS-HD300G10NK9', 'UCS-HD12T7KL6GN=', 'UCS-HD4T7KL12N=', 'UCS-HD1T7K12N', 'UCS-HD10T7K6GAN=', 'UCS-HD10T7KL4KN', 'UCS-HD1T7KL12N', 'UCS-HD18T10NK9=', 'UCS-HD14TT7KL4KN', 'UCS-HD2T7KL12N=', 'UCS-HD2T7KL6GN', 'UCS-HD300G15K12N=', 'UCS-HD12T10NK9', 'UCS-HD12TB10K12N', 'UCS-HD4T7KL6GN', 'UCS-HD8T7KL4KN', 'UCS-HD24T10NK9', 'UCS-HD600G10K12N=', 'UCS-HD6T7KL6GN', 'UCS-HD12T10NK9=', 'UCS-HD8T7K4KAN', 'UCS-HD600G10K12N', 'UCS-HD600G15NK9', 'UCS-HD6T7KL4KN', 'UCS-HD8T7K6GAN', 'UCS-HD10T7K6GAN', 'UCS-HD600G15K12N=', 'UCS-HD10T7KLEM', 'UCS-HD18TB10K4KN', 'UCS-HD600G15K12N', 'UCS-HD300G10K12N=', 'UCS-HD10T7K4KAN', 'UCS-HD300G15K12N', 'UCS-HD18T10NK9', 'UCS-HD12TB10K12N=', 'UCS-HD6T12GANK9=', 'UCS-HD12T7KL4NK9=', 'UCS-HD24T10NK9=', 'UCS-HD4T12GNK9=', 'UCS-HD300G10K12N', 'UCS-HD20TW7KL4KN', 'UCS-HD12T7KL4KN=', 'UCS-HD10T7KL6GN', 'UCS-HD1T7K6GAN=', 'UCS-HD4T7KL12N', 'UCS-HD1T7K6GAN', 'UCS-HD1T7KL6GN', 'UCS-HD12T7KL4NK9', 'UCS-HD900G15K12N=', 'UCS-HD18TW7KL4KN', 'UCS-HD8T7K4KAN=', 'UCS-HD8T7K6GAN=', 'UCS-HD22TW7KL4KN', 'UCS-HD2T7KL12N', 'UCS-HD16T7KL4KN', 'UCS-HD6T12GANK9', 'UCS-HD24TB10K4KN=', 'UCS-HD14TW7KL4KN=', 'UCS-HD14T7KL4KN=', 'UCS-HD22TW7KL4KN=', 'UCS-HD14T7KL4KN', 'UCS-HD2T7K12N=', 'UCS-HD4T12GNK9']",16GB,2666,2,4,DDR4,RDIMM,ECC,1.2V,STD,1,,,is_encoded,c240m5-lff-specsheet.pdf,https://www.cisco.com/c/dam/en/us/products/collateral/servers-unified-computing/ucs-c-series-rack-servers/c240m5-lff-specsheet.pdf,https://www.cisco.com/c/dam/en/us/products/collateral/servers-unified-computing/ucs-c-series-rack-servers/c240m5-lff-specsheet.pdf,,,16D4ER24266612S1,2Rx4,"('1Rx4', '2Rx4', '8Rx4')",,,,
Cisco,UCS-MR-X8G1RS-H,Cisco UCS C240 M5 SFF Rack Server,Cisco,UCS,C240 M5 SFF,UCS-MR-X8G1RS-H 8GB DDR4-2666MHz RDIMM/PC4-21300/single rank/x4/1.2v,['24'],,,,,,memory,"['6226', '6238', '6246R', '4215', '8276L', '6240R', '5222', '6242R', '6226R', '6230R', '4215R', '8260M', '8276', '5218B', '6262V', '8260L', '8280M', '8260', '8280L', '6240Y', '6240M', '8268', '5218R', '6250', '4216', '6246', '8270', '6252N', '6258R', '4214R', '6244', '6240', '5215M', '4214', '8280', '5218N', '5217', '5220R', '5218', '5220', '8276M', '6238M', '6240L', '6254', '8253', '4214Y', '6252', '6242', '5220S', '4210', '6248', '6230', '6238R', '5215', '8260Y', '6222V', '4210R', '3206R', '6230N', '3204', '6234', '6238L', '4208', '6256', '6248R', '5215L']","['UCS-MR-128G8RS-H', 'UCS-MR-X64G2RT-H=', 'UCS-MR-X32G2RT-H', 'UCS-MR-X16G1RS-H', 'UCS-MR-X16G1RW1', 'UCS-MR-X64G2RT-H', 'UCS-MR-X32G2RS-H', 'UCS-MR-X8G1RS-H', 'UCS-MR-X32G2RT-H=', 'UCS-MR-X32G2RW1', 'UCS-MR-X16G2RS-H', 'UCS-MR-X32G2RSHM', 'UCS-MR-X64G4RS-H', 'UCS-MR-X16G1RSHM', 'UCS-MR-X16G1RT-H', 'UCS-MR-X64G2RW1', 'UCS-MR-X32G2RSHS']","['UCS-SD240GBM1X-EV=', 'UCS-SD19TBM3X-EP', 'UCS-SD16TK3X-EP=', 'UCS-SD800GBKNK9=', 'UCS-SD38TBHTNK9=', 'UCS-SD38T6I1X-EV=', 'UCS-SD19T63X-EP', 'UCS-SD38TBM1X-EV', 'UCS-SD32TK3X-EP=', 'UCS-SD16T61X-EV', 'UCS-SD38TBE1NK9', 'UCS-SD19TBM1X-EV', 'UCS-SD16TBM1X-EV=', 'UCS-SD16TB12TX-EP', 'UCS-SD480G121X-EV', 'UCS-SD19TBEM2NK9=', 'UCS-SD400H123X-EP', 'UCS-SD480GBM3X-EP', 'UCS-SD76TBKNK9=', 'UCS-SD38T61X-EV', 'UCS-SD76TK1X-EV=', 'UCS-SD38TBM1X-EV=', 'UCS-SD32TKA3X-EP', 'UCS-SD240GBM1X-EV', 'UCS-SD480G2HNK9', 'UCS-SD960GBM2NK9', 'UCS-SD38T6S1X-EV=', 'UCS-SD38TH61X-EV', 'UCS-SD38TM1X-EV', 'UCS-SD38TBHTNK9', 'UCS-SD76TBEM2NK9', 'UCS-SD480GBM1X-EV', 'UCS-SD960GBM3X-EP', 'UCS-SD38TK1X-EV', 'UCS-SD240G61X-EV', 'UCS-SD800GBKNK9', 'UCS-SD76TK1X-EV', 'UCS-SD16T123X-EP', 'UCS-SD960GK1X-EV=', 'UCS-SD76T6S1X-EV', 'UCS-SD32T123X-EP', 'UCS-SD19T6S1X-EV=', 'UCS-SD960G121X-EV', 'UCS-SD120GM1X-EV=', 'UCS-SD480G63X-EP=', 'UCS-SD960G6I1X-EV', 'UCS-SD960GBM3X-EP=', 'UCS-SD480G61X-EV', 'UCS-SD38TB121X-EV', 'UCS-SD800G123X-EP', 'UCS-SD19TBM3X-EP=', 'UCS-SD800GBENK9', 'UCS-SD800GK3X-EP=', 'UCS-SD15TK1X-EV', 'UCS-SD960G63X-EP=', 'UCS-SD76T61X-EV', 'UCS-SD960GBHTNK9', 'UCS-SD38T2HTNK9', 'UCS-SD16TBENK9', 'UCS-SD800G12TX-EP', 'UCS-SD38TBKNK9=', 'UCS-SD480G6I1X-EV=', 'UCS-SD32TK3X-EP', 'UCS-SD240GBE1NK9', 'UCS-SD76TBM1X-EV', 'UCS-SD38T6I1X-EV', 'UCS-SD960GK1X-EV', 'UCS-SD76T6S1X-EV=', 'UCS-SD960GH61X-EV', 'UCS-SD480GBHTNK9', 'UCS-SD16TBHNK9', 'UCS-SD960GBKNK9=', 'UCS-SD16TM1X-EV', 'UCS-SD480G63X-EP', 'UCS-SD480GH61X-EV', 'UCS-SD19T63X-EP=', 'UCS-SD76TM1X-EV', 'UCS-SD19TBM1X-EV=', 'UCS-SD19T61X-EV', 'UCS-SD76TBKNK9', 'UCS-SD960G63X-EP', 'UCS-SD19TB121X-EV', 'UCS-SD480GBM3X-EP=', 'UCS-SD32H123X-EP', 'UCS-SD480GBHTNK9=', 'UCS-SD16TK3X-EP', 'UCS-SD960G6S1X-EV', 'UCS-SD76TBM1X-EV=', 'UCS-SD120GM1X-EV', 'UCS-SD38TBKNK9', 'UCS-SD38T61X-EV=', 'UCS-SD960G6S1X-EV=', 'UCS-SD400G123X-EP', 'UCS-SD240GM1X-EV', 'UCS-SD480GM1X-EV', 'UCS-SD960GBM1X-EV', 'UCS-SD960G61X-EV', 'UCS-SD960GBE1NK9', 'UCS-SD960G2HTNK9', 'UCS-SD150G61X-EV', 'UCS-SD16TBKNK9', 'UCS-SD16TBM1X-EV', 'UCS-SD960GBM1X-EV=', 'UCS-SD38TK1X-EV=', 'UCS-SD16H123X-EP', 'UCS-SD480GBM1X-EV=', 'UCS-SD480G6I1X-EV', 'UCS-SD400G12TX-EP', 'UCS-SD800H123X-EP', 'UCS-SD16TBKNK9=', 'UCS-SD19TK1X-EV', 'UCS-SD800GK3X-EP', 'UCS-SD960GBKNK9', 'UCS-SD400GBENK9', 'UCS-SD19T6S1X-EV', 'UCS-SD19TK1X-EV=', 'UCS-SD960G6I1X-EV=', 'UCS-SD19T61X-EV=', 'UCS-SD38T6S1X-EV', 'UCS-SD16T63X-EP', 'UCS-SD400GBHNK9', 'UCS-SD15TK1X-EV=']","['UCS-HD600G15NK9=', 'UCS-HD1T7K12N=', 'UCS-HD900G15K12N', 'UCS-HD18TB10K4KN2=', 'UCS-HD24TB10K4KN', 'UCS-HD2T7K12N', 'UCS-HD300G10NK9', 'UCS-HD1T7K12N', 'UCS-HD18T10NK9=', 'UCS-HD300G15K12N=', 'UCS-HD12T10NK9', 'UCS-HD12TB10K12N', 'UCS-HD600G10K12N=', 'UCS-HD24T10NK9', 'UCS-HD12T10NK9=', 'UCS-HD600G10K12N', 'UCS-HD600G15NK9', 'UCS-HD600G15K12N=', 'UCS-HD18TB10K4KN', 'UCS-HD600G15K12N', 'UCS-HD300G10K12N=', 'UCS-HD300G15K12N', 'UCS-HD18T10NK9', 'UCS-HD12TB10K12N=', 'UCS-HD24T10NK9=', 'UCS-HD300G10K12N', 'UCS-HD18TB10K4KN11.8', 'UCS-HD1T7K6GAN=', 'UCS-HD1T7K6GAN', 'UCS-HD900G15K12N=', 'UCS-HD24TB10K4KN=', 'UCS-HD2T7K12N=']",8GB,2666,1,4,DDR4,RDIMM,ECC,1.2V,STD,1,,,is_encoded,c240m5-sff-specsheet.pdf,https://www.cisco.com/c/dam/en/us/products/collateral/servers-unified-computing/ucs-c-series-rack-servers/c240m5-sff-specsheet.pdf,https://www.cisco.com/c/dam/en/us/products/collateral/servers-unified-computing/ucs-c-series-rack-servers/c240m5-sff-specsheet.pdf,,,8D4ER14266612S1,1Rx4,"('1Rx4', '2Rx4', '8Rx4')",,,,
Cisco,UCS-MR-X16G1RW,Cisco UCS C240 M5 SFF Rack Server,Cisco,UCS,C240 M5 SFF,UCS-MR-X16G1RW1 16 GB DDR4-3200MHz RDIMM 1Rx4 (8Gb) 1.2 V 1 Intel® Optane™ Persistent,['24'],,,,,,memory,"['6226', '6238', '6246R', '4215', '8276L', '6240R', '5222', '6242R', '6226R', '6230R', '4215R', '8260M', '8276', '5218B', '6262V', '8260L', '8280M', '8260', '8280L', '6240Y', '6240M', '8268', '5218R', '6250', '4216', '6246', '8270', '6252N', '6258R', '4214R', '6244', '6240', '5215M', '4214', '8280', '5218N', '5217', '5220R', '5218', '5220', '8276M', '6238M', '6240L', '6254', '8253', '4214Y', '6252', '6242', '5220S', '4210', '6248', '6230', '6238R', '5215', '8260Y', '6222V', '4210R', '3206R', '6230N', '3204', '6234', '6238L', '4208', '6256', '6248R', '5215L']","['UCS-MR-128G8RS-H', 'UCS-MR-X64G2RT-H=', 'UCS-MR-X32G2RT-H', 'UCS-MR-X16G1RS-H', 'UCS-MR-X16G1RW1', 'UCS-MR-X64G2RT-H', 'UCS-MR-X32G2RS-H', 'UCS-MR-X8G1RS-H', 'UCS-MR-X32G2RT-H=', 'UCS-MR-X32G2RW1', 'UCS-MR-X16G2RS-H', 'UCS-MR-X32G2RSHM', 'UCS-MR-X64G4RS-H', 'UCS-MR-X16G1RSHM', 'UCS-MR-X16G1RT-H', 'UCS-MR-X64G2RW1', 'UCS-MR-X32G2RSHS']","['UCS-SD240GBM1X-EV=', 'UCS-SD19TBM3X-EP', 'UCS-SD16TK3X-EP=', 'UCS-SD800GBKNK9=', 'UCS-SD38TBHTNK9=', 'UCS-SD38T6I1X-EV=', 'UCS-SD19T63X-EP', 'UCS-SD38TBM1X-EV', 'UCS-SD32TK3X-EP=', 'UCS-SD16T61X-EV', 'UCS-SD38TBE1NK9', 'UCS-SD19TBM1X-EV', 'UCS-SD16TBM1X-EV=', 'UCS-SD16TB12TX-EP', 'UCS-SD480G121X-EV', 'UCS-SD19TBEM2NK9=', 'UCS-SD400H123X-EP', 'UCS-SD480GBM3X-EP', 'UCS-SD76TBKNK9=', 'UCS-SD38T61X-EV', 'UCS-SD76TK1X-EV=', 'UCS-SD38TBM1X-EV=', 'UCS-SD32TKA3X-EP', 'UCS-SD240GBM1X-EV', 'UCS-SD480G2HNK9', 'UCS-SD960GBM2NK9', 'UCS-SD38T6S1X-EV=', 'UCS-SD38TH61X-EV', 'UCS-SD38TM1X-EV', 'UCS-SD38TBHTNK9', 'UCS-SD76TBEM2NK9', 'UCS-SD480GBM1X-EV', 'UCS-SD960GBM3X-EP', 'UCS-SD38TK1X-EV', 'UCS-SD240G61X-EV', 'UCS-SD800GBKNK9', 'UCS-SD76TK1X-EV', 'UCS-SD16T123X-EP', 'UCS-SD960GK1X-EV=', 'UCS-SD76T6S1X-EV', 'UCS-SD32T123X-EP', 'UCS-SD19T6S1X-EV=', 'UCS-SD960G121X-EV', 'UCS-SD120GM1X-EV=', 'UCS-SD480G63X-EP=', 'UCS-SD960G6I1X-EV', 'UCS-SD960GBM3X-EP=', 'UCS-SD480G61X-EV', 'UCS-SD38TB121X-EV', 'UCS-SD800G123X-EP', 'UCS-SD19TBM3X-EP=', 'UCS-SD800GBENK9', 'UCS-SD800GK3X-EP=', 'UCS-SD15TK1X-EV', 'UCS-SD960G63X-EP=', 'UCS-SD76T61X-EV', 'UCS-SD960GBHTNK9', 'UCS-SD38T2HTNK9', 'UCS-SD16TBENK9', 'UCS-SD800G12TX-EP', 'UCS-SD38TBKNK9=', 'UCS-SD480G6I1X-EV=', 'UCS-SD32TK3X-EP', 'UCS-SD240GBE1NK9', 'UCS-SD76TBM1X-EV', 'UCS-SD38T6I1X-EV', 'UCS-SD960GK1X-EV', 'UCS-SD76T6S1X-EV=', 'UCS-SD960GH61X-EV', 'UCS-SD480GBHTNK9', 'UCS-SD16TBHNK9', 'UCS-SD960GBKNK9=', 'UCS-SD16TM1X-EV', 'UCS-SD480G63X-EP', 'UCS-SD480GH61X-EV', 'UCS-SD19T63X-EP=', 'UCS-SD76TM1X-EV', 'UCS-SD19TBM1X-EV=', 'UCS-SD19T61X-EV', 'UCS-SD76TBKNK9', 'UCS-SD960G63X-EP', 'UCS-SD19TB121X-EV', 'UCS-SD480GBM3X-EP=', 'UCS-SD32H123X-EP', 'UCS-SD480GBHTNK9=', 'UCS-SD16TK3X-EP', 'UCS-SD960G6S1X-EV', 'UCS-SD76TBM1X-EV=', 'UCS-SD120GM1X-EV', 'UCS-SD38TBKNK9', 'UCS-SD38T61X-EV=', 'UCS-SD960G6S1X-EV=', 'UCS-SD400G123X-EP', 'UCS-SD240GM1X-EV', 'UCS-SD480GM1X-EV', 'UCS-SD960GBM1X-EV', 'UCS-SD960G61X-EV', 'UCS-SD960GBE1NK9', 'UCS-SD960G2HTNK9', 'UCS-SD150G61X-EV', 'UCS-SD16TBKNK9', 'UCS-SD16TBM1X-EV', 'UCS-SD960GBM1X-EV=', 'UCS-SD38TK1X-EV=', 'UCS-SD16H123X-EP', 'UCS-SD480GBM1X-EV=', 'UCS-SD480G6I1X-EV', 'UCS-SD400G12TX-EP', 'UCS-SD800H123X-EP', 'UCS-SD16TBKNK9=', 'UCS-SD19TK1X-EV', 'UCS-SD800GK3X-EP', 'UCS-SD960GBKNK9', 'UCS-SD400GBENK9', 'UCS-SD19T6S1X-EV', 'UCS-SD19TK1X-EV=', 'UCS-SD960G6I1X-EV=', 'UCS-SD19T61X-EV=', 'UCS-SD38T6S1X-EV', 'UCS-SD16T63X-EP', 'UCS-SD400GBHNK9', 'UCS-SD15TK1X-EV=']","['UCS-HD600G15NK9=', 'UCS-HD1T7K12N=', 'UCS-HD900G15K12N', 'UCS-HD18TB10K4KN2=', 'UCS-HD24TB10K4KN', 'UCS-HD2T7K12N', 'UCS-HD300G10NK9', 'UCS-HD1T7K12N', 'UCS-HD18T10NK9=', 'UCS-HD300G15K12N=', 'UCS-HD12T10NK9', 'UCS-HD12TB10K12N', 'UCS-HD600G10K12N=', 'UCS-HD24T10NK9', 'UCS-HD12T10NK9=', 'UCS-HD600G10K12N', 'UCS-HD600G15NK9', 'UCS-HD600G15K12N=', 'UCS-HD18TB10K4KN', 'UCS-HD600G15K12N', 'UCS-HD300G10K12N=', 'UCS-HD300G15K12N', 'UCS-HD18T10NK9', 'UCS-HD12TB10K12N=', 'UCS-HD24T10NK9=', 'UCS-HD300G10K12N', 'UCS-HD18TB10K4KN11.8', 'UCS-HD1T7K6GAN=', 'UCS-HD1T7K6GAN', 'UCS-HD900G15K12N=', 'UCS-HD24TB10K4KN=', 'UCS-HD2T7K12N=']",16GB,3200,1,4,DDR4,RDIMM,ECC,1.2V,STD,1,,,is_encoded,c240m5-sff-specsheet.pdf,https://www.cisco.com/c/dam/en/us/products/collateral/servers-unified-computing/ucs-c-series-rack-servers/c240m5-sff-specsheet.pdf,https://www.cisco.com/c/dam/en/us/products/collateral/servers-unified-computing/ucs-c-series-rack-servers/c240m5-sff-specsheet.pdf,,,16D4ER14320012S1,1Rx4,"('1Rx4', '2Rx4', '8Rx4')",,,,
Cisco,UCS-MR-X16G1RT-H,Cisco UCS C240 M5 SFF Rack Server,Cisco,UCS,C240 M5 SFF,UCS-MR-X16G1RT-H 16GB DDR4-2933MHz RDIMM 1Rx4 (8Gb)/1.2v,['24'],,,,,,memory,"['6226', '6238', '6246R', '4215', '8276L', '6240R', '5222', '6242R', '6226R', '6230R', '4215R', '8260M', '8276', '5218B', '6262V', '8260L', '8280M', '8260', '8280L', '6240Y', '6240M', '8268', '5218R', '6250', '4216', '6246', '8270', '6252N', '6258R', '4214R', '6244', '6240', '5215M', '4214', '8280', '5218N', '5217', '5220R', '5218', '5220', '8276M', '6238M', '6240L', '6254', '8253', '4214Y', '6252', '6242', '5220S', '4210', '6248', '6230', '6238R', '5215', '8260Y', '6222V', '4210R', '3206R', '6230N', '3204', '6234', '6238L', '4208', '6256', '6248R', '5215L']","['UCS-MR-128G8RS-H', 'UCS-MR-X64G2RT-H=', 'UCS-MR-X32G2RT-H', 'UCS-MR-X16G1RS-H', 'UCS-MR-X16G1RW1', 'UCS-MR-X64G2RT-H', 'UCS-MR-X32G2RS-H', 'UCS-MR-X8G1RS-H', 'UCS-MR-X32G2RT-H=', 'UCS-MR-X32G2RW1', 'UCS-MR-X16G2RS-H', 'UCS-MR-X32G2RSHM', 'UCS-MR-X64G4RS-H', 'UCS-MR-X16G1RSHM', 'UCS-MR-X16G1RT-H', 'UCS-MR-X64G2RW1', 'UCS-MR-X32G2RSHS']","['UCS-SD240GBM1X-EV=', 'UCS-SD19TBM3X-EP', 'UCS-SD16TK3X-EP=', 'UCS-SD800GBKNK9=', 'UCS-SD38TBHTNK9=', 'UCS-SD38T6I1X-EV=', 'UCS-SD19T63X-EP', 'UCS-SD38TBM1X-EV', 'UCS-SD32TK3X-EP=', 'UCS-SD16T61X-EV', 'UCS-SD38TBE1NK9', 'UCS-SD19TBM1X-EV', 'UCS-SD16TBM1X-EV=', 'UCS-SD16TB12TX-EP', 'UCS-SD480G121X-EV', 'UCS-SD19TBEM2NK9=', 'UCS-SD400H123X-EP', 'UCS-SD480GBM3X-EP', 'UCS-SD76TBKNK9=', 'UCS-SD38T61X-EV', 'UCS-SD76TK1X-EV=', 'UCS-SD38TBM1X-EV=', 'UCS-SD32TKA3X-EP', 'UCS-SD240GBM1X-EV', 'UCS-SD480G2HNK9', 'UCS-SD960GBM2NK9', 'UCS-SD38T6S1X-EV=', 'UCS-SD38TH61X-EV', 'UCS-SD38TM1X-EV', 'UCS-SD38TBHTNK9', 'UCS-SD76TBEM2NK9', 'UCS-SD480GBM1X-EV', 'UCS-SD960GBM3X-EP', 'UCS-SD38TK1X-EV', 'UCS-SD240G61X-EV', 'UCS-SD800GBKNK9', 'UCS-SD76TK1X-EV', 'UCS-SD16T123X-EP', 'UCS-SD960GK1X-EV=', 'UCS-SD76T6S1X-EV', 'UCS-SD32T123X-EP', 'UCS-SD19T6S1X-EV=', 'UCS-SD960G121X-EV', 'UCS-SD120GM1X-EV=', 'UCS-SD480G63X-EP=', 'UCS-SD960G6I1X-EV', 'UCS-SD960GBM3X-EP=', 'UCS-SD480G61X-EV', 'UCS-SD38TB121X-EV', 'UCS-SD800G123X-EP', 'UCS-SD19TBM3X-EP=', 'UCS-SD800GBENK9', 'UCS-SD800GK3X-EP=', 'UCS-SD15TK1X-EV', 'UCS-SD960G63X-EP=', 'UCS-SD76T61X-EV', 'UCS-SD960GBHTNK9', 'UCS-SD38T2HTNK9', 'UCS-SD16TBENK9', 'UCS-SD800G12TX-EP', 'UCS-SD38TBKNK9=', 'UCS-SD480G6I1X-EV=', 'UCS-SD32TK3X-EP', 'UCS-SD240GBE1NK9', 'UCS-SD76TBM1X-EV', 'UCS-SD38T6I1X-EV', 'UCS-SD960GK1X-EV', 'UCS-SD76T6S1X-EV=', 'UCS-SD960GH61X-EV', 'UCS-SD480GBHTNK9', 'UCS-SD16TBHNK9', 'UCS-SD960GBKNK9=', 'UCS-SD16TM1X-EV', 'UCS-SD480G63X-EP', 'UCS-SD480GH61X-EV', 'UCS-SD19T63X-EP=', 'UCS-SD76TM1X-EV', 'UCS-SD19TBM1X-EV=', 'UCS-SD19T61X-EV', 'UCS-SD76TBKNK9', 'UCS-SD960G63X-EP', 'UCS-SD19TB121X-EV', 'UCS-SD480GBM3X-EP=', 'UCS-SD32H123X-EP', 'UCS-SD480GBHTNK9=', 'UCS-SD16TK3X-EP', 'UCS-SD960G6S1X-EV', 'UCS-SD76TBM1X-EV=', 'UCS-SD120GM1X-EV', 'UCS-SD38TBKNK9', 'UCS-SD38T61X-EV=', 'UCS-SD960G6S1X-EV=', 'UCS-SD400G123X-EP', 'UCS-SD240GM1X-EV', 'UCS-SD480GM1X-EV', 'UCS-SD960GBM1X-EV', 'UCS-SD960G61X-EV', 'UCS-SD960GBE1NK9', 'UCS-SD960G2HTNK9', 'UCS-SD150G61X-EV', 'UCS-SD16TBKNK9', 'UCS-SD16TBM1X-EV', 'UCS-SD960GBM1X-EV=', 'UCS-SD38TK1X-EV=', 'UCS-SD16H123X-EP', 'UCS-SD480GBM1X-EV=', 'UCS-SD480G6I1X-EV', 'UCS-SD400G12TX-EP', 'UCS-SD800H123X-EP', 'UCS-SD16TBKNK9=', 'UCS-SD19TK1X-EV', 'UCS-SD800GK3X-EP', 'UCS-SD960GBKNK9', 'UCS-SD400GBENK9', 'UCS-SD19T6S1X-EV', 'UCS-SD19TK1X-EV=', 'UCS-SD960G6I1X-EV=', 'UCS-SD19T61X-EV=', 'UCS-SD38T6S1X-EV', 'UCS-SD16T63X-EP', 'UCS-SD400GBHNK9', 'UCS-SD15TK1X-EV=']","['UCS-HD600G15NK9=', 'UCS-HD1T7K12N=', 'UCS-HD900G15K12N', 'UCS-HD18TB10K4KN2=', 'UCS-HD24TB10K4KN', 'UCS-HD2T7K12N', 'UCS-HD300G10NK9', 'UCS-HD1T7K12N', 'UCS-HD18T10NK9=', 'UCS-HD300G15K12N=', 'UCS-HD12T10NK9', 'UCS-HD12TB10K12N', 'UCS-HD600G10K12N=', 'UCS-HD24T10NK9', 'UCS-HD12T10NK9=', 'UCS-HD600G10K12N', 'UCS-HD600G15NK9', 'UCS-HD600G15K12N=', 'UCS-HD18TB10K4KN', 'UCS-HD600G15K12N', 'UCS-HD300G10K12N=', 'UCS-HD300G15K12N', 'UCS-HD18T10NK9', 'UCS-HD12TB10K12N=', 'UCS-HD24T10NK9=', 'UCS-HD300G10K12N', 'UCS-HD18TB10K4KN11.8', 'UCS-HD1T7K6GAN=', 'UCS-HD1T7K6GAN', 'UCS-HD900G15K12N=', 'UCS-HD24TB10K4KN=', 'UCS-HD2T7K12N=']",16GB,2933,1,4,DDR4,RDIMM,ECC,1.2V,STD,1,,,is_encoded,c240m5-sff-specsheet.pdf,https://www.cisco.com/c/dam/en/us/products/collateral/servers-unified-computing/ucs-c-series-rack-servers/c240m5-sff-specsheet.pdf,https://www.cisco.com/c/dam/en/us/products/collateral/servers-unified-computing/ucs-c-series-rack-servers/c240m5-sff-specsheet.pdf,,,16D4ER14293312S1,1Rx4,"('1Rx4', '2Rx4', '8Rx4')",,,,
Cisco,UCS-MR-X16G1RS-H,Cisco UCS C240 M5 SFF Rack Server,Cisco,UCS,C240 M5 SFF,UCS-MR-X16G1RS-H 16GB DDR4-2666-MHz RDIMM/PC4-21300/single rank/x4/1.2v,['24'],,,,,,memory,"['6226', '6238', '6246R', '4215', '8276L', '6240R', '5222', '6242R', '6226R', '6230R', '4215R', '8260M', '8276', '5218B', '6262V', '8260L', '8280M', '8260', '8280L', '6240Y', '6240M', '8268', '5218R', '6250', '4216', '6246', '8270', '6252N', '6258R', '4214R', '6244', '6240', '5215M', '4214', '8280', '5218N', '5217', '5220R', '5218', '5220', '8276M', '6238M', '6240L', '6254', '8253', '4214Y', '6252', '6242', '5220S', '4210', '6248', '6230', '6238R', '5215', '8260Y', '6222V', '4210R', '3206R', '6230N', '3204', '6234', '6238L', '4208', '6256', '6248R', '5215L']","['UCS-MR-128G8RS-H', 'UCS-MR-X64G2RT-H=', 'UCS-MR-X32G2RT-H', 'UCS-MR-X16G1RS-H', 'UCS-MR-X16G1RW1', 'UCS-MR-X64G2RT-H', 'UCS-MR-X32G2RS-H', 'UCS-MR-X8G1RS-H', 'UCS-MR-X32G2RT-H=', 'UCS-MR-X32G2RW1', 'UCS-MR-X16G2RS-H', 'UCS-MR-X32G2RSHM', 'UCS-MR-X64G4RS-H', 'UCS-MR-X16G1RSHM', 'UCS-MR-X16G1RT-H', 'UCS-MR-X64G2RW1', 'UCS-MR-X32G2RSHS']","['UCS-SD240GBM1X-EV=', 'UCS-SD19TBM3X-EP', 'UCS-SD16TK3X-EP=', 'UCS-SD800GBKNK9=', 'UCS-SD38TBHTNK9=', 'UCS-SD38T6I1X-EV=', 'UCS-SD19T63X-EP', 'UCS-SD38TBM1X-EV', 'UCS-SD32TK3X-EP=', 'UCS-SD16T61X-EV', 'UCS-SD38TBE1NK9', 'UCS-SD19TBM1X-EV', 'UCS-SD16TBM1X-EV=', 'UCS-SD16TB12TX-EP', 'UCS-SD480G121X-EV', 'UCS-SD19TBEM2NK9=', 'UCS-SD400H123X-EP', 'UCS-SD480GBM3X-EP', 'UCS-SD76TBKNK9=', 'UCS-SD38T61X-EV', 'UCS-SD76TK1X-EV=', 'UCS-SD38TBM1X-EV=', 'UCS-SD32TKA3X-EP', 'UCS-SD240GBM1X-EV', 'UCS-SD480G2HNK9', 'UCS-SD960GBM2NK9', 'UCS-SD38T6S1X-EV=', 'UCS-SD38TH61X-EV', 'UCS-SD38TM1X-EV', 'UCS-SD38TBHTNK9', 'UCS-SD76TBEM2NK9', 'UCS-SD480GBM1X-EV', 'UCS-SD960GBM3X-EP', 'UCS-SD38TK1X-EV', 'UCS-SD240G61X-EV', 'UCS-SD800GBKNK9', 'UCS-SD76TK1X-EV', 'UCS-SD16T123X-EP', 'UCS-SD960GK1X-EV=', 'UCS-SD76T6S1X-EV', 'UCS-SD32T123X-EP', 'UCS-SD19T6S1X-EV=', 'UCS-SD960G121X-EV', 'UCS-SD120GM1X-EV=', 'UCS-SD480G63X-EP=', 'UCS-SD960G6I1X-EV', 'UCS-SD960GBM3X-EP=', 'UCS-SD480G61X-EV', 'UCS-SD38TB121X-EV', 'UCS-SD800G123X-EP', 'UCS-SD19TBM3X-EP=', 'UCS-SD800GBENK9', 'UCS-SD800GK3X-EP=', 'UCS-SD15TK1X-EV', 'UCS-SD960G63X-EP=', 'UCS-SD76T61X-EV', 'UCS-SD960GBHTNK9', 'UCS-SD38T2HTNK9', 'UCS-SD16TBENK9', 'UCS-SD800G12TX-EP', 'UCS-SD38TBKNK9=', 'UCS-SD480G6I1X-EV=', 'UCS-SD32TK3X-EP', 'UCS-SD240GBE1NK9', 'UCS-SD76TBM1X-EV', 'UCS-SD38T6I1X-EV', 'UCS-SD960GK1X-EV', 'UCS-SD76T6S1X-EV=', 'UCS-SD960GH61X-EV', 'UCS-SD480GBHTNK9', 'UCS-SD16TBHNK9', 'UCS-SD960GBKNK9=', 'UCS-SD16TM1X-EV', 'UCS-SD480G63X-EP', 'UCS-SD480GH61X-EV', 'UCS-SD19T63X-EP=', 'UCS-SD76TM1X-EV', 'UCS-SD19TBM1X-EV=', 'UCS-SD19T61X-EV', 'UCS-SD76TBKNK9', 'UCS-SD960G63X-EP', 'UCS-SD19TB121X-EV', 'UCS-SD480GBM3X-EP=', 'UCS-SD32H123X-EP', 'UCS-SD480GBHTNK9=', 'UCS-SD16TK3X-EP', 'UCS-SD960G6S1X-EV', 'UCS-SD76TBM1X-EV=', 'UCS-SD120GM1X-EV', 'UCS-SD38TBKNK9', 'UCS-SD38T61X-EV=', 'UCS-SD960G6S1X-EV=', 'UCS-SD400G123X-EP', 'UCS-SD240GM1X-EV', 'UCS-SD480GM1X-EV', 'UCS-SD960GBM1X-EV', 'UCS-SD960G61X-EV', 'UCS-SD960GBE1NK9', 'UCS-SD960G2HTNK9', 'UCS-SD150G61X-EV', 'UCS-SD16TBKNK9', 'UCS-SD16TBM1X-EV', 'UCS-SD960GBM1X-EV=', 'UCS-SD38TK1X-EV=', 'UCS-SD16H123X-EP', 'UCS-SD480GBM1X-EV=', 'UCS-SD480G6I1X-EV', 'UCS-SD400G12TX-EP', 'UCS-SD800H123X-EP', 'UCS-SD16TBKNK9=', 'UCS-SD19TK1X-EV', 'UCS-SD800GK3X-EP', 'UCS-SD960GBKNK9', 'UCS-SD400GBENK9', 'UCS-SD19T6S1X-EV', 'UCS-SD19TK1X-EV=', 'UCS-SD960G6I1X-EV=', 'UCS-SD19T61X-EV=', 'UCS-SD38T6S1X-EV', 'UCS-SD16T63X-EP', 'UCS-SD400GBHNK9', 'UCS-SD15TK1X-EV=']","['UCS-HD600G15NK9=', 'UCS-HD1T7K12N=', 'UCS-HD900G15K12N', 'UCS-HD18TB10K4KN2=', 'UCS-HD24TB10K4KN', 'UCS-HD2T7K12N', 'UCS-HD300G10NK9', 'UCS-HD1T7K12N', 'UCS-HD18T10NK9=', 'UCS-HD300G15K12N=', 'UCS-HD12T10NK9', 'UCS-HD12TB10K12N', 'UCS-HD600G10K12N=', 'UCS-HD24T10NK9', 'UCS-HD12T10NK9=', 'UCS-HD600G10K12N', 'UCS-HD600G15NK9', 'UCS-HD600G15K12N=', 'UCS-HD18TB10K4KN', 'UCS-HD600G15K12N', 'UCS-HD300G10K12N=', 'UCS-HD300G15K12N', 'UCS-HD18T10NK9', 'UCS-HD12TB10K12N=', 'UCS-HD24T10NK9=', 'UCS-HD300G10K12N', 'UCS-HD18TB10K4KN11.8', 'UCS-HD1T7K6GAN=', 'UCS-HD1T7K6GAN', 'UCS-HD900G15K12N=', 'UCS-HD24TB10K4KN=', 'UCS-HD2T7K12N=']",16GB,2666,1,4,DDR4,RDIMM,ECC,1.2V,STD,1,,,is_encoded,c240m5-sff-specsheet.pdf,https://www.cisco.com/c/dam/en/us/products/collateral/servers-unified-computing/ucs-c-series-rack-servers/c240m5-sff-specsheet.pdf,https://www.cisco.com/c/dam/en/us/products/collateral/servers-unified-computing/ucs-c-series-rack-servers/c240m5-sff-specsheet.pdf,,,16D4ER14266612S1,1Rx4,"('1Rx4', '2Rx4', '8Rx4')",,,,
Cisco,UCS-MR-X16G1RSHM,Cisco UCS C240 M5 SFF Rack Server,Cisco,UCS,C240 M5 SFF,UCS-MR-X16G1RSHM 16GB DDR4-2666-MHz RDIMM/single rank/x4/1.2v. Micron only,['24'],,,,,,memory,"['6226', '6238', '6246R', '4215', '8276L', '6240R', '5222', '6242R', '6226R', '6230R', '4215R', '8260M', '8276', '5218B', '6262V', '8260L', '8280M', '8260', '8280L', '6240Y', '6240M', '8268', '5218R', '6250', '4216', '6246', '8270', '6252N', '6258R', '4214R', '6244', '6240', '5215M', '4214', '8280', '5218N', '5217', '5220R', '5218', '5220', '8276M', '6238M', '6240L', '6254', '8253', '4214Y', '6252', '6242', '5220S', '4210', '6248', '6230', '6238R', '5215', '8260Y', '6222V', '4210R', '3206R', '6230N', '3204', '6234', '6238L', '4208', '6256', '6248R', '5215L']","['UCS-MR-128G8RS-H', 'UCS-MR-X64G2RT-H=', 'UCS-MR-X32G2RT-H', 'UCS-MR-X16G1RS-H', 'UCS-MR-X16G1RW1', 'UCS-MR-X64G2RT-H', 'UCS-MR-X32G2RS-H', 'UCS-MR-X8G1RS-H', 'UCS-MR-X32G2RT-H=', 'UCS-MR-X32G2RW1', 'UCS-MR-X16G2RS-H', 'UCS-MR-X32G2RSHM', 'UCS-MR-X64G4RS-H', 'UCS-MR-X16G1RSHM', 'UCS-MR-X16G1RT-H', 'UCS-MR-X64G2RW1', 'UCS-MR-X32G2RSHS']","['UCS-SD240GBM1X-EV=', 'UCS-SD19TBM3X-EP', 'UCS-SD16TK3X-EP=', 'UCS-SD800GBKNK9=', 'UCS-SD38TBHTNK9=', 'UCS-SD38T6I1X-EV=', 'UCS-SD19T63X-EP', 'UCS-SD38TBM1X-EV', 'UCS-SD32TK3X-EP=', 'UCS-SD16T61X-EV', 'UCS-SD38TBE1NK9', 'UCS-SD19TBM1X-EV', 'UCS-SD16TBM1X-EV=', 'UCS-SD16TB12TX-EP', 'UCS-SD480G121X-EV', 'UCS-SD19TBEM2NK9=', 'UCS-SD400H123X-EP', 'UCS-SD480GBM3X-EP', 'UCS-SD76TBKNK9=', 'UCS-SD38T61X-EV', 'UCS-SD76TK1X-EV=', 'UCS-SD38TBM1X-EV=', 'UCS-SD32TKA3X-EP', 'UCS-SD240GBM1X-EV', 'UCS-SD480G2HNK9', 'UCS-SD960GBM2NK9', 'UCS-SD38T6S1X-EV=', 'UCS-SD38TH61X-EV', 'UCS-SD38TM1X-EV', 'UCS-SD38TBHTNK9', 'UCS-SD76TBEM2NK9', 'UCS-SD480GBM1X-EV', 'UCS-SD960GBM3X-EP', 'UCS-SD38TK1X-EV', 'UCS-SD240G61X-EV', 'UCS-SD800GBKNK9', 'UCS-SD76TK1X-EV', 'UCS-SD16T123X-EP', 'UCS-SD960GK1X-EV=', 'UCS-SD76T6S1X-EV', 'UCS-SD32T123X-EP', 'UCS-SD19T6S1X-EV=', 'UCS-SD960G121X-EV', 'UCS-SD120GM1X-EV=', 'UCS-SD480G63X-EP=', 'UCS-SD960G6I1X-EV', 'UCS-SD960GBM3X-EP=', 'UCS-SD480G61X-EV', 'UCS-SD38TB121X-EV', 'UCS-SD800G123X-EP', 'UCS-SD19TBM3X-EP=', 'UCS-SD800GBENK9', 'UCS-SD800GK3X-EP=', 'UCS-SD15TK1X-EV', 'UCS-SD960G63X-EP=', 'UCS-SD76T61X-EV', 'UCS-SD960GBHTNK9', 'UCS-SD38T2HTNK9', 'UCS-SD16TBENK9', 'UCS-SD800G12TX-EP', 'UCS-SD38TBKNK9=', 'UCS-SD480G6I1X-EV=', 'UCS-SD32TK3X-EP', 'UCS-SD240GBE1NK9', 'UCS-SD76TBM1X-EV', 'UCS-SD38T6I1X-EV', 'UCS-SD960GK1X-EV', 'UCS-SD76T6S1X-EV=', 'UCS-SD960GH61X-EV', 'UCS-SD480GBHTNK9', 'UCS-SD16TBHNK9', 'UCS-SD960GBKNK9=', 'UCS-SD16TM1X-EV', 'UCS-SD480G63X-EP', 'UCS-SD480GH61X-EV', 'UCS-SD19T63X-EP=', 'UCS-SD76TM1X-EV', 'UCS-SD19TBM1X-EV=', 'UCS-SD19T61X-EV', 'UCS-SD76TBKNK9', 'UCS-SD960G63X-EP', 'UCS-SD19TB121X-EV', 'UCS-SD480GBM3X-EP=', 'UCS-SD32H123X-EP', 'UCS-SD480GBHTNK9=', 'UCS-SD16TK3X-EP', 'UCS-SD960G6S1X-EV', 'UCS-SD76TBM1X-EV=', 'UCS-SD120GM1X-EV', 'UCS-SD38TBKNK9', 'UCS-SD38T61X-EV=', 'UCS-SD960G6S1X-EV=', 'UCS-SD400G123X-EP', 'UCS-SD240GM1X-EV', 'UCS-SD480GM1X-EV', 'UCS-SD960GBM1X-EV', 'UCS-SD960G61X-EV', 'UCS-SD960GBE1NK9', 'UCS-SD960G2HTNK9', 'UCS-SD150G61X-EV', 'UCS-SD16TBKNK9', 'UCS-SD16TBM1X-EV', 'UCS-SD960GBM1X-EV=', 'UCS-SD38TK1X-EV=', 'UCS-SD16H123X-EP', 'UCS-SD480GBM1X-EV=', 'UCS-SD480G6I1X-EV', 'UCS-SD400G12TX-EP', 'UCS-SD800H123X-EP', 'UCS-SD16TBKNK9=', 'UCS-SD19TK1X-EV', 'UCS-SD800GK3X-EP', 'UCS-SD960GBKNK9', 'UCS-SD400GBENK9', 'UCS-SD19T6S1X-EV', 'UCS-SD19TK1X-EV=', 'UCS-SD960G6I1X-EV=', 'UCS-SD19T61X-EV=', 'UCS-SD38T6S1X-EV', 'UCS-SD16T63X-EP', 'UCS-SD400GBHNK9', 'UCS-SD15TK1X-EV=']","['UCS-HD600G15NK9=', 'UCS-HD1T7K12N=', 'UCS-HD900G15K12N', 'UCS-HD18TB10K4KN2=', 'UCS-HD24TB10K4KN', 'UCS-HD2T7K12N', 'UCS-HD300G10NK9', 'UCS-HD1T7K12N', 'UCS-HD18T10NK9=', 'UCS-HD300G15K12N=', 'UCS-HD12T10NK9', 'UCS-HD12TB10K12N', 'UCS-HD600G10K12N=', 'UCS-HD24T10NK9', 'UCS-HD12T10NK9=', 'UCS-HD600G10K12N', 'UCS-HD600G15NK9', 'UCS-HD600G15K12N=', 'UCS-HD18TB10K4KN', 'UCS-HD600G15K12N', 'UCS-HD300G10K12N=', 'UCS-HD300G15K12N', 'UCS-HD18T10NK9', 'UCS-HD12TB10K12N=', 'UCS-HD24T10NK9=', 'UCS-HD300G10K12N', 'UCS-HD18TB10K4KN11.8', 'UCS-HD1T7K6GAN=', 'UCS-HD1T7K6GAN', 'UCS-HD900G15K12N=', 'UCS-HD24TB10K4KN=', 'UCS-HD2T7K12N=']",16GB,2666,1,4,DDR4,RDIMM,ECC,1.2V,STD,1,,,is_encoded,c240m5-sff-specsheet.pdf,https://www.cisco.com/c/dam/en/us/products/collateral/servers-unified-computing/ucs-c-series-rack-servers/c240m5-sff-specsheet.pdf,https://www.cisco.com/c/dam/en/us/products/collateral/servers-unified-computing/ucs-c-series-rack-servers/c240m5-sff-specsheet.pdf,,,16D4ER14266612S1,1Rx4,"('1Rx4', '2Rx4', '8Rx4')",,,,
Cisco,UCS-MR-X64G2RW,Cisco UCS C240 M5 SFF Rack Server,Cisco,UCS,C240 M5 SFF,UCS-MR-X64G2RW1 64 GB DDR4-3200MHz RDIMM 2Rx4 (16Gb) 1.2 V 2,['24'],,,,,,memory,"['6226', '6238', '6246R', '4215', '8276L', '6240R', '5222', '6242R', '6226R', '6230R', '4215R', '8260M', '8276', '5218B', '6262V', '8260L', '8280M', '8260', '8280L', '6240Y', '6240M', '8268', '5218R', '6250', '4216', '6246', '8270', '6252N', '6258R', '4214R', '6244', '6240', '5215M', '4214', '8280', '5218N', '5217', '5220R', '5218', '5220', '8276M', '6238M', '6240L', '6254', '8253', '4214Y', '6252', '6242', '5220S', '4210', '6248', '6230', '6238R', '5215', '8260Y', '6222V', '4210R', '3206R', '6230N', '3204', '6234', '6238L', '4208', '6256', '6248R', '5215L']","['UCS-MR-128G8RS-H', 'UCS-MR-X64G2RT-H=', 'UCS-MR-X32G2RT-H', 'UCS-MR-X16G1RS-H', 'UCS-MR-X16G1RW1', 'UCS-MR-X64G2RT-H', 'UCS-MR-X32G2RS-H', 'UCS-MR-X8G1RS-H', 'UCS-MR-X32G2RT-H=', 'UCS-MR-X32G2RW1', 'UCS-MR-X16G2RS-H', 'UCS-MR-X32G2RSHM', 'UCS-MR-X64G4RS-H', 'UCS-MR-X16G1RSHM', 'UCS-MR-X16G1RT-H', 'UCS-MR-X64G2RW1', 'UCS-MR-X32G2RSHS']","['UCS-SD240GBM1X-EV=', 'UCS-SD19TBM3X-EP', 'UCS-SD16TK3X-EP=', 'UCS-SD800GBKNK9=', 'UCS-SD38TBHTNK9=', 'UCS-SD38T6I1X-EV=', 'UCS-SD19T63X-EP', 'UCS-SD38TBM1X-EV', 'UCS-SD32TK3X-EP=', 'UCS-SD16T61X-EV', 'UCS-SD38TBE1NK9', 'UCS-SD19TBM1X-EV', 'UCS-SD16TBM1X-EV=', 'UCS-SD16TB12TX-EP', 'UCS-SD480G121X-EV', 'UCS-SD19TBEM2NK9=', 'UCS-SD400H123X-EP', 'UCS-SD480GBM3X-EP', 'UCS-SD76TBKNK9=', 'UCS-SD38T61X-EV', 'UCS-SD76TK1X-EV=', 'UCS-SD38TBM1X-EV=', 'UCS-SD32TKA3X-EP', 'UCS-SD240GBM1X-EV', 'UCS-SD480G2HNK9', 'UCS-SD960GBM2NK9', 'UCS-SD38T6S1X-EV=', 'UCS-SD38TH61X-EV', 'UCS-SD38TM1X-EV', 'UCS-SD38TBHTNK9', 'UCS-SD76TBEM2NK9', 'UCS-SD480GBM1X-EV', 'UCS-SD960GBM3X-EP', 'UCS-SD38TK1X-EV', 'UCS-SD240G61X-EV', 'UCS-SD800GBKNK9', 'UCS-SD76TK1X-EV', 'UCS-SD16T123X-EP', 'UCS-SD960GK1X-EV=', 'UCS-SD76T6S1X-EV', 'UCS-SD32T123X-EP', 'UCS-SD19T6S1X-EV=', 'UCS-SD960G121X-EV', 'UCS-SD120GM1X-EV=', 'UCS-SD480G63X-EP=', 'UCS-SD960G6I1X-EV', 'UCS-SD960GBM3X-EP=', 'UCS-SD480G61X-EV', 'UCS-SD38TB121X-EV', 'UCS-SD800G123X-EP', 'UCS-SD19TBM3X-EP=', 'UCS-SD800GBENK9', 'UCS-SD800GK3X-EP=', 'UCS-SD15TK1X-EV', 'UCS-SD960G63X-EP=', 'UCS-SD76T61X-EV', 'UCS-SD960GBHTNK9', 'UCS-SD38T2HTNK9', 'UCS-SD16TBENK9', 'UCS-SD800G12TX-EP', 'UCS-SD38TBKNK9=', 'UCS-SD480G6I1X-EV=', 'UCS-SD32TK3X-EP', 'UCS-SD240GBE1NK9', 'UCS-SD76TBM1X-EV', 'UCS-SD38T6I1X-EV', 'UCS-SD960GK1X-EV', 'UCS-SD76T6S1X-EV=', 'UCS-SD960GH61X-EV', 'UCS-SD480GBHTNK9', 'UCS-SD16TBHNK9', 'UCS-SD960GBKNK9=', 'UCS-SD16TM1X-EV', 'UCS-SD480G63X-EP', 'UCS-SD480GH61X-EV', 'UCS-SD19T63X-EP=', 'UCS-SD76TM1X-EV', 'UCS-SD19TBM1X-EV=', 'UCS-SD19T61X-EV', 'UCS-SD76TBKNK9', 'UCS-SD960G63X-EP', 'UCS-SD19TB121X-EV', 'UCS-SD480GBM3X-EP=', 'UCS-SD32H123X-EP', 'UCS-SD480GBHTNK9=', 'UCS-SD16TK3X-EP', 'UCS-SD960G6S1X-EV', 'UCS-SD76TBM1X-EV=', 'UCS-SD120GM1X-EV', 'UCS-SD38TBKNK9', 'UCS-SD38T61X-EV=', 'UCS-SD960G6S1X-EV=', 'UCS-SD400G123X-EP', 'UCS-SD240GM1X-EV', 'UCS-SD480GM1X-EV', 'UCS-SD960GBM1X-EV', 'UCS-SD960G61X-EV', 'UCS-SD960GBE1NK9', 'UCS-SD960G2HTNK9', 'UCS-SD150G61X-EV', 'UCS-SD16TBKNK9', 'UCS-SD16TBM1X-EV', 'UCS-SD960GBM1X-EV=', 'UCS-SD38TK1X-EV=', 'UCS-SD16H123X-EP', 'UCS-SD480GBM1X-EV=', 'UCS-SD480G6I1X-EV', 'UCS-SD400G12TX-EP', 'UCS-SD800H123X-EP', 'UCS-SD16TBKNK9=', 'UCS-SD19TK1X-EV', 'UCS-SD800GK3X-EP', 'UCS-SD960GBKNK9', 'UCS-SD400GBENK9', 'UCS-SD19T6S1X-EV', 'UCS-SD19TK1X-EV=', 'UCS-SD960G6I1X-EV=', 'UCS-SD19T61X-EV=', 'UCS-SD38T6S1X-EV', 'UCS-SD16T63X-EP', 'UCS-SD400GBHNK9', 'UCS-SD15TK1X-EV=']","['UCS-HD600G15NK9=', 'UCS-HD1T7K12N=', 'UCS-HD900G15K12N', 'UCS-HD18TB10K4KN2=', 'UCS-HD24TB10K4KN', 'UCS-HD2T7K12N', 'UCS-HD300G10NK9', 'UCS-HD1T7K12N', 'UCS-HD18T10NK9=', 'UCS-HD300G15K12N=', 'UCS-HD12T10NK9', 'UCS-HD12TB10K12N', 'UCS-HD600G10K12N=', 'UCS-HD24T10NK9', 'UCS-HD12T10NK9=', 'UCS-HD600G10K12N', 'UCS-HD600G15NK9', 'UCS-HD600G15K12N=', 'UCS-HD18TB10K4KN', 'UCS-HD600G15K12N', 'UCS-HD300G10K12N=', 'UCS-HD300G15K12N', 'UCS-HD18T10NK9', 'UCS-HD12TB10K12N=', 'UCS-HD24T10NK9=', 'UCS-HD300G10K12N', 'UCS-HD18TB10K4KN11.8', 'UCS-HD1T7K6GAN=', 'UCS-HD1T7K6GAN', 'UCS-HD900G15K12N=', 'UCS-HD24TB10K4KN=', 'UCS-HD2T7K12N=']",64GB,3200,2,4,DDR4,RDIMM,ECC,1.2V,STD,1,,,is_encoded,c240m5-sff-specsheet.pdf,https://www.cisco.com/c/dam/en/us/products/collateral/servers-unified-computing/ucs-c-series-rack-servers/c240m5-sff-specsheet.pdf,https://www.cisco.com/c/dam/en/us/products/collateral/servers-unified-computing/ucs-c-series-rack-servers/c240m5-sff-specsheet.pdf,,,64D4ER24320012S1,2Rx4,"('1Rx4', '2Rx4', '8Rx4')",,,,
Cisco,UCS-MR-X64G2RT-H,Cisco UCS C240 M5 SFF Rack Server,Cisco,UCS,C240 M5 SFF,UCS-MR-X64G2RT-H 64GB DDR4-2933MHz RDIMM 2Rx4 (16Gb)/1.2v,['24'],,,,,,memory,"['6226', '6238', '6246R', '4215', '8276L', '6240R', '5222', '6242R', '6226R', '6230R', '4215R', '8260M', '8276', '5218B', '6262V', '8260L', '8280M', '8260', '8280L', '6240Y', '6240M', '8268', '5218R', '6250', '4216', '6246', '8270', '6252N', '6258R', '4214R', '6244', '6240', '5215M', '4214', '8280', '5218N', '5217', '5220R', '5218', '5220', '8276M', '6238M', '6240L', '6254', '8253', '4214Y', '6252', '6242', '5220S', '4210', '6248', '6230', '6238R', '5215', '8260Y', '6222V', '4210R', '3206R', '6230N', '3204', '6234', '6238L', '4208', '6256', '6248R', '5215L']","['UCS-MR-128G8RS-H', 'UCS-MR-X64G2RT-H=', 'UCS-MR-X32G2RT-H', 'UCS-MR-X16G1RS-H', 'UCS-MR-X16G1RW1', 'UCS-MR-X64G2RT-H', 'UCS-MR-X32G2RS-H', 'UCS-MR-X8G1RS-H', 'UCS-MR-X32G2RT-H=', 'UCS-MR-X32G2RW1', 'UCS-MR-X16G2RS-H', 'UCS-MR-X32G2RSHM', 'UCS-MR-X64G4RS-H', 'UCS-MR-X16G1RSHM', 'UCS-MR-X16G1RT-H', 'UCS-MR-X64G2RW1', 'UCS-MR-X32G2RSHS']","['UCS-SD240GBM1X-EV=', 'UCS-SD19TBM3X-EP', 'UCS-SD16TK3X-EP=', 'UCS-SD800GBKNK9=', 'UCS-SD38TBHTNK9=', 'UCS-SD38T6I1X-EV=', 'UCS-SD19T63X-EP', 'UCS-SD38TBM1X-EV', 'UCS-SD32TK3X-EP=', 'UCS-SD16T61X-EV', 'UCS-SD38TBE1NK9', 'UCS-SD19TBM1X-EV', 'UCS-SD16TBM1X-EV=', 'UCS-SD16TB12TX-EP', 'UCS-SD480G121X-EV', 'UCS-SD19TBEM2NK9=', 'UCS-SD400H123X-EP', 'UCS-SD480GBM3X-EP', 'UCS-SD76TBKNK9=', 'UCS-SD38T61X-EV', 'UCS-SD76TK1X-EV=', 'UCS-SD38TBM1X-EV=', 'UCS-SD32TKA3X-EP', 'UCS-SD240GBM1X-EV', 'UCS-SD480G2HNK9', 'UCS-SD960GBM2NK9', 'UCS-SD38T6S1X-EV=', 'UCS-SD38TH61X-EV', 'UCS-SD38TM1X-EV', 'UCS-SD38TBHTNK9', 'UCS-SD76TBEM2NK9', 'UCS-SD480GBM1X-EV', 'UCS-SD960GBM3X-EP', 'UCS-SD38TK1X-EV', 'UCS-SD240G61X-EV', 'UCS-SD800GBKNK9', 'UCS-SD76TK1X-EV', 'UCS-SD16T123X-EP', 'UCS-SD960GK1X-EV=', 'UCS-SD76T6S1X-EV', 'UCS-SD32T123X-EP', 'UCS-SD19T6S1X-EV=', 'UCS-SD960G121X-EV', 'UCS-SD120GM1X-EV=', 'UCS-SD480G63X-EP=', 'UCS-SD960G6I1X-EV', 'UCS-SD960GBM3X-EP=', 'UCS-SD480G61X-EV', 'UCS-SD38TB121X-EV', 'UCS-SD800G123X-EP', 'UCS-SD19TBM3X-EP=', 'UCS-SD800GBENK9', 'UCS-SD800GK3X-EP=', 'UCS-SD15TK1X-EV', 'UCS-SD960G63X-EP=', 'UCS-SD76T61X-EV', 'UCS-SD960GBHTNK9', 'UCS-SD38T2HTNK9', 'UCS-SD16TBENK9', 'UCS-SD800G12TX-EP', 'UCS-SD38TBKNK9=', 'UCS-SD480G6I1X-EV=', 'UCS-SD32TK3X-EP', 'UCS-SD240GBE1NK9', 'UCS-SD76TBM1X-EV', 'UCS-SD38T6I1X-EV', 'UCS-SD960GK1X-EV', 'UCS-SD76T6S1X-EV=', 'UCS-SD960GH61X-EV', 'UCS-SD480GBHTNK9', 'UCS-SD16TBHNK9', 'UCS-SD960GBKNK9=', 'UCS-SD16TM1X-EV', 'UCS-SD480G63X-EP', 'UCS-SD480GH61X-EV', 'UCS-SD19T63X-EP=', 'UCS-SD76TM1X-EV', 'UCS-SD19TBM1X-EV=', 'UCS-SD19T61X-EV', 'UCS-SD76TBKNK9', 'UCS-SD960G63X-EP', 'UCS-SD19TB121X-EV', 'UCS-SD480GBM3X-EP=', 'UCS-SD32H123X-EP', 'UCS-SD480GBHTNK9=', 'UCS-SD16TK3X-EP', 'UCS-SD960G6S1X-EV', 'UCS-SD76TBM1X-EV=', 'UCS-SD120GM1X-EV', 'UCS-SD38TBKNK9', 'UCS-SD38T61X-EV=', 'UCS-SD960G6S1X-EV=', 'UCS-SD400G123X-EP', 'UCS-SD240GM1X-EV', 'UCS-SD480GM1X-EV', 'UCS-SD960GBM1X-EV', 'UCS-SD960G61X-EV', 'UCS-SD960GBE1NK9', 'UCS-SD960G2HTNK9', 'UCS-SD150G61X-EV', 'UCS-SD16TBKNK9', 'UCS-SD16TBM1X-EV', 'UCS-SD960GBM1X-EV=', 'UCS-SD38TK1X-EV=', 'UCS-SD16H123X-EP', 'UCS-SD480GBM1X-EV=', 'UCS-SD480G6I1X-EV', 'UCS-SD400G12TX-EP', 'UCS-SD800H123X-EP', 'UCS-SD16TBKNK9=', 'UCS-SD19TK1X-EV', 'UCS-SD800GK3X-EP', 'UCS-SD960GBKNK9', 'UCS-SD400GBENK9', 'UCS-SD19T6S1X-EV', 'UCS-SD19TK1X-EV=', 'UCS-SD960G6I1X-EV=', 'UCS-SD19T61X-EV=', 'UCS-SD38T6S1X-EV', 'UCS-SD16T63X-EP', 'UCS-SD400GBHNK9', 'UCS-SD15TK1X-EV=']","['UCS-HD600G15NK9=', 'UCS-HD1T7K12N=', 'UCS-HD900G15K12N', 'UCS-HD18TB10K4KN2=', 'UCS-HD24TB10K4KN', 'UCS-HD2T7K12N', 'UCS-HD300G10NK9', 'UCS-HD1T7K12N', 'UCS-HD18T10NK9=', 'UCS-HD300G15K12N=', 'UCS-HD12T10NK9', 'UCS-HD12TB10K12N', 'UCS-HD600G10K12N=', 'UCS-HD24T10NK9', 'UCS-HD12T10NK9=', 'UCS-HD600G10K12N', 'UCS-HD600G15NK9', 'UCS-HD600G15K12N=', 'UCS-HD18TB10K4KN', 'UCS-HD600G15K12N', 'UCS-HD300G10K12N=', 'UCS-HD300G15K12N', 'UCS-HD18T10NK9', 'UCS-HD12TB10K12N=', 'UCS-HD24T10NK9=', 'UCS-HD300G10K12N', 'UCS-HD18TB10K4KN11.8', 'UCS-HD1T7K6GAN=', 'UCS-HD1T7K6GAN', 'UCS-HD900G15K12N=', 'UCS-HD24TB10K4KN=', 'UCS-HD2T7K12N=']",64GB,2933,2,4,DDR4,RDIMM,ECC,1.2V,STD,1,,,is_encoded,c240m5-sff-specsheet.pdf,https://www.cisco.com/c/dam/en/us/products/collateral/servers-unified-computing/ucs-c-series-rack-servers/c240m5-sff-specsheet.pdf,https://www.cisco.com/c/dam/en/us/products/collateral/servers-unified-computing/ucs-c-series-rack-servers/c240m5-sff-specsheet.pdf,,,64D4ER24293312S1,2Rx4,"('1Rx4', '2Rx4', '8Rx4')",,,,
Cisco,UCS-MR-X32G2RW,Cisco UCS C240 M5 SFF Rack Server,Cisco,UCS,C240 M5 SFF,UCS-MR-X32G2RW1 32 GB DDR4-3200MHz RDIMM 2Rx4 (8Gb) 1.2 V 2,['24'],,,,,,memory,"['6226', '6238', '6246R', '4215', '8276L', '6240R', '5222', '6242R', '6226R', '6230R', '4215R', '8260M', '8276', '5218B', '6262V', '8260L', '8280M', '8260', '8280L', '6240Y', '6240M', '8268', '5218R', '6250', '4216', '6246', '8270', '6252N', '6258R', '4214R', '6244', '6240', '5215M', '4214', '8280', '5218N', '5217', '5220R', '5218', '5220', '8276M', '6238M', '6240L', '6254', '8253', '4214Y', '6252', '6242', '5220S', '4210', '6248', '6230', '6238R', '5215', '8260Y', '6222V', '4210R', '3206R', '6230N', '3204', '6234', '6238L', '4208', '6256', '6248R', '5215L']","['UCS-MR-128G8RS-H', 'UCS-MR-X64G2RT-H=', 'UCS-MR-X32G2RT-H', 'UCS-MR-X16G1RS-H', 'UCS-MR-X16G1RW1', 'UCS-MR-X64G2RT-H', 'UCS-MR-X32G2RS-H', 'UCS-MR-X8G1RS-H', 'UCS-MR-X32G2RT-H=', 'UCS-MR-X32G2RW1', 'UCS-MR-X16G2RS-H', 'UCS-MR-X32G2RSHM', 'UCS-MR-X64G4RS-H', 'UCS-MR-X16G1RSHM', 'UCS-MR-X16G1RT-H', 'UCS-MR-X64G2RW1', 'UCS-MR-X32G2RSHS']","['UCS-SD240GBM1X-EV=', 'UCS-SD19TBM3X-EP', 'UCS-SD16TK3X-EP=', 'UCS-SD800GBKNK9=', 'UCS-SD38TBHTNK9=', 'UCS-SD38T6I1X-EV=', 'UCS-SD19T63X-EP', 'UCS-SD38TBM1X-EV', 'UCS-SD32TK3X-EP=', 'UCS-SD16T61X-EV', 'UCS-SD38TBE1NK9', 'UCS-SD19TBM1X-EV', 'UCS-SD16TBM1X-EV=', 'UCS-SD16TB12TX-EP', 'UCS-SD480G121X-EV', 'UCS-SD19TBEM2NK9=', 'UCS-SD400H123X-EP', 'UCS-SD480GBM3X-EP', 'UCS-SD76TBKNK9=', 'UCS-SD38T61X-EV', 'UCS-SD76TK1X-EV=', 'UCS-SD38TBM1X-EV=', 'UCS-SD32TKA3X-EP', 'UCS-SD240GBM1X-EV', 'UCS-SD480G2HNK9', 'UCS-SD960GBM2NK9', 'UCS-SD38T6S1X-EV=', 'UCS-SD38TH61X-EV', 'UCS-SD38TM1X-EV', 'UCS-SD38TBHTNK9', 'UCS-SD76TBEM2NK9', 'UCS-SD480GBM1X-EV', 'UCS-SD960GBM3X-EP', 'UCS-SD38TK1X-EV', 'UCS-SD240G61X-EV', 'UCS-SD800GBKNK9', 'UCS-SD76TK1X-EV', 'UCS-SD16T123X-EP', 'UCS-SD960GK1X-EV=', 'UCS-SD76T6S1X-EV', 'UCS-SD32T123X-EP', 'UCS-SD19T6S1X-EV=', 'UCS-SD960G121X-EV', 'UCS-SD120GM1X-EV=', 'UCS-SD480G63X-EP=', 'UCS-SD960G6I1X-EV', 'UCS-SD960GBM3X-EP=', 'UCS-SD480G61X-EV', 'UCS-SD38TB121X-EV', 'UCS-SD800G123X-EP', 'UCS-SD19TBM3X-EP=', 'UCS-SD800GBENK9', 'UCS-SD800GK3X-EP=', 'UCS-SD15TK1X-EV', 'UCS-SD960G63X-EP=', 'UCS-SD76T61X-EV', 'UCS-SD960GBHTNK9', 'UCS-SD38T2HTNK9', 'UCS-SD16TBENK9', 'UCS-SD800G12TX-EP', 'UCS-SD38TBKNK9=', 'UCS-SD480G6I1X-EV=', 'UCS-SD32TK3X-EP', 'UCS-SD240GBE1NK9', 'UCS-SD76TBM1X-EV', 'UCS-SD38T6I1X-EV', 'UCS-SD960GK1X-EV', 'UCS-SD76T6S1X-EV=', 'UCS-SD960GH61X-EV', 'UCS-SD480GBHTNK9', 'UCS-SD16TBHNK9', 'UCS-SD960GBKNK9=', 'UCS-SD16TM1X-EV', 'UCS-SD480G63X-EP', 'UCS-SD480GH61X-EV', 'UCS-SD19T63X-EP=', 'UCS-SD76TM1X-EV', 'UCS-SD19TBM1X-EV=', 'UCS-SD19T61X-EV', 'UCS-SD76TBKNK9', 'UCS-SD960G63X-EP', 'UCS-SD19TB121X-EV', 'UCS-SD480GBM3X-EP=', 'UCS-SD32H123X-EP', 'UCS-SD480GBHTNK9=', 'UCS-SD16TK3X-EP', 'UCS-SD960G6S1X-EV', 'UCS-SD76TBM1X-EV=', 'UCS-SD120GM1X-EV', 'UCS-SD38TBKNK9', 'UCS-SD38T61X-EV=', 'UCS-SD960G6S1X-EV=', 'UCS-SD400G123X-EP', 'UCS-SD240GM1X-EV', 'UCS-SD480GM1X-EV', 'UCS-SD960GBM1X-EV', 'UCS-SD960G61X-EV', 'UCS-SD960GBE1NK9', 'UCS-SD960G2HTNK9', 'UCS-SD150G61X-EV', 'UCS-SD16TBKNK9', 'UCS-SD16TBM1X-EV', 'UCS-SD960GBM1X-EV=', 'UCS-SD38TK1X-EV=', 'UCS-SD16H123X-EP', 'UCS-SD480GBM1X-EV=', 'UCS-SD480G6I1X-EV', 'UCS-SD400G12TX-EP', 'UCS-SD800H123X-EP', 'UCS-SD16TBKNK9=', 'UCS-SD19TK1X-EV', 'UCS-SD800GK3X-EP', 'UCS-SD960GBKNK9', 'UCS-SD400GBENK9', 'UCS-SD19T6S1X-EV', 'UCS-SD19TK1X-EV=', 'UCS-SD960G6I1X-EV=', 'UCS-SD19T61X-EV=', 'UCS-SD38T6S1X-EV', 'UCS-SD16T63X-EP', 'UCS-SD400GBHNK9', 'UCS-SD15TK1X-EV=']","['UCS-HD600G15NK9=', 'UCS-HD1T7K12N=', 'UCS-HD900G15K12N', 'UCS-HD18TB10K4KN2=', 'UCS-HD24TB10K4KN', 'UCS-HD2T7K12N', 'UCS-HD300G10NK9', 'UCS-HD1T7K12N', 'UCS-HD18T10NK9=', 'UCS-HD300G15K12N=', 'UCS-HD12T10NK9', 'UCS-HD12TB10K12N', 'UCS-HD600G10K12N=', 'UCS-HD24T10NK9', 'UCS-HD12T10NK9=', 'UCS-HD600G10K12N', 'UCS-HD600G15NK9', 'UCS-HD600G15K12N=', 'UCS-HD18TB10K4KN', 'UCS-HD600G15K12N', 'UCS-HD300G10K12N=', 'UCS-HD300G15K12N', 'UCS-HD18T10NK9', 'UCS-HD12TB10K12N=', 'UCS-HD24T10NK9=', 'UCS-HD300G10K12N', 'UCS-HD18TB10K4KN11.8', 'UCS-HD1T7K6GAN=', 'UCS-HD1T7K6GAN', 'UCS-HD900G15K12N=', 'UCS-HD24TB10K4KN=', 'UCS-HD2T7K12N=']",32GB,3200,2,4,DDR4,RDIMM,ECC,1.2V,STD,1,,,is_encoded,c240m5-sff-specsheet.pdf,https://www.cisco.com/c/dam/en/us/products/collateral/servers-unified-computing/ucs-c-series-rack-servers/c240m5-sff-specsheet.pdf,https://www.cisco.com/c/dam/en/us/products/collateral/servers-unified-computing/ucs-c-series-rack-servers/c240m5-sff-specsheet.pdf,,,32D4ER24320012S1,2Rx4,"('1Rx4', '2Rx4', '8Rx4')",,,,
Cisco,UCS-MR-X32G2RT-H,Cisco UCS C240 M5 SFF Rack Server,Cisco,UCS,C240 M5 SFF,UCS-MR-X32G2RT-H 32GB DDR4-2933MHz RDIMM 2Rx4 (8Gb)/1.2v,['24'],,,,,,memory,"['6226', '6238', '6246R', '4215', '8276L', '6240R', '5222', '6242R', '6226R', '6230R', '4215R', '8260M', '8276', '5218B', '6262V', '8260L', '8280M', '8260', '8280L', '6240Y', '6240M', '8268', '5218R', '6250', '4216', '6246', '8270', '6252N', '6258R', '4214R', '6244', '6240', '5215M', '4214', '8280', '5218N', '5217', '5220R', '5218', '5220', '8276M', '6238M', '6240L', '6254', '8253', '4214Y', '6252', '6242', '5220S', '4210', '6248', '6230', '6238R', '5215', '8260Y', '6222V', '4210R', '3206R', '6230N', '3204', '6234', '6238L', '4208', '6256', '6248R', '5215L']","['UCS-MR-128G8RS-H', 'UCS-MR-X64G2RT-H=', 'UCS-MR-X32G2RT-H', 'UCS-MR-X16G1RS-H', 'UCS-MR-X16G1RW1', 'UCS-MR-X64G2RT-H', 'UCS-MR-X32G2RS-H', 'UCS-MR-X8G1RS-H', 'UCS-MR-X32G2RT-H=', 'UCS-MR-X32G2RW1', 'UCS-MR-X16G2RS-H', 'UCS-MR-X32G2RSHM', 'UCS-MR-X64G4RS-H', 'UCS-MR-X16G1RSHM', 'UCS-MR-X16G1RT-H', 'UCS-MR-X64G2RW1', 'UCS-MR-X32G2RSHS']","['UCS-SD240GBM1X-EV=', 'UCS-SD19TBM3X-EP', 'UCS-SD16TK3X-EP=', 'UCS-SD800GBKNK9=', 'UCS-SD38TBHTNK9=', 'UCS-SD38T6I1X-EV=', 'UCS-SD19T63X-EP', 'UCS-SD38TBM1X-EV', 'UCS-SD32TK3X-EP=', 'UCS-SD16T61X-EV', 'UCS-SD38TBE1NK9', 'UCS-SD19TBM1X-EV', 'UCS-SD16TBM1X-EV=', 'UCS-SD16TB12TX-EP', 'UCS-SD480G121X-EV', 'UCS-SD19TBEM2NK9=', 'UCS-SD400H123X-EP', 'UCS-SD480GBM3X-EP', 'UCS-SD76TBKNK9=', 'UCS-SD38T61X-EV', 'UCS-SD76TK1X-EV=', 'UCS-SD38TBM1X-EV=', 'UCS-SD32TKA3X-EP', 'UCS-SD240GBM1X-EV', 'UCS-SD480G2HNK9', 'UCS-SD960GBM2NK9', 'UCS-SD38T6S1X-EV=', 'UCS-SD38TH61X-EV', 'UCS-SD38TM1X-EV', 'UCS-SD38TBHTNK9', 'UCS-SD76TBEM2NK9', 'UCS-SD480GBM1X-EV', 'UCS-SD960GBM3X-EP', 'UCS-SD38TK1X-EV', 'UCS-SD240G61X-EV', 'UCS-SD800GBKNK9', 'UCS-SD76TK1X-EV', 'UCS-SD16T123X-EP', 'UCS-SD960GK1X-EV=', 'UCS-SD76T6S1X-EV', 'UCS-SD32T123X-EP', 'UCS-SD19T6S1X-EV=', 'UCS-SD960G121X-EV', 'UCS-SD120GM1X-EV=', 'UCS-SD480G63X-EP=', 'UCS-SD960G6I1X-EV', 'UCS-SD960GBM3X-EP=', 'UCS-SD480G61X-EV', 'UCS-SD38TB121X-EV', 'UCS-SD800G123X-EP', 'UCS-SD19TBM3X-EP=', 'UCS-SD800GBENK9', 'UCS-SD800GK3X-EP=', 'UCS-SD15TK1X-EV', 'UCS-SD960G63X-EP=', 'UCS-SD76T61X-EV', 'UCS-SD960GBHTNK9', 'UCS-SD38T2HTNK9', 'UCS-SD16TBENK9', 'UCS-SD800G12TX-EP', 'UCS-SD38TBKNK9=', 'UCS-SD480G6I1X-EV=', 'UCS-SD32TK3X-EP', 'UCS-SD240GBE1NK9', 'UCS-SD76TBM1X-EV', 'UCS-SD38T6I1X-EV', 'UCS-SD960GK1X-EV', 'UCS-SD76T6S1X-EV=', 'UCS-SD960GH61X-EV', 'UCS-SD480GBHTNK9', 'UCS-SD16TBHNK9', 'UCS-SD960GBKNK9=', 'UCS-SD16TM1X-EV', 'UCS-SD480G63X-EP', 'UCS-SD480GH61X-EV', 'UCS-SD19T63X-EP=', 'UCS-SD76TM1X-EV', 'UCS-SD19TBM1X-EV=', 'UCS-SD19T61X-EV', 'UCS-SD76TBKNK9', 'UCS-SD960G63X-EP', 'UCS-SD19TB121X-EV', 'UCS-SD480GBM3X-EP=', 'UCS-SD32H123X-EP', 'UCS-SD480GBHTNK9=', 'UCS-SD16TK3X-EP', 'UCS-SD960G6S1X-EV', 'UCS-SD76TBM1X-EV=', 'UCS-SD120GM1X-EV', 'UCS-SD38TBKNK9', 'UCS-SD38T61X-EV=', 'UCS-SD960G6S1X-EV=', 'UCS-SD400G123X-EP', 'UCS-SD240GM1X-EV', 'UCS-SD480GM1X-EV', 'UCS-SD960GBM1X-EV', 'UCS-SD960G61X-EV', 'UCS-SD960GBE1NK9', 'UCS-SD960G2HTNK9', 'UCS-SD150G61X-EV', 'UCS-SD16TBKNK9', 'UCS-SD16TBM1X-EV', 'UCS-SD960GBM1X-EV=', 'UCS-SD38TK1X-EV=', 'UCS-SD16H123X-EP', 'UCS-SD480GBM1X-EV=', 'UCS-SD480G6I1X-EV', 'UCS-SD400G12TX-EP', 'UCS-SD800H123X-EP', 'UCS-SD16TBKNK9=', 'UCS-SD19TK1X-EV', 'UCS-SD800GK3X-EP', 'UCS-SD960GBKNK9', 'UCS-SD400GBENK9', 'UCS-SD19T6S1X-EV', 'UCS-SD19TK1X-EV=', 'UCS-SD960G6I1X-EV=', 'UCS-SD19T61X-EV=', 'UCS-SD38T6S1X-EV', 'UCS-SD16T63X-EP', 'UCS-SD400GBHNK9', 'UCS-SD15TK1X-EV=']","['UCS-HD600G15NK9=', 'UCS-HD1T7K12N=', 'UCS-HD900G15K12N', 'UCS-HD18TB10K4KN2=', 'UCS-HD24TB10K4KN', 'UCS-HD2T7K12N', 'UCS-HD300G10NK9', 'UCS-HD1T7K12N', 'UCS-HD18T10NK9=', 'UCS-HD300G15K12N=', 'UCS-HD12T10NK9', 'UCS-HD12TB10K12N', 'UCS-HD600G10K12N=', 'UCS-HD24T10NK9', 'UCS-HD12T10NK9=', 'UCS-HD600G10K12N', 'UCS-HD600G15NK9', 'UCS-HD600G15K12N=', 'UCS-HD18TB10K4KN', 'UCS-HD600G15K12N', 'UCS-HD300G10K12N=', 'UCS-HD300G15K12N', 'UCS-HD18T10NK9', 'UCS-HD12TB10K12N=', 'UCS-HD24T10NK9=', 'UCS-HD300G10K12N', 'UCS-HD18TB10K4KN11.8', 'UCS-HD1T7K6GAN=', 'UCS-HD1T7K6GAN', 'UCS-HD900G15K12N=', 'UCS-HD24TB10K4KN=', 'UCS-HD2T7K12N=']",32GB,2933,2,4,DDR4,RDIMM,ECC,1.2V,STD,1,,,is_encoded,c240m5-sff-specsheet.pdf,https://www.cisco.com/c/dam/en/us/products/collateral/servers-unified-computing/ucs-c-series-rack-servers/c240m5-sff-specsheet.pdf,https://www.cisco.com/c/dam/en/us/products/collateral/servers-unified-computing/ucs-c-series-rack-servers/c240m5-sff-specsheet.pdf,,,32D4ER24293312S1,2Rx4,"('1Rx4', '2Rx4', '8Rx4')",,,,
Cisco,UCS-MR-X32G2RSHS,Cisco UCS C240 M5 SFF Rack Server,Cisco,UCS,C240 M5 SFF,UCS-MR-X32G2RSHS 32GB DDR4-2666-MHz RDIMM/dual rank/x4/1.2v. Samsung only,['24'],,,,,,memory,"['6226', '6238', '6246R', '4215', '8276L', '6240R', '5222', '6242R', '6226R', '6230R', '4215R', '8260M', '8276', '5218B', '6262V', '8260L', '8280M', '8260', '8280L', '6240Y', '6240M', '8268', '5218R', '6250', '4216', '6246', '8270', '6252N', '6258R', '4214R', '6244', '6240', '5215M', '4214', '8280', '5218N', '5217', '5220R', '5218', '5220', '8276M', '6238M', '6240L', '6254', '8253', '4214Y', '6252', '6242', '5220S', '4210', '6248', '6230', '6238R', '5215', '8260Y', '6222V', '4210R', '3206R', '6230N', '3204', '6234', '6238L', '4208', '6256', '6248R', '5215L']","['UCS-MR-128G8RS-H', 'UCS-MR-X64G2RT-H=', 'UCS-MR-X32G2RT-H', 'UCS-MR-X16G1RS-H', 'UCS-MR-X16G1RW1', 'UCS-MR-X64G2RT-H', 'UCS-MR-X32G2RS-H', 'UCS-MR-X8G1RS-H', 'UCS-MR-X32G2RT-H=', 'UCS-MR-X32G2RW1', 'UCS-MR-X16G2RS-H', 'UCS-MR-X32G2RSHM', 'UCS-MR-X64G4RS-H', 'UCS-MR-X16G1RSHM', 'UCS-MR-X16G1RT-H', 'UCS-MR-X64G2RW1', 'UCS-MR-X32G2RSHS']","['UCS-SD240GBM1X-EV=', 'UCS-SD19TBM3X-EP', 'UCS-SD16TK3X-EP=', 'UCS-SD800GBKNK9=', 'UCS-SD38TBHTNK9=', 'UCS-SD38T6I1X-EV=', 'UCS-SD19T63X-EP', 'UCS-SD38TBM1X-EV', 'UCS-SD32TK3X-EP=', 'UCS-SD16T61X-EV', 'UCS-SD38TBE1NK9', 'UCS-SD19TBM1X-EV', 'UCS-SD16TBM1X-EV=', 'UCS-SD16TB12TX-EP', 'UCS-SD480G121X-EV', 'UCS-SD19TBEM2NK9=', 'UCS-SD400H123X-EP', 'UCS-SD480GBM3X-EP', 'UCS-SD76TBKNK9=', 'UCS-SD38T61X-EV', 'UCS-SD76TK1X-EV=', 'UCS-SD38TBM1X-EV=', 'UCS-SD32TKA3X-EP', 'UCS-SD240GBM1X-EV', 'UCS-SD480G2HNK9', 'UCS-SD960GBM2NK9', 'UCS-SD38T6S1X-EV=', 'UCS-SD38TH61X-EV', 'UCS-SD38TM1X-EV', 'UCS-SD38TBHTNK9', 'UCS-SD76TBEM2NK9', 'UCS-SD480GBM1X-EV', 'UCS-SD960GBM3X-EP', 'UCS-SD38TK1X-EV', 'UCS-SD240G61X-EV', 'UCS-SD800GBKNK9', 'UCS-SD76TK1X-EV', 'UCS-SD16T123X-EP', 'UCS-SD960GK1X-EV=', 'UCS-SD76T6S1X-EV', 'UCS-SD32T123X-EP', 'UCS-SD19T6S1X-EV=', 'UCS-SD960G121X-EV', 'UCS-SD120GM1X-EV=', 'UCS-SD480G63X-EP=', 'UCS-SD960G6I1X-EV', 'UCS-SD960GBM3X-EP=', 'UCS-SD480G61X-EV', 'UCS-SD38TB121X-EV', 'UCS-SD800G123X-EP', 'UCS-SD19TBM3X-EP=', 'UCS-SD800GBENK9', 'UCS-SD800GK3X-EP=', 'UCS-SD15TK1X-EV', 'UCS-SD960G63X-EP=', 'UCS-SD76T61X-EV', 'UCS-SD960GBHTNK9', 'UCS-SD38T2HTNK9', 'UCS-SD16TBENK9', 'UCS-SD800G12TX-EP', 'UCS-SD38TBKNK9=', 'UCS-SD480G6I1X-EV=', 'UCS-SD32TK3X-EP', 'UCS-SD240GBE1NK9', 'UCS-SD76TBM1X-EV', 'UCS-SD38T6I1X-EV', 'UCS-SD960GK1X-EV', 'UCS-SD76T6S1X-EV=', 'UCS-SD960GH61X-EV', 'UCS-SD480GBHTNK9', 'UCS-SD16TBHNK9', 'UCS-SD960GBKNK9=', 'UCS-SD16TM1X-EV', 'UCS-SD480G63X-EP', 'UCS-SD480GH61X-EV', 'UCS-SD19T63X-EP=', 'UCS-SD76TM1X-EV', 'UCS-SD19TBM1X-EV=', 'UCS-SD19T61X-EV', 'UCS-SD76TBKNK9', 'UCS-SD960G63X-EP', 'UCS-SD19TB121X-EV', 'UCS-SD480GBM3X-EP=', 'UCS-SD32H123X-EP', 'UCS-SD480GBHTNK9=', 'UCS-SD16TK3X-EP', 'UCS-SD960G6S1X-EV', 'UCS-SD76TBM1X-EV=', 'UCS-SD120GM1X-EV', 'UCS-SD38TBKNK9', 'UCS-SD38T61X-EV=', 'UCS-SD960G6S1X-EV=', 'UCS-SD400G123X-EP', 'UCS-SD240GM1X-EV', 'UCS-SD480GM1X-EV', 'UCS-SD960GBM1X-EV', 'UCS-SD960G61X-EV', 'UCS-SD960GBE1NK9', 'UCS-SD960G2HTNK9', 'UCS-SD150G61X-EV', 'UCS-SD16TBKNK9', 'UCS-SD16TBM1X-EV', 'UCS-SD960GBM1X-EV=', 'UCS-SD38TK1X-EV=', 'UCS-SD16H123X-EP', 'UCS-SD480GBM1X-EV=', 'UCS-SD480G6I1X-EV', 'UCS-SD400G12TX-EP', 'UCS-SD800H123X-EP', 'UCS-SD16TBKNK9=', 'UCS-SD19TK1X-EV', 'UCS-SD800GK3X-EP', 'UCS-SD960GBKNK9', 'UCS-SD400GBENK9', 'UCS-SD19T6S1X-EV', 'UCS-SD19TK1X-EV=', 'UCS-SD960G6I1X-EV=', 'UCS-SD19T61X-EV=', 'UCS-SD38T6S1X-EV', 'UCS-SD16T63X-EP', 'UCS-SD400GBHNK9', 'UCS-SD15TK1X-EV=']","['UCS-HD600G15NK9=', 'UCS-HD1T7K12N=', 'UCS-HD900G15K12N', 'UCS-HD18TB10K4KN2=', 'UCS-HD24TB10K4KN', 'UCS-HD2T7K12N', 'UCS-HD300G10NK9', 'UCS-HD1T7K12N', 'UCS-HD18T10NK9=', 'UCS-HD300G15K12N=', 'UCS-HD12T10NK9', 'UCS-HD12TB10K12N', 'UCS-HD600G10K12N=', 'UCS-HD24T10NK9', 'UCS-HD12T10NK9=', 'UCS-HD600G10K12N', 'UCS-HD600G15NK9', 'UCS-HD600G15K12N=', 'UCS-HD18TB10K4KN', 'UCS-HD600G15K12N', 'UCS-HD300G10K12N=', 'UCS-HD300G15K12N', 'UCS-HD18T10NK9', 'UCS-HD12TB10K12N=', 'UCS-HD24T10NK9=', 'UCS-HD300G10K12N', 'UCS-HD18TB10K4KN11.8', 'UCS-HD1T7K6GAN=', 'UCS-HD1T7K6GAN', 'UCS-HD900G15K12N=', 'UCS-HD24TB10K4KN=', 'UCS-HD2T7K12N=']",32GB,2666,2,4,DDR4,RDIMM,ECC,1.2V,STD,1,,,is_encoded,c240m5-sff-specsheet.pdf,https://www.cisco.com/c/dam/en/us/products/collateral/servers-unified-computing/ucs-c-series-rack-servers/c240m5-sff-specsheet.pdf,https://www.cisco.com/c/dam/en/us/products/collateral/servers-unified-computing/ucs-c-series-rack-servers/c240m5-sff-specsheet.pdf,,,32D4ER24266612S1,2Rx4,"('1Rx4', '2Rx4', '8Rx4')",,,,
Cisco,UCS-MR-X32G2RS-H,Cisco UCS C240 M5 SFF Rack Server,Cisco,UCS,C240 M5 SFF,UCS-MR-X32G2RS-H 32GB DDR4-2666-MHz RDIMM/PC4-21300/dual rank/x4/1.2v,['24'],,,,,,memory,"['6226', '6238', '6246R', '4215', '8276L', '6240R', '5222', '6242R', '6226R', '6230R', '4215R', '8260M', '8276', '5218B', '6262V', '8260L', '8280M', '8260', '8280L', '6240Y', '6240M', '8268', '5218R', '6250', '4216', '6246', '8270', '6252N', '6258R', '4214R', '6244', '6240', '5215M', '4214', '8280', '5218N', '5217', '5220R', '5218', '5220', '8276M', '6238M', '6240L', '6254', '8253', '4214Y', '6252', '6242', '5220S', '4210', '6248', '6230', '6238R', '5215', '8260Y', '6222V', '4210R', '3206R', '6230N', '3204', '6234', '6238L', '4208', '6256', '6248R', '5215L']","['UCS-MR-128G8RS-H', 'UCS-MR-X64G2RT-H=', 'UCS-MR-X32G2RT-H', 'UCS-MR-X16G1RS-H', 'UCS-MR-X16G1RW1', 'UCS-MR-X64G2RT-H', 'UCS-MR-X32G2RS-H', 'UCS-MR-X8G1RS-H', 'UCS-MR-X32G2RT-H=', 'UCS-MR-X32G2RW1', 'UCS-MR-X16G2RS-H', 'UCS-MR-X32G2RSHM', 'UCS-MR-X64G4RS-H', 'UCS-MR-X16G1RSHM', 'UCS-MR-X16G1RT-H', 'UCS-MR-X64G2RW1', 'UCS-MR-X32G2RSHS']","['UCS-SD240GBM1X-EV=', 'UCS-SD19TBM3X-EP', 'UCS-SD16TK3X-EP=', 'UCS-SD800GBKNK9=', 'UCS-SD38TBHTNK9=', 'UCS-SD38T6I1X-EV=', 'UCS-SD19T63X-EP', 'UCS-SD38TBM1X-EV', 'UCS-SD32TK3X-EP=', 'UCS-SD16T61X-EV', 'UCS-SD38TBE1NK9', 'UCS-SD19TBM1X-EV', 'UCS-SD16TBM1X-EV=', 'UCS-SD16TB12TX-EP', 'UCS-SD480G121X-EV', 'UCS-SD19TBEM2NK9=', 'UCS-SD400H123X-EP', 'UCS-SD480GBM3X-EP', 'UCS-SD76TBKNK9=', 'UCS-SD38T61X-EV', 'UCS-SD76TK1X-EV=', 'UCS-SD38TBM1X-EV=', 'UCS-SD32TKA3X-EP', 'UCS-SD240GBM1X-EV', 'UCS-SD480G2HNK9', 'UCS-SD960GBM2NK9', 'UCS-SD38T6S1X-EV=', 'UCS-SD38TH61X-EV', 'UCS-SD38TM1X-EV', 'UCS-SD38TBHTNK9', 'UCS-SD76TBEM2NK9', 'UCS-SD480GBM1X-EV', 'UCS-SD960GBM3X-EP', 'UCS-SD38TK1X-EV', 'UCS-SD240G61X-EV', 'UCS-SD800GBKNK9', 'UCS-SD76TK1X-EV', 'UCS-SD16T123X-EP', 'UCS-SD960GK1X-EV=', 'UCS-SD76T6S1X-EV', 'UCS-SD32T123X-EP', 'UCS-SD19T6S1X-EV=', 'UCS-SD960G121X-EV', 'UCS-SD120GM1X-EV=', 'UCS-SD480G63X-EP=', 'UCS-SD960G6I1X-EV', 'UCS-SD960GBM3X-EP=', 'UCS-SD480G61X-EV', 'UCS-SD38TB121X-EV', 'UCS-SD800G123X-EP', 'UCS-SD19TBM3X-EP=', 'UCS-SD800GBENK9', 'UCS-SD800GK3X-EP=', 'UCS-SD15TK1X-EV', 'UCS-SD960G63X-EP=', 'UCS-SD76T61X-EV', 'UCS-SD960GBHTNK9', 'UCS-SD38T2HTNK9', 'UCS-SD16TBENK9', 'UCS-SD800G12TX-EP', 'UCS-SD38TBKNK9=', 'UCS-SD480G6I1X-EV=', 'UCS-SD32TK3X-EP', 'UCS-SD240GBE1NK9', 'UCS-SD76TBM1X-EV', 'UCS-SD38T6I1X-EV', 'UCS-SD960GK1X-EV', 'UCS-SD76T6S1X-EV=', 'UCS-SD960GH61X-EV', 'UCS-SD480GBHTNK9', 'UCS-SD16TBHNK9', 'UCS-SD960GBKNK9=', 'UCS-SD16TM1X-EV', 'UCS-SD480G63X-EP', 'UCS-SD480GH61X-EV', 'UCS-SD19T63X-EP=', 'UCS-SD76TM1X-EV', 'UCS-SD19TBM1X-EV=', 'UCS-SD19T61X-EV', 'UCS-SD76TBKNK9', 'UCS-SD960G63X-EP', 'UCS-SD19TB121X-EV', 'UCS-SD480GBM3X-EP=', 'UCS-SD32H123X-EP', 'UCS-SD480GBHTNK9=', 'UCS-SD16TK3X-EP', 'UCS-SD960G6S1X-EV', 'UCS-SD76TBM1X-EV=', 'UCS-SD120GM1X-EV', 'UCS-SD38TBKNK9', 'UCS-SD38T61X-EV=', 'UCS-SD960G6S1X-EV=', 'UCS-SD400G123X-EP', 'UCS-SD240GM1X-EV', 'UCS-SD480GM1X-EV', 'UCS-SD960GBM1X-EV', 'UCS-SD960G61X-EV', 'UCS-SD960GBE1NK9', 'UCS-SD960G2HTNK9', 'UCS-SD150G61X-EV', 'UCS-SD16TBKNK9', 'UCS-SD16TBM1X-EV', 'UCS-SD960GBM1X-EV=', 'UCS-SD38TK1X-EV=', 'UCS-SD16H123X-EP', 'UCS-SD480GBM1X-EV=', 'UCS-SD480G6I1X-EV', 'UCS-SD400G12TX-EP', 'UCS-SD800H123X-EP', 'UCS-SD16TBKNK9=', 'UCS-SD19TK1X-EV', 'UCS-SD800GK3X-EP', 'UCS-SD960GBKNK9', 'UCS-SD400GBENK9', 'UCS-SD19T6S1X-EV', 'UCS-SD19TK1X-EV=', 'UCS-SD960G6I1X-EV=', 'UCS-SD19T61X-EV=', 'UCS-SD38T6S1X-EV', 'UCS-SD16T63X-EP', 'UCS-SD400GBHNK9', 'UCS-SD15TK1X-EV=']","['UCS-HD600G15NK9=', 'UCS-HD1T7K12N=', 'UCS-HD900G15K12N', 'UCS-HD18TB10K4KN2=', 'UCS-HD24TB10K4KN', 'UCS-HD2T7K12N', 'UCS-HD300G10NK9', 'UCS-HD1T7K12N', 'UCS-HD18T10NK9=', 'UCS-HD300G15K12N=', 'UCS-HD12T10NK9', 'UCS-HD12TB10K12N', 'UCS-HD600G10K12N=', 'UCS-HD24T10NK9', 'UCS-HD12T10NK9=', 'UCS-HD600G10K12N', 'UCS-HD600G15NK9', 'UCS-HD600G15K12N=', 'UCS-HD18TB10K4KN', 'UCS-HD600G15K12N', 'UCS-HD300G10K12N=', 'UCS-HD300G15K12N', 'UCS-HD18T10NK9', 'UCS-HD12TB10K12N=', 'UCS-HD24T10NK9=', 'UCS-HD300G10K12N', 'UCS-HD18TB10K4KN11.8', 'UCS-HD1T7K6GAN=', 'UCS-HD1T7K6GAN', 'UCS-HD900G15K12N=', 'UCS-HD24TB10K4KN=', 'UCS-HD2T7K12N=']",32GB,2666,2,4,DDR4,RDIMM,ECC,1.2V,STD,1,,,is_encoded,c240m5-sff-specsheet.pdf,https://www.cisco.com/c/dam/en/us/products/collateral/servers-unified-computing/ucs-c-series-rack-servers/c240m5-sff-specsheet.pdf,https://www.cisco.com/c/dam/en/us/products/collateral/servers-unified-computing/ucs-c-series-rack-servers/c240m5-sff-specsheet.pdf,,,32D4ER24266612S1,2Rx4,"('1Rx4', '2Rx4', '8Rx4')",,,,
Cisco,UCS-MR-X32G2RSHM,Cisco UCS C240 M5 SFF Rack Server,Cisco,UCS,C240 M5 SFF,UCS-MR-X32G2RSHM 32GB DDR4-2666-MHz RDIMM/dual rank/x4/1.2v. Micron only,['24'],,,,,,memory,"['6226', '6238', '6246R', '4215', '8276L', '6240R', '5222', '6242R', '6226R', '6230R', '4215R', '8260M', '8276', '5218B', '6262V', '8260L', '8280M', '8260', '8280L', '6240Y', '6240M', '8268', '5218R', '6250', '4216', '6246', '8270', '6252N', '6258R', '4214R', '6244', '6240', '5215M', '4214', '8280', '5218N', '5217', '5220R', '5218', '5220', '8276M', '6238M', '6240L', '6254', '8253', '4214Y', '6252', '6242', '5220S', '4210', '6248', '6230', '6238R', '5215', '8260Y', '6222V', '4210R', '3206R', '6230N', '3204', '6234', '6238L', '4208', '6256', '6248R', '5215L']","['UCS-MR-128G8RS-H', 'UCS-MR-X64G2RT-H=', 'UCS-MR-X32G2RT-H', 'UCS-MR-X16G1RS-H', 'UCS-MR-X16G1RW1', 'UCS-MR-X64G2RT-H', 'UCS-MR-X32G2RS-H', 'UCS-MR-X8G1RS-H', 'UCS-MR-X32G2RT-H=', 'UCS-MR-X32G2RW1', 'UCS-MR-X16G2RS-H', 'UCS-MR-X32G2RSHM', 'UCS-MR-X64G4RS-H', 'UCS-MR-X16G1RSHM', 'UCS-MR-X16G1RT-H', 'UCS-MR-X64G2RW1', 'UCS-MR-X32G2RSHS']","['UCS-SD240GBM1X-EV=', 'UCS-SD19TBM3X-EP', 'UCS-SD16TK3X-EP=', 'UCS-SD800GBKNK9=', 'UCS-SD38TBHTNK9=', 'UCS-SD38T6I1X-EV=', 'UCS-SD19T63X-EP', 'UCS-SD38TBM1X-EV', 'UCS-SD32TK3X-EP=', 'UCS-SD16T61X-EV', 'UCS-SD38TBE1NK9', 'UCS-SD19TBM1X-EV', 'UCS-SD16TBM1X-EV=', 'UCS-SD16TB12TX-EP', 'UCS-SD480G121X-EV', 'UCS-SD19TBEM2NK9=', 'UCS-SD400H123X-EP', 'UCS-SD480GBM3X-EP', 'UCS-SD76TBKNK9=', 'UCS-SD38T61X-EV', 'UCS-SD76TK1X-EV=', 'UCS-SD38TBM1X-EV=', 'UCS-SD32TKA3X-EP', 'UCS-SD240GBM1X-EV', 'UCS-SD480G2HNK9', 'UCS-SD960GBM2NK9', 'UCS-SD38T6S1X-EV=', 'UCS-SD38TH61X-EV', 'UCS-SD38TM1X-EV', 'UCS-SD38TBHTNK9', 'UCS-SD76TBEM2NK9', 'UCS-SD480GBM1X-EV', 'UCS-SD960GBM3X-EP', 'UCS-SD38TK1X-EV', 'UCS-SD240G61X-EV', 'UCS-SD800GBKNK9', 'UCS-SD76TK1X-EV', 'UCS-SD16T123X-EP', 'UCS-SD960GK1X-EV=', 'UCS-SD76T6S1X-EV', 'UCS-SD32T123X-EP', 'UCS-SD19T6S1X-EV=', 'UCS-SD960G121X-EV', 'UCS-SD120GM1X-EV=', 'UCS-SD480G63X-EP=', 'UCS-SD960G6I1X-EV', 'UCS-SD960GBM3X-EP=', 'UCS-SD480G61X-EV', 'UCS-SD38TB121X-EV', 'UCS-SD800G123X-EP', 'UCS-SD19TBM3X-EP=', 'UCS-SD800GBENK9', 'UCS-SD800GK3X-EP=', 'UCS-SD15TK1X-EV', 'UCS-SD960G63X-EP=', 'UCS-SD76T61X-EV', 'UCS-SD960GBHTNK9', 'UCS-SD38T2HTNK9', 'UCS-SD16TBENK9', 'UCS-SD800G12TX-EP', 'UCS-SD38TBKNK9=', 'UCS-SD480G6I1X-EV=', 'UCS-SD32TK3X-EP', 'UCS-SD240GBE1NK9', 'UCS-SD76TBM1X-EV', 'UCS-SD38T6I1X-EV', 'UCS-SD960GK1X-EV', 'UCS-SD76T6S1X-EV=', 'UCS-SD960GH61X-EV', 'UCS-SD480GBHTNK9', 'UCS-SD16TBHNK9', 'UCS-SD960GBKNK9=', 'UCS-SD16TM1X-EV', 'UCS-SD480G63X-EP', 'UCS-SD480GH61X-EV', 'UCS-SD19T63X-EP=', 'UCS-SD76TM1X-EV', 'UCS-SD19TBM1X-EV=', 'UCS-SD19T61X-EV', 'UCS-SD76TBKNK9', 'UCS-SD960G63X-EP', 'UCS-SD19TB121X-EV', 'UCS-SD480GBM3X-EP=', 'UCS-SD32H123X-EP', 'UCS-SD480GBHTNK9=', 'UCS-SD16TK3X-EP', 'UCS-SD960G6S1X-EV', 'UCS-SD76TBM1X-EV=', 'UCS-SD120GM1X-EV', 'UCS-SD38TBKNK9', 'UCS-SD38T61X-EV=', 'UCS-SD960G6S1X-EV=', 'UCS-SD400G123X-EP', 'UCS-SD240GM1X-EV', 'UCS-SD480GM1X-EV', 'UCS-SD960GBM1X-EV', 'UCS-SD960G61X-EV', 'UCS-SD960GBE1NK9', 'UCS-SD960G2HTNK9', 'UCS-SD150G61X-EV', 'UCS-SD16TBKNK9', 'UCS-SD16TBM1X-EV', 'UCS-SD960GBM1X-EV=', 'UCS-SD38TK1X-EV=', 'UCS-SD16H123X-EP', 'UCS-SD480GBM1X-EV=', 'UCS-SD480G6I1X-EV', 'UCS-SD400G12TX-EP', 'UCS-SD800H123X-EP', 'UCS-SD16TBKNK9=', 'UCS-SD19TK1X-EV', 'UCS-SD800GK3X-EP', 'UCS-SD960GBKNK9', 'UCS-SD400GBENK9', 'UCS-SD19T6S1X-EV', 'UCS-SD19TK1X-EV=', 'UCS-SD960G6I1X-EV=', 'UCS-SD19T61X-EV=', 'UCS-SD38T6S1X-EV', 'UCS-SD16T63X-EP', 'UCS-SD400GBHNK9', 'UCS-SD15TK1X-EV=']","['UCS-HD600G15NK9=', 'UCS-HD1T7K12N=', 'UCS-HD900G15K12N', 'UCS-HD18TB10K4KN2=', 'UCS-HD24TB10K4KN', 'UCS-HD2T7K12N', 'UCS-HD300G10NK9', 'UCS-HD1T7K12N', 'UCS-HD18T10NK9=', 'UCS-HD300G15K12N=', 'UCS-HD12T10NK9', 'UCS-HD12TB10K12N', 'UCS-HD600G10K12N=', 'UCS-HD24T10NK9', 'UCS-HD12T10NK9=', 'UCS-HD600G10K12N', 'UCS-HD600G15NK9', 'UCS-HD600G15K12N=', 'UCS-HD18TB10K4KN', 'UCS-HD600G15K12N', 'UCS-HD300G10K12N=', 'UCS-HD300G15K12N', 'UCS-HD18T10NK9', 'UCS-HD12TB10K12N=', 'UCS-HD24T10NK9=', 'UCS-HD300G10K12N', 'UCS-HD18TB10K4KN11.8', 'UCS-HD1T7K6GAN=', 'UCS-HD1T7K6GAN', 'UCS-HD900G15K12N=', 'UCS-HD24TB10K4KN=', 'UCS-HD2T7K12N=']",32GB,2666,2,4,DDR4,RDIMM,ECC,1.2V,STD,1,,,is_encoded,c240m5-sff-specsheet.pdf,https://www.cisco.com/c/dam/en/us/products/collateral/servers-unified-computing/ucs-c-series-rack-servers/c240m5-sff-specsheet.pdf,https://www.cisco.com/c/dam/en/us/products/collateral/servers-unified-computing/ucs-c-series-rack-servers/c240m5-sff-specsheet.pdf,,,32D4ER24266612S1,2Rx4,"('1Rx4', '2Rx4', '8Rx4')",,,,
Cisco,UCS-MR-X16G2RS-H,Cisco UCS C240 M5 SFF Rack Server,Cisco,UCS,C240 M5 SFF,UCS-MR-X16G2RS-H 16GB DDR4-2666MHz RDIMM/PC4-21300/dual rank/x4/1.2v,['24'],,,,,,memory,"['6226', '6238', '6246R', '4215', '8276L', '6240R', '5222', '6242R', '6226R', '6230R', '4215R', '8260M', '8276', '5218B', '6262V', '8260L', '8280M', '8260', '8280L', '6240Y', '6240M', '8268', '5218R', '6250', '4216', '6246', '8270', '6252N', '6258R', '4214R', '6244', '6240', '5215M', '4214', '8280', '5218N', '5217', '5220R', '5218', '5220', '8276M', '6238M', '6240L', '6254', '8253', '4214Y', '6252', '6242', '5220S', '4210', '6248', '6230', '6238R', '5215', '8260Y', '6222V', '4210R', '3206R', '6230N', '3204', '6234', '6238L', '4208', '6256', '6248R', '5215L']","['UCS-MR-128G8RS-H', 'UCS-MR-X64G2RT-H=', 'UCS-MR-X32G2RT-H', 'UCS-MR-X16G1RS-H', 'UCS-MR-X16G1RW1', 'UCS-MR-X64G2RT-H', 'UCS-MR-X32G2RS-H', 'UCS-MR-X8G1RS-H', 'UCS-MR-X32G2RT-H=', 'UCS-MR-X32G2RW1', 'UCS-MR-X16G2RS-H', 'UCS-MR-X32G2RSHM', 'UCS-MR-X64G4RS-H', 'UCS-MR-X16G1RSHM', 'UCS-MR-X16G1RT-H', 'UCS-MR-X64G2RW1', 'UCS-MR-X32G2RSHS']","['UCS-SD240GBM1X-EV=', 'UCS-SD19TBM3X-EP', 'UCS-SD16TK3X-EP=', 'UCS-SD800GBKNK9=', 'UCS-SD38TBHTNK9=', 'UCS-SD38T6I1X-EV=', 'UCS-SD19T63X-EP', 'UCS-SD38TBM1X-EV', 'UCS-SD32TK3X-EP=', 'UCS-SD16T61X-EV', 'UCS-SD38TBE1NK9', 'UCS-SD19TBM1X-EV', 'UCS-SD16TBM1X-EV=', 'UCS-SD16TB12TX-EP', 'UCS-SD480G121X-EV', 'UCS-SD19TBEM2NK9=', 'UCS-SD400H123X-EP', 'UCS-SD480GBM3X-EP', 'UCS-SD76TBKNK9=', 'UCS-SD38T61X-EV', 'UCS-SD76TK1X-EV=', 'UCS-SD38TBM1X-EV=', 'UCS-SD32TKA3X-EP', 'UCS-SD240GBM1X-EV', 'UCS-SD480G2HNK9', 'UCS-SD960GBM2NK9', 'UCS-SD38T6S1X-EV=', 'UCS-SD38TH61X-EV', 'UCS-SD38TM1X-EV', 'UCS-SD38TBHTNK9', 'UCS-SD76TBEM2NK9', 'UCS-SD480GBM1X-EV', 'UCS-SD960GBM3X-EP', 'UCS-SD38TK1X-EV', 'UCS-SD240G61X-EV', 'UCS-SD800GBKNK9', 'UCS-SD76TK1X-EV', 'UCS-SD16T123X-EP', 'UCS-SD960GK1X-EV=', 'UCS-SD76T6S1X-EV', 'UCS-SD32T123X-EP', 'UCS-SD19T6S1X-EV=', 'UCS-SD960G121X-EV', 'UCS-SD120GM1X-EV=', 'UCS-SD480G63X-EP=', 'UCS-SD960G6I1X-EV', 'UCS-SD960GBM3X-EP=', 'UCS-SD480G61X-EV', 'UCS-SD38TB121X-EV', 'UCS-SD800G123X-EP', 'UCS-SD19TBM3X-EP=', 'UCS-SD800GBENK9', 'UCS-SD800GK3X-EP=', 'UCS-SD15TK1X-EV', 'UCS-SD960G63X-EP=', 'UCS-SD76T61X-EV', 'UCS-SD960GBHTNK9', 'UCS-SD38T2HTNK9', 'UCS-SD16TBENK9', 'UCS-SD800G12TX-EP', 'UCS-SD38TBKNK9=', 'UCS-SD480G6I1X-EV=', 'UCS-SD32TK3X-EP', 'UCS-SD240GBE1NK9', 'UCS-SD76TBM1X-EV', 'UCS-SD38T6I1X-EV', 'UCS-SD960GK1X-EV', 'UCS-SD76T6S1X-EV=', 'UCS-SD960GH61X-EV', 'UCS-SD480GBHTNK9', 'UCS-SD16TBHNK9', 'UCS-SD960GBKNK9=', 'UCS-SD16TM1X-EV', 'UCS-SD480G63X-EP', 'UCS-SD480GH61X-EV', 'UCS-SD19T63X-EP=', 'UCS-SD76TM1X-EV', 'UCS-SD19TBM1X-EV=', 'UCS-SD19T61X-EV', 'UCS-SD76TBKNK9', 'UCS-SD960G63X-EP', 'UCS-SD19TB121X-EV', 'UCS-SD480GBM3X-EP=', 'UCS-SD32H123X-EP', 'UCS-SD480GBHTNK9=', 'UCS-SD16TK3X-EP', 'UCS-SD960G6S1X-EV', 'UCS-SD76TBM1X-EV=', 'UCS-SD120GM1X-EV', 'UCS-SD38TBKNK9', 'UCS-SD38T61X-EV=', 'UCS-SD960G6S1X-EV=', 'UCS-SD400G123X-EP', 'UCS-SD240GM1X-EV', 'UCS-SD480GM1X-EV', 'UCS-SD960GBM1X-EV', 'UCS-SD960G61X-EV', 'UCS-SD960GBE1NK9', 'UCS-SD960G2HTNK9', 'UCS-SD150G61X-EV', 'UCS-SD16TBKNK9', 'UCS-SD16TBM1X-EV', 'UCS-SD960GBM1X-EV=', 'UCS-SD38TK1X-EV=', 'UCS-SD16H123X-EP', 'UCS-SD480GBM1X-EV=', 'UCS-SD480G6I1X-EV', 'UCS-SD400G12TX-EP', 'UCS-SD800H123X-EP', 'UCS-SD16TBKNK9=', 'UCS-SD19TK1X-EV', 'UCS-SD800GK3X-EP', 'UCS-SD960GBKNK9', 'UCS-SD400GBENK9', 'UCS-SD19T6S1X-EV', 'UCS-SD19TK1X-EV=', 'UCS-SD960G6I1X-EV=', 'UCS-SD19T61X-EV=', 'UCS-SD38T6S1X-EV', 'UCS-SD16T63X-EP', 'UCS-SD400GBHNK9', 'UCS-SD15TK1X-EV=']","['UCS-HD600G15NK9=', 'UCS-HD1T7K12N=', 'UCS-HD900G15K12N', 'UCS-HD18TB10K4KN2=', 'UCS-HD24TB10K4KN', 'UCS-HD2T7K12N', 'UCS-HD300G10NK9', 'UCS-HD1T7K12N', 'UCS-HD18T10NK9=', 'UCS-HD300G15K12N=', 'UCS-HD12T10NK9', 'UCS-HD12TB10K12N', 'UCS-HD600G10K12N=', 'UCS-HD24T10NK9', 'UCS-HD12T10NK9=', 'UCS-HD600G10K12N', 'UCS-HD600G15NK9', 'UCS-HD600G15K12N=', 'UCS-HD18TB10K4KN', 'UCS-HD600G15K12N', 'UCS-HD300G10K12N=', 'UCS-HD300G15K12N', 'UCS-HD18T10NK9', 'UCS-HD12TB10K12N=', 'UCS-HD24T10NK9=', 'UCS-HD300G10K12N', 'UCS-HD18TB10K4KN11.8', 'UCS-HD1T7K6GAN=', 'UCS-HD1T7K6GAN', 'UCS-HD900G15K12N=', 'UCS-HD24TB10K4KN=', 'UCS-HD2T7K12N=']",16GB,2666,2,4,DDR4,RDIMM,ECC,1.2V,STD,1,,,is_encoded,c240m5-sff-specsheet.pdf,https://www.cisco.com/c/dam/en/us/products/collateral/servers-unified-computing/ucs-c-series-rack-servers/c240m5-sff-specsheet.pdf,https://www.cisco.com/c/dam/en/us/products/collateral/servers-unified-computing/ucs-c-series-rack-servers/c240m5-sff-specsheet.pdf,,,16D4ER24266612S1,2Rx4,"('1Rx4', '2Rx4', '8Rx4')",,,,
Cisco,UCS-MRX48G1RF3,Cisco UCS C240 M7 SFF Rack Server,Cisco,UCS,C240 M7 SFF,UCS-MRX48G1RF34 48GB DDR5-5600 RDIMM 1Rx4 (24Gb),['32'],['8TB'],,,,,memory,"['8450H', '5418Y', '5515', '6530=', '6418H', '8468=', '6544Y', '6448Y', '6538N', '8462Y', '4510T=', '8468H', '6414U', '6542Y', '8460H=', '8568Y', '5411N=', '8490H=', '6430', '4410Y=', '4509Y', '8461V=', '8470N=', '6454S', '6526Y', '6426Y=', '3408U', '8461V', '5412U=', '6530', '6444Y=', '6542Y=', '8468V', '6416H', '8450H=', '8592', '8468', '3508U=', '6416H=', '6421N=', '6438Y', '6438N', '4510=', '8480', '6434=', '6438M', '8571N=', '8468V=', '5520', '6448Y=', '6418H=', '6538N=', '6434H', '8454H=', '6444Y', '6414U=', '6434', '8562Y', '8558U', '5416S', '3408U=', '8571N', '4410T=', '6438N=', '6548Y', '8470N', '6548N=', '6544Y=', '8471N=', '8470=', '6538Y', '5418N', '6428N', '8580', '8558', '8468H=', '4410Y', '8444H', '6554S=', '5420', '5512U', '45102', '4516Y', '4509Y=', '6454S=', '8558U=', '5411N', '6534', '8471N', '8558P', '6448H', '6428N=', '8470', '6534=', '4416', '8570', '8444H=', '6438M=', '8460Y', '8581V', '8592V', '5418Y=', '8460H', '4514Y', '6548N', '5415', '8490H', '8452Y', '8458P=', '6448H=', '6526Y=', '4410T', '6421N', '8581V=', '8458P', '8452Y=', '4514Y=', '6554S', '6426Y', '3508U', '6442Y', '5418N=', '5412U', '8454H', '6434H=', '5416S=', '6442Y=', '6430=', '4510T', '5512U=']","['UCS-MR128G4RE3=', 'UCS-MRX96G2RF3', 'UCS-MR128G4RE1', 'UCS-MR256G8RE31,4', 'UCS-MRX64G2RE3=', 'UCS-MRX32G1RE1=', 'UCS-MRX16G1RE1', 'UCS-MR256G8RE3=', 'UCS-MRX96G2RF3=', 'UCS-MRX48G1RF34', 'UCS-MRX64G2RE3', 'UCS-MR128G4RE1=', 'UCS-MRX32G1RE3', 'UCS-MR256G8RE11,2', 'UCS-MRX16G1RE1=', 'UCS-MRX64G2RE1=', 'UCS-MRX32G1RE1', 'UCS-MRX16G1RE3=', 'UCS-MR128G4RE3', 'UCS-MRX32G1RE3=', 'UCS-MRX64G2RE1', 'UCS-MR256G8RE1=', 'UCS-MRX16G1RE3', 'UCS-MRX48G1RF3']","['UCS-SD960GK1XEV-D=', 'UCS-SD76TBKNK9-D', 'UCS-SD38T6I1XEV-D=', 'UCS-SD38T6S1XEV-D=', 'UCS-SD16TK3X-EP-D', 'UCS-SD19TKA1XEV-D', 'UCS-SD64TS3XEP-D=', 'UCS-SD76TS1X-EV-D', 'UCS-SD38TEM2NK9-D=', 'UCS-SD76TM1X-EV-D', 'UCS-SD480GBM3XEPD', 'UCS-SD38TBKANK9-D', 'UCS-SD960GBKNK9-D', 'UCS-SD240GM1XEV-D', 'UCS-SD960GBM1XEVD', 'UCS-SD960GM2NK9-D=', 'UCS-SD76TEM2NK9-D=', 'UCS-SDB7T6SA1VD=', 'UCS-SD38TEM2NK9-D', 'UCS-SD19TBM3XEP-D=', 'UCS-SD32TKA3XEP-D=', 'UCS-SD19T63X-EP-D', 'UCS-SD960G63XEP-D', 'UCS-SD19T6S1XEV-D=', 'UCS-SD960GBM1XEVD=', 'UCS-SD16TK3X-EP-D=', 'UCS-SD800GBKNK9-D=', 'UCS-SD38T63X-EP-D', 'UCS-SD32TKA3XEP-D', 'UCS-SD76TBKANK9-D=', 'UCS-SD76TS1X-EV-D=', 'UCS-SD16TBKNK9-D=', 'UCS-SD16TBM1XEV-D=', 'UCS-SD38TBKNK9-D=', 'UCS-SD19TEM2NK9-D=', 'UCS-SD16TM1X-EV-D', 'UCS-SD16TKA3XEP-D=', 'UCS-SD38TBM1XEV-D', 'UCS-SD38TBM1XEV-D=', 'UCS-SD38TBKANK9-D=', 'UCS-SD480GBM1XEVD', 'UCS-SD960GBM3XEPD=', 'UCS-SD38TKA1XEV-D=', 'UCS-SD15TK1X-EV-D=', 'UCS-SD960GM2NK9-D', 'UCS-SD480GBM3XEPD=', 'UCS-SD960GBKNK9-D=', 'UCS-SD76TBM1XEV-D', 'UCS-SDB7T6SA1VD', 'UCS-SD960GBM3XEPD', 'UCS-SD38TBKNK9-D', 'UCS-SD76TBM1XEV-D=', 'UCS-SD16TBKANK9-D', 'UCS-SD64TS3XEP-D', 'UCS-SDB3T8SA1VD', 'UCS-SD38T6I1XEV-D', 'UCS-SDB960SA1VD=', 'UCS-SD480G63XEP-D', 'UCS-SD19TK1X-EV-D', 'UCS-SD32TK3X-EP-D=', 'UCS-SD76TK1X-EV-D=', 'UCS-SD19TBM3XEP-D', 'UCS-SD76TEM2NK9-D', 'UCS-SD76T6S1XEV-D=', 'UCS-SD16TBM1XEV-D', 'UCS-SD38TKA1XEV-D', 'UCS-SD76T6S1XEV-D', 'UCS-SDB1T9SA1VD=', 'UCS-SD800GBKNK9-D', 'UCS-SD15TKA1XEV-D=', 'UCS-SD15TKA1XEV-D', 'UCS-SD19TK1X-EV-D=', 'UCS-SD32TK3X-EP-D', 'UCS-SD240GBM1XEVD', 'UCS-SD76TKA1XEV-D=', 'UCS-SD76TBKNK9-D=', 'UCS-SD19T63X-EP-D=', 'UCS-SD38TM1X-EV-D', 'UCS-SDB960SA1VD', 'UCS-SD16TBKNK9-D', 'UCS-SD38TK1X-EV-D', 'UCS-SD19TBM1XEV-D=', 'UCS-SDB3T8SA1VD=', 'UCS-SD480G63XEP-D=', 'UCS-SD16TKA3XEP-D', 'UCS-SD480GM1XEV-D', 'UCS-SD960G63XEP-D=', 'UCS-SD800GK3XEP-D=', 'UCS-SD960GK1XEV-D', 'UCS-SD38TK1X-EV-D=', 'UCS-SD240GBM1XEVD=', 'UCS-SD38T6S1XEV-D', 'UCS-SD19T6S1XEV-D', 'UCS-SD76TBKANK9-D', 'UCS-SD38T63X-EP-D=', 'UCS-SDB1T9SA1VD', 'UCS-SD19TBM1XEV-D', 'UCS-SD15TK1X-EV-D', 'UCS-SD800GK3XEP-D', 'UCS-SD76TK1X-EV-D', 'UCS-SD76TKA1XEV-D', 'UCS-SD19TKA1XEV-D=', 'UCS-SD19TEM2NK9-D', 'UCS-SD16TBKANK9-D=', 'UCS-SD480GBM1XEVD=']","['UCS-HD18TB10KJ4-D', 'UCS-HD300G10KJ4-D', 'UCS-HD12TB10KJ4-D=', 'UCS-HD24TB10KJ4-D=', 'UCS-HD24TB10KJ4-D', 'UCS-HD600G10KJ4-D=', 'UCS-HD12TB10KJ4-D', 'UCS-HD600G10KJ4-D', 'UCS-HD18TB10KJ4-D=']",48GB,5600,1,4,DDR5,RDIMM,ECC,1.1V,STD,1,,,is_encoded,c240m7-sff-specsheet.pdf,https://www.cisco.com/c/dam/en/us/products/collateral/servers-unified-computing/ucs-c-series-rack-servers/c240m7-sff-specsheet.pdf,https://www.cisco.com/c/dam/en/us/products/collateral/servers-unified-computing/ucs-c-series-rack-servers/c240m7-sff-specsheet.pdf,,,48D5ER14560011S1,1Rx4,"('1Rx4', '1Rx8', '2Rx4', '4Rx4', '8Rx4')",,,,
Cisco,UCS-MRX48G1RF3,Cisco UCS C240 M7 SFF Rack Server,Cisco,UCS,C240 M7 SFF,UCS-MRX48G1RF3  48GB DDR5-5600 RDIMM 1Rx4 (24Gb),['32'],['8TB'],,,,,memory,"['8450H', '5418Y', '5515', '6530=', '6418H', '8468=', '6544Y', '6448Y', '6538N', '8462Y', '4510T=', '8468H', '6414U', '6542Y', '8460H=', '8568Y', '5411N=', '8490H=', '6430', '4410Y=', '4509Y', '8461V=', '8470N=', '6454S', '6526Y', '6426Y=', '3408U', '8461V', '5412U=', '6530', '6444Y=', '6542Y=', '8468V', '6416H', '8450H=', '8592', '8468', '3508U=', '6416H=', '6421N=', '6438Y', '6438N', '4510=', '8480', '6434=', '6438M', '8571N=', '8468V=', '5520', '6448Y=', '6418H=', '6538N=', '6434H', '8454H=', '6444Y', '6414U=', '6434', '8562Y', '8558U', '5416S', '3408U=', '8571N', '4410T=', '6438N=', '6548Y', '8470N', '6548N=', '6544Y=', '8471N=', '8470=', '6538Y', '5418N', '6428N', '8580', '8558', '8468H=', '4410Y', '8444H', '6554S=', '5420', '5512U', '45102', '4516Y', '4509Y=', '6454S=', '8558U=', '5411N', '6534', '8471N', '8558P', '6448H', '6428N=', '8470', '6534=', '4416', '8570', '8444H=', '6438M=', '8460Y', '8581V', '8592V', '5418Y=', '8460H', '4514Y', '6548N', '5415', '8490H', '8452Y', '8458P=', '6448H=', '6526Y=', '4410T', '6421N', '8581V=', '8458P', '8452Y=', '4514Y=', '6554S', '6426Y', '3508U', '6442Y', '5418N=', '5412U', '8454H', '6434H=', '5416S=', '6442Y=', '6430=', '4510T', '5512U=']","['UCS-MR128G4RE3=', 'UCS-MRX96G2RF3', 'UCS-MR128G4RE1', 'UCS-MR256G8RE31,4', 'UCS-MRX64G2RE3=', 'UCS-MRX32G1RE1=', 'UCS-MRX16G1RE1', 'UCS-MR256G8RE3=', 'UCS-MRX96G2RF3=', 'UCS-MRX48G1RF34', 'UCS-MRX64G2RE3', 'UCS-MR128G4RE1=', 'UCS-MRX32G1RE3', 'UCS-MR256G8RE11,2', 'UCS-MRX16G1RE1=', 'UCS-MRX64G2RE1=', 'UCS-MRX32G1RE1', 'UCS-MRX16G1RE3=', 'UCS-MR128G4RE3', 'UCS-MRX32G1RE3=', 'UCS-MRX64G2RE1', 'UCS-MR256G8RE1=', 'UCS-MRX16G1RE3', 'UCS-MRX48G1RF3']","['UCS-SD960GK1XEV-D=', 'UCS-SD76TBKNK9-D', 'UCS-SD38T6I1XEV-D=', 'UCS-SD38T6S1XEV-D=', 'UCS-SD16TK3X-EP-D', 'UCS-SD19TKA1XEV-D', 'UCS-SD64TS3XEP-D=', 'UCS-SD76TS1X-EV-D', 'UCS-SD38TEM2NK9-D=', 'UCS-SD76TM1X-EV-D', 'UCS-SD480GBM3XEPD', 'UCS-SD38TBKANK9-D', 'UCS-SD960GBKNK9-D', 'UCS-SD240GM1XEV-D', 'UCS-SD960GBM1XEVD', 'UCS-SD960GM2NK9-D=', 'UCS-SD76TEM2NK9-D=', 'UCS-SDB7T6SA1VD=', 'UCS-SD38TEM2NK9-D', 'UCS-SD19TBM3XEP-D=', 'UCS-SD32TKA3XEP-D=', 'UCS-SD19T63X-EP-D', 'UCS-SD960G63XEP-D', 'UCS-SD19T6S1XEV-D=', 'UCS-SD960GBM1XEVD=', 'UCS-SD16TK3X-EP-D=', 'UCS-SD800GBKNK9-D=', 'UCS-SD38T63X-EP-D', 'UCS-SD32TKA3XEP-D', 'UCS-SD76TBKANK9-D=', 'UCS-SD76TS1X-EV-D=', 'UCS-SD16TBKNK9-D=', 'UCS-SD16TBM1XEV-D=', 'UCS-SD38TBKNK9-D=', 'UCS-SD19TEM2NK9-D=', 'UCS-SD16TM1X-EV-D', 'UCS-SD16TKA3XEP-D=', 'UCS-SD38TBM1XEV-D', 'UCS-SD38TBM1XEV-D=', 'UCS-SD38TBKANK9-D=', 'UCS-SD480GBM1XEVD', 'UCS-SD960GBM3XEPD=', 'UCS-SD38TKA1XEV-D=', 'UCS-SD15TK1X-EV-D=', 'UCS-SD960GM2NK9-D', 'UCS-SD480GBM3XEPD=', 'UCS-SD960GBKNK9-D=', 'UCS-SD76TBM1XEV-D', 'UCS-SDB7T6SA1VD', 'UCS-SD960GBM3XEPD', 'UCS-SD38TBKNK9-D', 'UCS-SD76TBM1XEV-D=', 'UCS-SD16TBKANK9-D', 'UCS-SD64TS3XEP-D', 'UCS-SDB3T8SA1VD', 'UCS-SD38T6I1XEV-D', 'UCS-SDB960SA1VD=', 'UCS-SD480G63XEP-D', 'UCS-SD19TK1X-EV-D', 'UCS-SD32TK3X-EP-D=', 'UCS-SD76TK1X-EV-D=', 'UCS-SD19TBM3XEP-D', 'UCS-SD76TEM2NK9-D', 'UCS-SD76T6S1XEV-D=', 'UCS-SD16TBM1XEV-D', 'UCS-SD38TKA1XEV-D', 'UCS-SD76T6S1XEV-D', 'UCS-SDB1T9SA1VD=', 'UCS-SD800GBKNK9-D', 'UCS-SD15TKA1XEV-D=', 'UCS-SD15TKA1XEV-D', 'UCS-SD19TK1X-EV-D=', 'UCS-SD32TK3X-EP-D', 'UCS-SD240GBM1XEVD', 'UCS-SD76TKA1XEV-D=', 'UCS-SD76TBKNK9-D=', 'UCS-SD19T63X-EP-D=', 'UCS-SD38TM1X-EV-D', 'UCS-SDB960SA1VD', 'UCS-SD16TBKNK9-D', 'UCS-SD38TK1X-EV-D', 'UCS-SD19TBM1XEV-D=', 'UCS-SDB3T8SA1VD=', 'UCS-SD480G63XEP-D=', 'UCS-SD16TKA3XEP-D', 'UCS-SD480GM1XEV-D', 'UCS-SD960G63XEP-D=', 'UCS-SD800GK3XEP-D=', 'UCS-SD960GK1XEV-D', 'UCS-SD38TK1X-EV-D=', 'UCS-SD240GBM1XEVD=', 'UCS-SD38T6S1XEV-D', 'UCS-SD19T6S1XEV-D', 'UCS-SD76TBKANK9-D', 'UCS-SD38T63X-EP-D=', 'UCS-SDB1T9SA1VD', 'UCS-SD19TBM1XEV-D', 'UCS-SD15TK1X-EV-D', 'UCS-SD800GK3XEP-D', 'UCS-SD76TK1X-EV-D', 'UCS-SD76TKA1XEV-D', 'UCS-SD19TKA1XEV-D=', 'UCS-SD19TEM2NK9-D', 'UCS-SD16TBKANK9-D=', 'UCS-SD480GBM1XEVD=']","['UCS-HD18TB10KJ4-D', 'UCS-HD300G10KJ4-D', 'UCS-HD12TB10KJ4-D=', 'UCS-HD24TB10KJ4-D=', 'UCS-HD24TB10KJ4-D', 'UCS-HD600G10KJ4-D=', 'UCS-HD12TB10KJ4-D', 'UCS-HD600G10KJ4-D', 'UCS-HD18TB10KJ4-D=']",48GB,5600,1,4,DDR5,RDIMM,ECC,1.1V,STD,1,,,is_encoded,c240m7-sff-specsheet.pdf,https://www.cisco.com/c/dam/en/us/products/collateral/servers-unified-computing/ucs-c-series-rack-servers/c240m7-sff-specsheet.pdf,https://www.cisco.com/c/dam/en/us/products/collateral/servers-unified-computing/ucs-c-series-rack-servers/c240m7-sff-specsheet.pdf,,,48D5ER14560011S1,1Rx4,"('1Rx4', '1Rx8', '2Rx4', '4Rx4', '8Rx4')",,,,
Cisco,UCS-MRX32G1RE3,Cisco UCS C240 M7 SFF Rack Server,Cisco,UCS,C240 M7 SFF,UCS-MRX32G1RE3 32GB DDR5-5600 RDIMM 1Rx4 (16Gb),['32'],['8TB'],,,,,memory,"['8450H', '5418Y', '5515', '6530=', '6418H', '8468=', '6544Y', '6448Y', '6538N', '8462Y', '4510T=', '8468H', '6414U', '6542Y', '8460H=', '8568Y', '5411N=', '8490H=', '6430', '4410Y=', '4509Y', '8461V=', '8470N=', '6454S', '6526Y', '6426Y=', '3408U', '8461V', '5412U=', '6530', '6444Y=', '6542Y=', '8468V', '6416H', '8450H=', '8592', '8468', '3508U=', '6416H=', '6421N=', '6438Y', '6438N', '4510=', '8480', '6434=', '6438M', '8571N=', '8468V=', '5520', '6448Y=', '6418H=', '6538N=', '6434H', '8454H=', '6444Y', '6414U=', '6434', '8562Y', '8558U', '5416S', '3408U=', '8571N', '4410T=', '6438N=', '6548Y', '8470N', '6548N=', '6544Y=', '8471N=', '8470=', '6538Y', '5418N', '6428N', '8580', '8558', '8468H=', '4410Y', '8444H', '6554S=', '5420', '5512U', '45102', '4516Y', '4509Y=', '6454S=', '8558U=', '5411N', '6534', '8471N', '8558P', '6448H', '6428N=', '8470', '6534=', '4416', '8570', '8444H=', '6438M=', '8460Y', '8581V', '8592V', '5418Y=', '8460H', '4514Y', '6548N', '5415', '8490H', '8452Y', '8458P=', '6448H=', '6526Y=', '4410T', '6421N', '8581V=', '8458P', '8452Y=', '4514Y=', '6554S', '6426Y', '3508U', '6442Y', '5418N=', '5412U', '8454H', '6434H=', '5416S=', '6442Y=', '6430=', '4510T', '5512U=']","['UCS-MR128G4RE3=', 'UCS-MRX96G2RF3', 'UCS-MR128G4RE1', 'UCS-MR256G8RE31,4', 'UCS-MRX64G2RE3=', 'UCS-MRX32G1RE1=', 'UCS-MRX16G1RE1', 'UCS-MR256G8RE3=', 'UCS-MRX96G2RF3=', 'UCS-MRX48G1RF34', 'UCS-MRX64G2RE3', 'UCS-MR128G4RE1=', 'UCS-MRX32G1RE3', 'UCS-MR256G8RE11,2', 'UCS-MRX16G1RE1=', 'UCS-MRX64G2RE1=', 'UCS-MRX32G1RE1', 'UCS-MRX16G1RE3=', 'UCS-MR128G4RE3', 'UCS-MRX32G1RE3=', 'UCS-MRX64G2RE1', 'UCS-MR256G8RE1=', 'UCS-MRX16G1RE3', 'UCS-MRX48G1RF3']","['UCS-SD960GK1XEV-D=', 'UCS-SD76TBKNK9-D', 'UCS-SD38T6I1XEV-D=', 'UCS-SD38T6S1XEV-D=', 'UCS-SD16TK3X-EP-D', 'UCS-SD19TKA1XEV-D', 'UCS-SD64TS3XEP-D=', 'UCS-SD76TS1X-EV-D', 'UCS-SD38TEM2NK9-D=', 'UCS-SD76TM1X-EV-D', 'UCS-SD480GBM3XEPD', 'UCS-SD38TBKANK9-D', 'UCS-SD960GBKNK9-D', 'UCS-SD240GM1XEV-D', 'UCS-SD960GBM1XEVD', 'UCS-SD960GM2NK9-D=', 'UCS-SD76TEM2NK9-D=', 'UCS-SDB7T6SA1VD=', 'UCS-SD38TEM2NK9-D', 'UCS-SD19TBM3XEP-D=', 'UCS-SD32TKA3XEP-D=', 'UCS-SD19T63X-EP-D', 'UCS-SD960G63XEP-D', 'UCS-SD19T6S1XEV-D=', 'UCS-SD960GBM1XEVD=', 'UCS-SD16TK3X-EP-D=', 'UCS-SD800GBKNK9-D=', 'UCS-SD38T63X-EP-D', 'UCS-SD32TKA3XEP-D', 'UCS-SD76TBKANK9-D=', 'UCS-SD76TS1X-EV-D=', 'UCS-SD16TBKNK9-D=', 'UCS-SD16TBM1XEV-D=', 'UCS-SD38TBKNK9-D=', 'UCS-SD19TEM2NK9-D=', 'UCS-SD16TM1X-EV-D', 'UCS-SD16TKA3XEP-D=', 'UCS-SD38TBM1XEV-D', 'UCS-SD38TBM1XEV-D=', 'UCS-SD38TBKANK9-D=', 'UCS-SD480GBM1XEVD', 'UCS-SD960GBM3XEPD=', 'UCS-SD38TKA1XEV-D=', 'UCS-SD15TK1X-EV-D=', 'UCS-SD960GM2NK9-D', 'UCS-SD480GBM3XEPD=', 'UCS-SD960GBKNK9-D=', 'UCS-SD76TBM1XEV-D', 'UCS-SDB7T6SA1VD', 'UCS-SD960GBM3XEPD', 'UCS-SD38TBKNK9-D', 'UCS-SD76TBM1XEV-D=', 'UCS-SD16TBKANK9-D', 'UCS-SD64TS3XEP-D', 'UCS-SDB3T8SA1VD', 'UCS-SD38T6I1XEV-D', 'UCS-SDB960SA1VD=', 'UCS-SD480G63XEP-D', 'UCS-SD19TK1X-EV-D', 'UCS-SD32TK3X-EP-D=', 'UCS-SD76TK1X-EV-D=', 'UCS-SD19TBM3XEP-D', 'UCS-SD76TEM2NK9-D', 'UCS-SD76T6S1XEV-D=', 'UCS-SD16TBM1XEV-D', 'UCS-SD38TKA1XEV-D', 'UCS-SD76T6S1XEV-D', 'UCS-SDB1T9SA1VD=', 'UCS-SD800GBKNK9-D', 'UCS-SD15TKA1XEV-D=', 'UCS-SD15TKA1XEV-D', 'UCS-SD19TK1X-EV-D=', 'UCS-SD32TK3X-EP-D', 'UCS-SD240GBM1XEVD', 'UCS-SD76TKA1XEV-D=', 'UCS-SD76TBKNK9-D=', 'UCS-SD19T63X-EP-D=', 'UCS-SD38TM1X-EV-D', 'UCS-SDB960SA1VD', 'UCS-SD16TBKNK9-D', 'UCS-SD38TK1X-EV-D', 'UCS-SD19TBM1XEV-D=', 'UCS-SDB3T8SA1VD=', 'UCS-SD480G63XEP-D=', 'UCS-SD16TKA3XEP-D', 'UCS-SD480GM1XEV-D', 'UCS-SD960G63XEP-D=', 'UCS-SD800GK3XEP-D=', 'UCS-SD960GK1XEV-D', 'UCS-SD38TK1X-EV-D=', 'UCS-SD240GBM1XEVD=', 'UCS-SD38T6S1XEV-D', 'UCS-SD19T6S1XEV-D', 'UCS-SD76TBKANK9-D', 'UCS-SD38T63X-EP-D=', 'UCS-SDB1T9SA1VD', 'UCS-SD19TBM1XEV-D', 'UCS-SD15TK1X-EV-D', 'UCS-SD800GK3XEP-D', 'UCS-SD76TK1X-EV-D', 'UCS-SD76TKA1XEV-D', 'UCS-SD19TKA1XEV-D=', 'UCS-SD19TEM2NK9-D', 'UCS-SD16TBKANK9-D=', 'UCS-SD480GBM1XEVD=']","['UCS-HD18TB10KJ4-D', 'UCS-HD300G10KJ4-D', 'UCS-HD12TB10KJ4-D=', 'UCS-HD24TB10KJ4-D=', 'UCS-HD24TB10KJ4-D', 'UCS-HD600G10KJ4-D=', 'UCS-HD12TB10KJ4-D', 'UCS-HD600G10KJ4-D', 'UCS-HD18TB10KJ4-D=']",32GB,5600,1,4,DDR5,RDIMM,ECC,1.1V,STD,1,,,is_encoded,c240m7-sff-specsheet.pdf,https://www.cisco.com/c/dam/en/us/products/collateral/servers-unified-computing/ucs-c-series-rack-servers/c240m7-sff-specsheet.pdf,https://www.cisco.com/c/dam/en/us/products/collateral/servers-unified-computing/ucs-c-series-rack-servers/c240m7-sff-specsheet.pdf,,,32D5ER14560011S1,1Rx4,"('1Rx4', '1Rx8', '2Rx4', '4Rx4', '8Rx4')",,,,UCS-MRX32G1RE3=
Cisco,UCS-MRX32G1RE1,Cisco UCS C240 M7 SFF Rack Server,Cisco,UCS,C240 M7 SFF,UCS-MRX32G1RE1 32GB DDR5-4800 RDIMM 1Rx4 (16Gb),['32'],['8TB'],,,,,memory,"['8450H', '5418Y', '5515', '6530=', '6418H', '8468=', '6544Y', '6448Y', '6538N', '8462Y', '4510T=', '8468H', '6414U', '6542Y', '8460H=', '8568Y', '5411N=', '8490H=', '6430', '4410Y=', '4509Y', '8461V=', '8470N=', '6454S', '6526Y', '6426Y=', '3408U', '8461V', '5412U=', '6530', '6444Y=', '6542Y=', '8468V', '6416H', '8450H=', '8592', '8468', '3508U=', '6416H=', '6421N=', '6438Y', '6438N', '4510=', '8480', '6434=', '6438M', '8571N=', '8468V=', '5520', '6448Y=', '6418H=', '6538N=', '6434H', '8454H=', '6444Y', '6414U=', '6434', '8562Y', '8558U', '5416S', '3408U=', '8571N', '4410T=', '6438N=', '6548Y', '8470N', '6548N=', '6544Y=', '8471N=', '8470=', '6538Y', '5418N', '6428N', '8580', '8558', '8468H=', '4410Y', '8444H', '6554S=', '5420', '5512U', '45102', '4516Y', '4509Y=', '6454S=', '8558U=', '5411N', '6534', '8471N', '8558P', '6448H', '6428N=', '8470', '6534=', '4416', '8570', '8444H=', '6438M=', '8460Y', '8581V', '8592V', '5418Y=', '8460H', '4514Y', '6548N', '5415', '8490H', '8452Y', '8458P=', '6448H=', '6526Y=', '4410T', '6421N', '8581V=', '8458P', '8452Y=', '4514Y=', '6554S', '6426Y', '3508U', '6442Y', '5418N=', '5412U', '8454H', '6434H=', '5416S=', '6442Y=', '6430=', '4510T', '5512U=']","['UCS-MR128G4RE3=', 'UCS-MRX96G2RF3', 'UCS-MR128G4RE1', 'UCS-MR256G8RE31,4', 'UCS-MRX64G2RE3=', 'UCS-MRX32G1RE1=', 'UCS-MRX16G1RE1', 'UCS-MR256G8RE3=', 'UCS-MRX96G2RF3=', 'UCS-MRX48G1RF34', 'UCS-MRX64G2RE3', 'UCS-MR128G4RE1=', 'UCS-MRX32G1RE3', 'UCS-MR256G8RE11,2', 'UCS-MRX16G1RE1=', 'UCS-MRX64G2RE1=', 'UCS-MRX32G1RE1', 'UCS-MRX16G1RE3=', 'UCS-MR128G4RE3', 'UCS-MRX32G1RE3=', 'UCS-MRX64G2RE1', 'UCS-MR256G8RE1=', 'UCS-MRX16G1RE3', 'UCS-MRX48G1RF3']","['UCS-SD960GK1XEV-D=', 'UCS-SD76TBKNK9-D', 'UCS-SD38T6I1XEV-D=', 'UCS-SD38T6S1XEV-D=', 'UCS-SD16TK3X-EP-D', 'UCS-SD19TKA1XEV-D', 'UCS-SD64TS3XEP-D=', 'UCS-SD76TS1X-EV-D', 'UCS-SD38TEM2NK9-D=', 'UCS-SD76TM1X-EV-D', 'UCS-SD480GBM3XEPD', 'UCS-SD38TBKANK9-D', 'UCS-SD960GBKNK9-D', 'UCS-SD240GM1XEV-D', 'UCS-SD960GBM1XEVD', 'UCS-SD960GM2NK9-D=', 'UCS-SD76TEM2NK9-D=', 'UCS-SDB7T6SA1VD=', 'UCS-SD38TEM2NK9-D', 'UCS-SD19TBM3XEP-D=', 'UCS-SD32TKA3XEP-D=', 'UCS-SD19T63X-EP-D', 'UCS-SD960G63XEP-D', 'UCS-SD19T6S1XEV-D=', 'UCS-SD960GBM1XEVD=', 'UCS-SD16TK3X-EP-D=', 'UCS-SD800GBKNK9-D=', 'UCS-SD38T63X-EP-D', 'UCS-SD32TKA3XEP-D', 'UCS-SD76TBKANK9-D=', 'UCS-SD76TS1X-EV-D=', 'UCS-SD16TBKNK9-D=', 'UCS-SD16TBM1XEV-D=', 'UCS-SD38TBKNK9-D=', 'UCS-SD19TEM2NK9-D=', 'UCS-SD16TM1X-EV-D', 'UCS-SD16TKA3XEP-D=', 'UCS-SD38TBM1XEV-D', 'UCS-SD38TBM1XEV-D=', 'UCS-SD38TBKANK9-D=', 'UCS-SD480GBM1XEVD', 'UCS-SD960GBM3XEPD=', 'UCS-SD38TKA1XEV-D=', 'UCS-SD15TK1X-EV-D=', 'UCS-SD960GM2NK9-D', 'UCS-SD480GBM3XEPD=', 'UCS-SD960GBKNK9-D=', 'UCS-SD76TBM1XEV-D', 'UCS-SDB7T6SA1VD', 'UCS-SD960GBM3XEPD', 'UCS-SD38TBKNK9-D', 'UCS-SD76TBM1XEV-D=', 'UCS-SD16TBKANK9-D', 'UCS-SD64TS3XEP-D', 'UCS-SDB3T8SA1VD', 'UCS-SD38T6I1XEV-D', 'UCS-SDB960SA1VD=', 'UCS-SD480G63XEP-D', 'UCS-SD19TK1X-EV-D', 'UCS-SD32TK3X-EP-D=', 'UCS-SD76TK1X-EV-D=', 'UCS-SD19TBM3XEP-D', 'UCS-SD76TEM2NK9-D', 'UCS-SD76T6S1XEV-D=', 'UCS-SD16TBM1XEV-D', 'UCS-SD38TKA1XEV-D', 'UCS-SD76T6S1XEV-D', 'UCS-SDB1T9SA1VD=', 'UCS-SD800GBKNK9-D', 'UCS-SD15TKA1XEV-D=', 'UCS-SD15TKA1XEV-D', 'UCS-SD19TK1X-EV-D=', 'UCS-SD32TK3X-EP-D', 'UCS-SD240GBM1XEVD', 'UCS-SD76TKA1XEV-D=', 'UCS-SD76TBKNK9-D=', 'UCS-SD19T63X-EP-D=', 'UCS-SD38TM1X-EV-D', 'UCS-SDB960SA1VD', 'UCS-SD16TBKNK9-D', 'UCS-SD38TK1X-EV-D', 'UCS-SD19TBM1XEV-D=', 'UCS-SDB3T8SA1VD=', 'UCS-SD480G63XEP-D=', 'UCS-SD16TKA3XEP-D', 'UCS-SD480GM1XEV-D', 'UCS-SD960G63XEP-D=', 'UCS-SD800GK3XEP-D=', 'UCS-SD960GK1XEV-D', 'UCS-SD38TK1X-EV-D=', 'UCS-SD240GBM1XEVD=', 'UCS-SD38T6S1XEV-D', 'UCS-SD19T6S1XEV-D', 'UCS-SD76TBKANK9-D', 'UCS-SD38T63X-EP-D=', 'UCS-SDB1T9SA1VD', 'UCS-SD19TBM1XEV-D', 'UCS-SD15TK1X-EV-D', 'UCS-SD800GK3XEP-D', 'UCS-SD76TK1X-EV-D', 'UCS-SD76TKA1XEV-D', 'UCS-SD19TKA1XEV-D=', 'UCS-SD19TEM2NK9-D', 'UCS-SD16TBKANK9-D=', 'UCS-SD480GBM1XEVD=']","['UCS-HD18TB10KJ4-D', 'UCS-HD300G10KJ4-D', 'UCS-HD12TB10KJ4-D=', 'UCS-HD24TB10KJ4-D=', 'UCS-HD24TB10KJ4-D', 'UCS-HD600G10KJ4-D=', 'UCS-HD12TB10KJ4-D', 'UCS-HD600G10KJ4-D', 'UCS-HD18TB10KJ4-D=']",32GB,4800,1,4,DDR5,RDIMM,ECC,1.1V,STD,1,,,is_encoded,c240m7-sff-specsheet.pdf,https://www.cisco.com/c/dam/en/us/products/collateral/servers-unified-computing/ucs-c-series-rack-servers/c240m7-sff-specsheet.pdf,https://www.cisco.com/c/dam/en/us/products/collateral/servers-unified-computing/ucs-c-series-rack-servers/c240m7-sff-specsheet.pdf,,,32D5ER14480011S1,1Rx4,"('1Rx4', '1Rx8', '2Rx4', '4Rx4', '8Rx4')",,,,UCS-MRX32G1RE1=
Cisco,UCS-MRX16G1RE3,Cisco UCS C240 M7 SFF Rack Server,Cisco,UCS,C240 M7 SFF,UCS-MRX16G1RE3 16GB DDR5-5600 RDIMM 1Rx8 (16Gb),['32'],['8TB'],,,,,memory,"['8450H', '5418Y', '5515', '6530=', '6418H', '8468=', '6544Y', '6448Y', '6538N', '8462Y', '4510T=', '8468H', '6414U', '6542Y', '8460H=', '8568Y', '5411N=', '8490H=', '6430', '4410Y=', '4509Y', '8461V=', '8470N=', '6454S', '6526Y', '6426Y=', '3408U', '8461V', '5412U=', '6530', '6444Y=', '6542Y=', '8468V', '6416H', '8450H=', '8592', '8468', '3508U=', '6416H=', '6421N=', '6438Y', '6438N', '4510=', '8480', '6434=', '6438M', '8571N=', '8468V=', '5520', '6448Y=', '6418H=', '6538N=', '6434H', '8454H=', '6444Y', '6414U=', '6434', '8562Y', '8558U', '5416S', '3408U=', '8571N', '4410T=', '6438N=', '6548Y', '8470N', '6548N=', '6544Y=', '8471N=', '8470=', '6538Y', '5418N', '6428N', '8580', '8558', '8468H=', '4410Y', '8444H', '6554S=', '5420', '5512U', '45102', '4516Y', '4509Y=', '6454S=', '8558U=', '5411N', '6534', '8471N', '8558P', '6448H', '6428N=', '8470', '6534=', '4416', '8570', '8444H=', '6438M=', '8460Y', '8581V', '8592V', '5418Y=', '8460H', '4514Y', '6548N', '5415', '8490H', '8452Y', '8458P=', '6448H=', '6526Y=', '4410T', '6421N', '8581V=', '8458P', '8452Y=', '4514Y=', '6554S', '6426Y', '3508U', '6442Y', '5418N=', '5412U', '8454H', '6434H=', '5416S=', '6442Y=', '6430=', '4510T', '5512U=']","['UCS-MR128G4RE3=', 'UCS-MRX96G2RF3', 'UCS-MR128G4RE1', 'UCS-MR256G8RE31,4', 'UCS-MRX64G2RE3=', 'UCS-MRX32G1RE1=', 'UCS-MRX16G1RE1', 'UCS-MR256G8RE3=', 'UCS-MRX96G2RF3=', 'UCS-MRX48G1RF34', 'UCS-MRX64G2RE3', 'UCS-MR128G4RE1=', 'UCS-MRX32G1RE3', 'UCS-MR256G8RE11,2', 'UCS-MRX16G1RE1=', 'UCS-MRX64G2RE1=', 'UCS-MRX32G1RE1', 'UCS-MRX16G1RE3=', 'UCS-MR128G4RE3', 'UCS-MRX32G1RE3=', 'UCS-MRX64G2RE1', 'UCS-MR256G8RE1=', 'UCS-MRX16G1RE3', 'UCS-MRX48G1RF3']","['UCS-SD960GK1XEV-D=', 'UCS-SD76TBKNK9-D', 'UCS-SD38T6I1XEV-D=', 'UCS-SD38T6S1XEV-D=', 'UCS-SD16TK3X-EP-D', 'UCS-SD19TKA1XEV-D', 'UCS-SD64TS3XEP-D=', 'UCS-SD76TS1X-EV-D', 'UCS-SD38TEM2NK9-D=', 'UCS-SD76TM1X-EV-D', 'UCS-SD480GBM3XEPD', 'UCS-SD38TBKANK9-D', 'UCS-SD960GBKNK9-D', 'UCS-SD240GM1XEV-D', 'UCS-SD960GBM1XEVD', 'UCS-SD960GM2NK9-D=', 'UCS-SD76TEM2NK9-D=', 'UCS-SDB7T6SA1VD=', 'UCS-SD38TEM2NK9-D', 'UCS-SD19TBM3XEP-D=', 'UCS-SD32TKA3XEP-D=', 'UCS-SD19T63X-EP-D', 'UCS-SD960G63XEP-D', 'UCS-SD19T6S1XEV-D=', 'UCS-SD960GBM1XEVD=', 'UCS-SD16TK3X-EP-D=', 'UCS-SD800GBKNK9-D=', 'UCS-SD38T63X-EP-D', 'UCS-SD32TKA3XEP-D', 'UCS-SD76TBKANK9-D=', 'UCS-SD76TS1X-EV-D=', 'UCS-SD16TBKNK9-D=', 'UCS-SD16TBM1XEV-D=', 'UCS-SD38TBKNK9-D=', 'UCS-SD19TEM2NK9-D=', 'UCS-SD16TM1X-EV-D', 'UCS-SD16TKA3XEP-D=', 'UCS-SD38TBM1XEV-D', 'UCS-SD38TBM1XEV-D=', 'UCS-SD38TBKANK9-D=', 'UCS-SD480GBM1XEVD', 'UCS-SD960GBM3XEPD=', 'UCS-SD38TKA1XEV-D=', 'UCS-SD15TK1X-EV-D=', 'UCS-SD960GM2NK9-D', 'UCS-SD480GBM3XEPD=', 'UCS-SD960GBKNK9-D=', 'UCS-SD76TBM1XEV-D', 'UCS-SDB7T6SA1VD', 'UCS-SD960GBM3XEPD', 'UCS-SD38TBKNK9-D', 'UCS-SD76TBM1XEV-D=', 'UCS-SD16TBKANK9-D', 'UCS-SD64TS3XEP-D', 'UCS-SDB3T8SA1VD', 'UCS-SD38T6I1XEV-D', 'UCS-SDB960SA1VD=', 'UCS-SD480G63XEP-D', 'UCS-SD19TK1X-EV-D', 'UCS-SD32TK3X-EP-D=', 'UCS-SD76TK1X-EV-D=', 'UCS-SD19TBM3XEP-D', 'UCS-SD76TEM2NK9-D', 'UCS-SD76T6S1XEV-D=', 'UCS-SD16TBM1XEV-D', 'UCS-SD38TKA1XEV-D', 'UCS-SD76T6S1XEV-D', 'UCS-SDB1T9SA1VD=', 'UCS-SD800GBKNK9-D', 'UCS-SD15TKA1XEV-D=', 'UCS-SD15TKA1XEV-D', 'UCS-SD19TK1X-EV-D=', 'UCS-SD32TK3X-EP-D', 'UCS-SD240GBM1XEVD', 'UCS-SD76TKA1XEV-D=', 'UCS-SD76TBKNK9-D=', 'UCS-SD19T63X-EP-D=', 'UCS-SD38TM1X-EV-D', 'UCS-SDB960SA1VD', 'UCS-SD16TBKNK9-D', 'UCS-SD38TK1X-EV-D', 'UCS-SD19TBM1XEV-D=', 'UCS-SDB3T8SA1VD=', 'UCS-SD480G63XEP-D=', 'UCS-SD16TKA3XEP-D', 'UCS-SD480GM1XEV-D', 'UCS-SD960G63XEP-D=', 'UCS-SD800GK3XEP-D=', 'UCS-SD960GK1XEV-D', 'UCS-SD38TK1X-EV-D=', 'UCS-SD240GBM1XEVD=', 'UCS-SD38T6S1XEV-D', 'UCS-SD19T6S1XEV-D', 'UCS-SD76TBKANK9-D', 'UCS-SD38T63X-EP-D=', 'UCS-SDB1T9SA1VD', 'UCS-SD19TBM1XEV-D', 'UCS-SD15TK1X-EV-D', 'UCS-SD800GK3XEP-D', 'UCS-SD76TK1X-EV-D', 'UCS-SD76TKA1XEV-D', 'UCS-SD19TKA1XEV-D=', 'UCS-SD19TEM2NK9-D', 'UCS-SD16TBKANK9-D=', 'UCS-SD480GBM1XEVD=']","['UCS-HD18TB10KJ4-D', 'UCS-HD300G10KJ4-D', 'UCS-HD12TB10KJ4-D=', 'UCS-HD24TB10KJ4-D=', 'UCS-HD24TB10KJ4-D', 'UCS-HD600G10KJ4-D=', 'UCS-HD12TB10KJ4-D', 'UCS-HD600G10KJ4-D', 'UCS-HD18TB10KJ4-D=']",16GB,5600,1,8,DDR5,RDIMM,ECC,1.1V,STD,1,,,is_encoded,c240m7-sff-specsheet.pdf,https://www.cisco.com/c/dam/en/us/products/collateral/servers-unified-computing/ucs-c-series-rack-servers/c240m7-sff-specsheet.pdf,https://www.cisco.com/c/dam/en/us/products/collateral/servers-unified-computing/ucs-c-series-rack-servers/c240m7-sff-specsheet.pdf,,,16D5ER18560011S1,1Rx8,"('1Rx4', '1Rx8', '2Rx4', '4Rx4', '8Rx4')",,,,UCS-MRX16G1RE3=
Cisco,UCS-MRX16G1RE1,Cisco UCS C240 M7 SFF Rack Server,Cisco,UCS,C240 M7 SFF,UCS-MRX16G1RE1 16GB DDR5-4800 RDIMM 1Rx8 (16Gb),['32'],['8TB'],,,,,memory,"['8450H', '5418Y', '5515', '6530=', '6418H', '8468=', '6544Y', '6448Y', '6538N', '8462Y', '4510T=', '8468H', '6414U', '6542Y', '8460H=', '8568Y', '5411N=', '8490H=', '6430', '4410Y=', '4509Y', '8461V=', '8470N=', '6454S', '6526Y', '6426Y=', '3408U', '8461V', '5412U=', '6530', '6444Y=', '6542Y=', '8468V', '6416H', '8450H=', '8592', '8468', '3508U=', '6416H=', '6421N=', '6438Y', '6438N', '4510=', '8480', '6434=', '6438M', '8571N=', '8468V=', '5520', '6448Y=', '6418H=', '6538N=', '6434H', '8454H=', '6444Y', '6414U=', '6434', '8562Y', '8558U', '5416S', '3408U=', '8571N', '4410T=', '6438N=', '6548Y', '8470N', '6548N=', '6544Y=', '8471N=', '8470=', '6538Y', '5418N', '6428N', '8580', '8558', '8468H=', '4410Y', '8444H', '6554S=', '5420', '5512U', '45102', '4516Y', '4509Y=', '6454S=', '8558U=', '5411N', '6534', '8471N', '8558P', '6448H', '6428N=', '8470', '6534=', '4416', '8570', '8444H=', '6438M=', '8460Y', '8581V', '8592V', '5418Y=', '8460H', '4514Y', '6548N', '5415', '8490H', '8452Y', '8458P=', '6448H=', '6526Y=', '4410T', '6421N', '8581V=', '8458P', '8452Y=', '4514Y=', '6554S', '6426Y', '3508U', '6442Y', '5418N=', '5412U', '8454H', '6434H=', '5416S=', '6442Y=', '6430=', '4510T', '5512U=']","['UCS-MR128G4RE3=', 'UCS-MRX96G2RF3', 'UCS-MR128G4RE1', 'UCS-MR256G8RE31,4', 'UCS-MRX64G2RE3=', 'UCS-MRX32G1RE1=', 'UCS-MRX16G1RE1', 'UCS-MR256G8RE3=', 'UCS-MRX96G2RF3=', 'UCS-MRX48G1RF34', 'UCS-MRX64G2RE3', 'UCS-MR128G4RE1=', 'UCS-MRX32G1RE3', 'UCS-MR256G8RE11,2', 'UCS-MRX16G1RE1=', 'UCS-MRX64G2RE1=', 'UCS-MRX32G1RE1', 'UCS-MRX16G1RE3=', 'UCS-MR128G4RE3', 'UCS-MRX32G1RE3=', 'UCS-MRX64G2RE1', 'UCS-MR256G8RE1=', 'UCS-MRX16G1RE3', 'UCS-MRX48G1RF3']","['UCS-SD960GK1XEV-D=', 'UCS-SD76TBKNK9-D', 'UCS-SD38T6I1XEV-D=', 'UCS-SD38T6S1XEV-D=', 'UCS-SD16TK3X-EP-D', 'UCS-SD19TKA1XEV-D', 'UCS-SD64TS3XEP-D=', 'UCS-SD76TS1X-EV-D', 'UCS-SD38TEM2NK9-D=', 'UCS-SD76TM1X-EV-D', 'UCS-SD480GBM3XEPD', 'UCS-SD38TBKANK9-D', 'UCS-SD960GBKNK9-D', 'UCS-SD240GM1XEV-D', 'UCS-SD960GBM1XEVD', 'UCS-SD960GM2NK9-D=', 'UCS-SD76TEM2NK9-D=', 'UCS-SDB7T6SA1VD=', 'UCS-SD38TEM2NK9-D', 'UCS-SD19TBM3XEP-D=', 'UCS-SD32TKA3XEP-D=', 'UCS-SD19T63X-EP-D', 'UCS-SD960G63XEP-D', 'UCS-SD19T6S1XEV-D=', 'UCS-SD960GBM1XEVD=', 'UCS-SD16TK3X-EP-D=', 'UCS-SD800GBKNK9-D=', 'UCS-SD38T63X-EP-D', 'UCS-SD32TKA3XEP-D', 'UCS-SD76TBKANK9-D=', 'UCS-SD76TS1X-EV-D=', 'UCS-SD16TBKNK9-D=', 'UCS-SD16TBM1XEV-D=', 'UCS-SD38TBKNK9-D=', 'UCS-SD19TEM2NK9-D=', 'UCS-SD16TM1X-EV-D', 'UCS-SD16TKA3XEP-D=', 'UCS-SD38TBM1XEV-D', 'UCS-SD38TBM1XEV-D=', 'UCS-SD38TBKANK9-D=', 'UCS-SD480GBM1XEVD', 'UCS-SD960GBM3XEPD=', 'UCS-SD38TKA1XEV-D=', 'UCS-SD15TK1X-EV-D=', 'UCS-SD960GM2NK9-D', 'UCS-SD480GBM3XEPD=', 'UCS-SD960GBKNK9-D=', 'UCS-SD76TBM1XEV-D', 'UCS-SDB7T6SA1VD', 'UCS-SD960GBM3XEPD', 'UCS-SD38TBKNK9-D', 'UCS-SD76TBM1XEV-D=', 'UCS-SD16TBKANK9-D', 'UCS-SD64TS3XEP-D', 'UCS-SDB3T8SA1VD', 'UCS-SD38T6I1XEV-D', 'UCS-SDB960SA1VD=', 'UCS-SD480G63XEP-D', 'UCS-SD19TK1X-EV-D', 'UCS-SD32TK3X-EP-D=', 'UCS-SD76TK1X-EV-D=', 'UCS-SD19TBM3XEP-D', 'UCS-SD76TEM2NK9-D', 'UCS-SD76T6S1XEV-D=', 'UCS-SD16TBM1XEV-D', 'UCS-SD38TKA1XEV-D', 'UCS-SD76T6S1XEV-D', 'UCS-SDB1T9SA1VD=', 'UCS-SD800GBKNK9-D', 'UCS-SD15TKA1XEV-D=', 'UCS-SD15TKA1XEV-D', 'UCS-SD19TK1X-EV-D=', 'UCS-SD32TK3X-EP-D', 'UCS-SD240GBM1XEVD', 'UCS-SD76TKA1XEV-D=', 'UCS-SD76TBKNK9-D=', 'UCS-SD19T63X-EP-D=', 'UCS-SD38TM1X-EV-D', 'UCS-SDB960SA1VD', 'UCS-SD16TBKNK9-D', 'UCS-SD38TK1X-EV-D', 'UCS-SD19TBM1XEV-D=', 'UCS-SDB3T8SA1VD=', 'UCS-SD480G63XEP-D=', 'UCS-SD16TKA3XEP-D', 'UCS-SD480GM1XEV-D', 'UCS-SD960G63XEP-D=', 'UCS-SD800GK3XEP-D=', 'UCS-SD960GK1XEV-D', 'UCS-SD38TK1X-EV-D=', 'UCS-SD240GBM1XEVD=', 'UCS-SD38T6S1XEV-D', 'UCS-SD19T6S1XEV-D', 'UCS-SD76TBKANK9-D', 'UCS-SD38T63X-EP-D=', 'UCS-SDB1T9SA1VD', 'UCS-SD19TBM1XEV-D', 'UCS-SD15TK1X-EV-D', 'UCS-SD800GK3XEP-D', 'UCS-SD76TK1X-EV-D', 'UCS-SD76TKA1XEV-D', 'UCS-SD19TKA1XEV-D=', 'UCS-SD19TEM2NK9-D', 'UCS-SD16TBKANK9-D=', 'UCS-SD480GBM1XEVD=']","['UCS-HD18TB10KJ4-D', 'UCS-HD300G10KJ4-D', 'UCS-HD12TB10KJ4-D=', 'UCS-HD24TB10KJ4-D=', 'UCS-HD24TB10KJ4-D', 'UCS-HD600G10KJ4-D=', 'UCS-HD12TB10KJ4-D', 'UCS-HD600G10KJ4-D', 'UCS-HD18TB10KJ4-D=']",16GB,4800,1,8,DDR5,RDIMM,ECC,1.1V,STD,1,,,is_encoded,c240m7-sff-specsheet.pdf,https://www.cisco.com/c/dam/en/us/products/collateral/servers-unified-computing/ucs-c-series-rack-servers/c240m7-sff-specsheet.pdf,https://www.cisco.com/c/dam/en/us/products/collateral/servers-unified-computing/ucs-c-series-rack-servers/c240m7-sff-specsheet.pdf,,,16D5ER18480011S1,1Rx8,"('1Rx4', '1Rx8', '2Rx4', '4Rx4', '8Rx4')",,,,UCS-MRX16G1RE1=
Cisco,UCS-MRX96G2RF3,Cisco UCS C240 M7 SFF Rack Server,Cisco,UCS,C240 M7 SFF,UCS-MRX96G2RF3 96GB DDR5-5600 RDIMM 2Rx4 (24Gb),['32'],['8TB'],,,,,memory,"['8450H', '5418Y', '5515', '6530=', '6418H', '8468=', '6544Y', '6448Y', '6538N', '8462Y', '4510T=', '8468H', '6414U', '6542Y', '8460H=', '8568Y', '5411N=', '8490H=', '6430', '4410Y=', '4509Y', '8461V=', '8470N=', '6454S', '6526Y', '6426Y=', '3408U', '8461V', '5412U=', '6530', '6444Y=', '6542Y=', '8468V', '6416H', '8450H=', '8592', '8468', '3508U=', '6416H=', '6421N=', '6438Y', '6438N', '4510=', '8480', '6434=', '6438M', '8571N=', '8468V=', '5520', '6448Y=', '6418H=', '6538N=', '6434H', '8454H=', '6444Y', '6414U=', '6434', '8562Y', '8558U', '5416S', '3408U=', '8571N', '4410T=', '6438N=', '6548Y', '8470N', '6548N=', '6544Y=', '8471N=', '8470=', '6538Y', '5418N', '6428N', '8580', '8558', '8468H=', '4410Y', '8444H', '6554S=', '5420', '5512U', '45102', '4516Y', '4509Y=', '6454S=', '8558U=', '5411N', '6534', '8471N', '8558P', '6448H', '6428N=', '8470', '6534=', '4416', '8570', '8444H=', '6438M=', '8460Y', '8581V', '8592V', '5418Y=', '8460H', '4514Y', '6548N', '5415', '8490H', '8452Y', '8458P=', '6448H=', '6526Y=', '4410T', '6421N', '8581V=', '8458P', '8452Y=', '4514Y=', '6554S', '6426Y', '3508U', '6442Y', '5418N=', '5412U', '8454H', '6434H=', '5416S=', '6442Y=', '6430=', '4510T', '5512U=']","['UCS-MR128G4RE3=', 'UCS-MRX96G2RF3', 'UCS-MR128G4RE1', 'UCS-MR256G8RE31,4', 'UCS-MRX64G2RE3=', 'UCS-MRX32G1RE1=', 'UCS-MRX16G1RE1', 'UCS-MR256G8RE3=', 'UCS-MRX96G2RF3=', 'UCS-MRX48G1RF34', 'UCS-MRX64G2RE3', 'UCS-MR128G4RE1=', 'UCS-MRX32G1RE3', 'UCS-MR256G8RE11,2', 'UCS-MRX16G1RE1=', 'UCS-MRX64G2RE1=', 'UCS-MRX32G1RE1', 'UCS-MRX16G1RE3=', 'UCS-MR128G4RE3', 'UCS-MRX32G1RE3=', 'UCS-MRX64G2RE1', 'UCS-MR256G8RE1=', 'UCS-MRX16G1RE3', 'UCS-MRX48G1RF3']","['UCS-SD960GK1XEV-D=', 'UCS-SD76TBKNK9-D', 'UCS-SD38T6I1XEV-D=', 'UCS-SD38T6S1XEV-D=', 'UCS-SD16TK3X-EP-D', 'UCS-SD19TKA1XEV-D', 'UCS-SD64TS3XEP-D=', 'UCS-SD76TS1X-EV-D', 'UCS-SD38TEM2NK9-D=', 'UCS-SD76TM1X-EV-D', 'UCS-SD480GBM3XEPD', 'UCS-SD38TBKANK9-D', 'UCS-SD960GBKNK9-D', 'UCS-SD240GM1XEV-D', 'UCS-SD960GBM1XEVD', 'UCS-SD960GM2NK9-D=', 'UCS-SD76TEM2NK9-D=', 'UCS-SDB7T6SA1VD=', 'UCS-SD38TEM2NK9-D', 'UCS-SD19TBM3XEP-D=', 'UCS-SD32TKA3XEP-D=', 'UCS-SD19T63X-EP-D', 'UCS-SD960G63XEP-D', 'UCS-SD19T6S1XEV-D=', 'UCS-SD960GBM1XEVD=', 'UCS-SD16TK3X-EP-D=', 'UCS-SD800GBKNK9-D=', 'UCS-SD38T63X-EP-D', 'UCS-SD32TKA3XEP-D', 'UCS-SD76TBKANK9-D=', 'UCS-SD76TS1X-EV-D=', 'UCS-SD16TBKNK9-D=', 'UCS-SD16TBM1XEV-D=', 'UCS-SD38TBKNK9-D=', 'UCS-SD19TEM2NK9-D=', 'UCS-SD16TM1X-EV-D', 'UCS-SD16TKA3XEP-D=', 'UCS-SD38TBM1XEV-D', 'UCS-SD38TBM1XEV-D=', 'UCS-SD38TBKANK9-D=', 'UCS-SD480GBM1XEVD', 'UCS-SD960GBM3XEPD=', 'UCS-SD38TKA1XEV-D=', 'UCS-SD15TK1X-EV-D=', 'UCS-SD960GM2NK9-D', 'UCS-SD480GBM3XEPD=', 'UCS-SD960GBKNK9-D=', 'UCS-SD76TBM1XEV-D', 'UCS-SDB7T6SA1VD', 'UCS-SD960GBM3XEPD', 'UCS-SD38TBKNK9-D', 'UCS-SD76TBM1XEV-D=', 'UCS-SD16TBKANK9-D', 'UCS-SD64TS3XEP-D', 'UCS-SDB3T8SA1VD', 'UCS-SD38T6I1XEV-D', 'UCS-SDB960SA1VD=', 'UCS-SD480G63XEP-D', 'UCS-SD19TK1X-EV-D', 'UCS-SD32TK3X-EP-D=', 'UCS-SD76TK1X-EV-D=', 'UCS-SD19TBM3XEP-D', 'UCS-SD76TEM2NK9-D', 'UCS-SD76T6S1XEV-D=', 'UCS-SD16TBM1XEV-D', 'UCS-SD38TKA1XEV-D', 'UCS-SD76T6S1XEV-D', 'UCS-SDB1T9SA1VD=', 'UCS-SD800GBKNK9-D', 'UCS-SD15TKA1XEV-D=', 'UCS-SD15TKA1XEV-D', 'UCS-SD19TK1X-EV-D=', 'UCS-SD32TK3X-EP-D', 'UCS-SD240GBM1XEVD', 'UCS-SD76TKA1XEV-D=', 'UCS-SD76TBKNK9-D=', 'UCS-SD19T63X-EP-D=', 'UCS-SD38TM1X-EV-D', 'UCS-SDB960SA1VD', 'UCS-SD16TBKNK9-D', 'UCS-SD38TK1X-EV-D', 'UCS-SD19TBM1XEV-D=', 'UCS-SDB3T8SA1VD=', 'UCS-SD480G63XEP-D=', 'UCS-SD16TKA3XEP-D', 'UCS-SD480GM1XEV-D', 'UCS-SD960G63XEP-D=', 'UCS-SD800GK3XEP-D=', 'UCS-SD960GK1XEV-D', 'UCS-SD38TK1X-EV-D=', 'UCS-SD240GBM1XEVD=', 'UCS-SD38T6S1XEV-D', 'UCS-SD19T6S1XEV-D', 'UCS-SD76TBKANK9-D', 'UCS-SD38T63X-EP-D=', 'UCS-SDB1T9SA1VD', 'UCS-SD19TBM1XEV-D', 'UCS-SD15TK1X-EV-D', 'UCS-SD800GK3XEP-D', 'UCS-SD76TK1X-EV-D', 'UCS-SD76TKA1XEV-D', 'UCS-SD19TKA1XEV-D=', 'UCS-SD19TEM2NK9-D', 'UCS-SD16TBKANK9-D=', 'UCS-SD480GBM1XEVD=']","['UCS-HD18TB10KJ4-D', 'UCS-HD300G10KJ4-D', 'UCS-HD12TB10KJ4-D=', 'UCS-HD24TB10KJ4-D=', 'UCS-HD24TB10KJ4-D', 'UCS-HD600G10KJ4-D=', 'UCS-HD12TB10KJ4-D', 'UCS-HD600G10KJ4-D', 'UCS-HD18TB10KJ4-D=']",96GB,5600,2,4,DDR5,RDIMM,ECC,1.1V,STD,1,,,is_encoded,c240m7-sff-specsheet.pdf,https://www.cisco.com/c/dam/en/us/products/collateral/servers-unified-computing/ucs-c-series-rack-servers/c240m7-sff-specsheet.pdf,https://www.cisco.com/c/dam/en/us/products/collateral/servers-unified-computing/ucs-c-series-rack-servers/c240m7-sff-specsheet.pdf,,,96D5ER24560011S1,2Rx4,"('1Rx4', '1Rx8', '2Rx4', '4Rx4', '8Rx4')",,,,UCS-MRX96G2RF3=
Cisco,UCS-MRX64G2RE3,Cisco UCS C240 M7 SFF Rack Server,Cisco,UCS,C240 M7 SFF,UCS-MRX64G2RE3 64GB DDR5-5600 RDIMM 2Rx4 (16Gb),['32'],['8TB'],,,,,memory,"['8450H', '5418Y', '5515', '6530=', '6418H', '8468=', '6544Y', '6448Y', '6538N', '8462Y', '4510T=', '8468H', '6414U', '6542Y', '8460H=', '8568Y', '5411N=', '8490H=', '6430', '4410Y=', '4509Y', '8461V=', '8470N=', '6454S', '6526Y', '6426Y=', '3408U', '8461V', '5412U=', '6530', '6444Y=', '6542Y=', '8468V', '6416H', '8450H=', '8592', '8468', '3508U=', '6416H=', '6421N=', '6438Y', '6438N', '4510=', '8480', '6434=', '6438M', '8571N=', '8468V=', '5520', '6448Y=', '6418H=', '6538N=', '6434H', '8454H=', '6444Y', '6414U=', '6434', '8562Y', '8558U', '5416S', '3408U=', '8571N', '4410T=', '6438N=', '6548Y', '8470N', '6548N=', '6544Y=', '8471N=', '8470=', '6538Y', '5418N', '6428N', '8580', '8558', '8468H=', '4410Y', '8444H', '6554S=', '5420', '5512U', '45102', '4516Y', '4509Y=', '6454S=', '8558U=', '5411N', '6534', '8471N', '8558P', '6448H', '6428N=', '8470', '6534=', '4416', '8570', '8444H=', '6438M=', '8460Y', '8581V', '8592V', '5418Y=', '8460H', '4514Y', '6548N', '5415', '8490H', '8452Y', '8458P=', '6448H=', '6526Y=', '4410T', '6421N', '8581V=', '8458P', '8452Y=', '4514Y=', '6554S', '6426Y', '3508U', '6442Y', '5418N=', '5412U', '8454H', '6434H=', '5416S=', '6442Y=', '6430=', '4510T', '5512U=']","['UCS-MR128G4RE3=', 'UCS-MRX96G2RF3', 'UCS-MR128G4RE1', 'UCS-MR256G8RE31,4', 'UCS-MRX64G2RE3=', 'UCS-MRX32G1RE1=', 'UCS-MRX16G1RE1', 'UCS-MR256G8RE3=', 'UCS-MRX96G2RF3=', 'UCS-MRX48G1RF34', 'UCS-MRX64G2RE3', 'UCS-MR128G4RE1=', 'UCS-MRX32G1RE3', 'UCS-MR256G8RE11,2', 'UCS-MRX16G1RE1=', 'UCS-MRX64G2RE1=', 'UCS-MRX32G1RE1', 'UCS-MRX16G1RE3=', 'UCS-MR128G4RE3', 'UCS-MRX32G1RE3=', 'UCS-MRX64G2RE1', 'UCS-MR256G8RE1=', 'UCS-MRX16G1RE3', 'UCS-MRX48G1RF3']","['UCS-SD960GK1XEV-D=', 'UCS-SD76TBKNK9-D', 'UCS-SD38T6I1XEV-D=', 'UCS-SD38T6S1XEV-D=', 'UCS-SD16TK3X-EP-D', 'UCS-SD19TKA1XEV-D', 'UCS-SD64TS3XEP-D=', 'UCS-SD76TS1X-EV-D', 'UCS-SD38TEM2NK9-D=', 'UCS-SD76TM1X-EV-D', 'UCS-SD480GBM3XEPD', 'UCS-SD38TBKANK9-D', 'UCS-SD960GBKNK9-D', 'UCS-SD240GM1XEV-D', 'UCS-SD960GBM1XEVD', 'UCS-SD960GM2NK9-D=', 'UCS-SD76TEM2NK9-D=', 'UCS-SDB7T6SA1VD=', 'UCS-SD38TEM2NK9-D', 'UCS-SD19TBM3XEP-D=', 'UCS-SD32TKA3XEP-D=', 'UCS-SD19T63X-EP-D', 'UCS-SD960G63XEP-D', 'UCS-SD19T6S1XEV-D=', 'UCS-SD960GBM1XEVD=', 'UCS-SD16TK3X-EP-D=', 'UCS-SD800GBKNK9-D=', 'UCS-SD38T63X-EP-D', 'UCS-SD32TKA3XEP-D', 'UCS-SD76TBKANK9-D=', 'UCS-SD76TS1X-EV-D=', 'UCS-SD16TBKNK9-D=', 'UCS-SD16TBM1XEV-D=', 'UCS-SD38TBKNK9-D=', 'UCS-SD19TEM2NK9-D=', 'UCS-SD16TM1X-EV-D', 'UCS-SD16TKA3XEP-D=', 'UCS-SD38TBM1XEV-D', 'UCS-SD38TBM1XEV-D=', 'UCS-SD38TBKANK9-D=', 'UCS-SD480GBM1XEVD', 'UCS-SD960GBM3XEPD=', 'UCS-SD38TKA1XEV-D=', 'UCS-SD15TK1X-EV-D=', 'UCS-SD960GM2NK9-D', 'UCS-SD480GBM3XEPD=', 'UCS-SD960GBKNK9-D=', 'UCS-SD76TBM1XEV-D', 'UCS-SDB7T6SA1VD', 'UCS-SD960GBM3XEPD', 'UCS-SD38TBKNK9-D', 'UCS-SD76TBM1XEV-D=', 'UCS-SD16TBKANK9-D', 'UCS-SD64TS3XEP-D', 'UCS-SDB3T8SA1VD', 'UCS-SD38T6I1XEV-D', 'UCS-SDB960SA1VD=', 'UCS-SD480G63XEP-D', 'UCS-SD19TK1X-EV-D', 'UCS-SD32TK3X-EP-D=', 'UCS-SD76TK1X-EV-D=', 'UCS-SD19TBM3XEP-D', 'UCS-SD76TEM2NK9-D', 'UCS-SD76T6S1XEV-D=', 'UCS-SD16TBM1XEV-D', 'UCS-SD38TKA1XEV-D', 'UCS-SD76T6S1XEV-D', 'UCS-SDB1T9SA1VD=', 'UCS-SD800GBKNK9-D', 'UCS-SD15TKA1XEV-D=', 'UCS-SD15TKA1XEV-D', 'UCS-SD19TK1X-EV-D=', 'UCS-SD32TK3X-EP-D', 'UCS-SD240GBM1XEVD', 'UCS-SD76TKA1XEV-D=', 'UCS-SD76TBKNK9-D=', 'UCS-SD19T63X-EP-D=', 'UCS-SD38TM1X-EV-D', 'UCS-SDB960SA1VD', 'UCS-SD16TBKNK9-D', 'UCS-SD38TK1X-EV-D', 'UCS-SD19TBM1XEV-D=', 'UCS-SDB3T8SA1VD=', 'UCS-SD480G63XEP-D=', 'UCS-SD16TKA3XEP-D', 'UCS-SD480GM1XEV-D', 'UCS-SD960G63XEP-D=', 'UCS-SD800GK3XEP-D=', 'UCS-SD960GK1XEV-D', 'UCS-SD38TK1X-EV-D=', 'UCS-SD240GBM1XEVD=', 'UCS-SD38T6S1XEV-D', 'UCS-SD19T6S1XEV-D', 'UCS-SD76TBKANK9-D', 'UCS-SD38T63X-EP-D=', 'UCS-SDB1T9SA1VD', 'UCS-SD19TBM1XEV-D', 'UCS-SD15TK1X-EV-D', 'UCS-SD800GK3XEP-D', 'UCS-SD76TK1X-EV-D', 'UCS-SD76TKA1XEV-D', 'UCS-SD19TKA1XEV-D=', 'UCS-SD19TEM2NK9-D', 'UCS-SD16TBKANK9-D=', 'UCS-SD480GBM1XEVD=']","['UCS-HD18TB10KJ4-D', 'UCS-HD300G10KJ4-D', 'UCS-HD12TB10KJ4-D=', 'UCS-HD24TB10KJ4-D=', 'UCS-HD24TB10KJ4-D', 'UCS-HD600G10KJ4-D=', 'UCS-HD12TB10KJ4-D', 'UCS-HD600G10KJ4-D', 'UCS-HD18TB10KJ4-D=']",64GB,5600,2,4,DDR5,RDIMM,ECC,1.1V,STD,1,,,is_encoded,c240m7-sff-specsheet.pdf,https://www.cisco.com/c/dam/en/us/products/collateral/servers-unified-computing/ucs-c-series-rack-servers/c240m7-sff-specsheet.pdf,https://www.cisco.com/c/dam/en/us/products/collateral/servers-unified-computing/ucs-c-series-rack-servers/c240m7-sff-specsheet.pdf,,,64D5ER24560011S1,2Rx4,"('1Rx4', '1Rx8', '2Rx4', '4Rx4', '8Rx4')",,,,UCS-MRX64G2RE3=
Cisco,UCS-MRX64G2RE1,Cisco UCS C240 M7 SFF Rack Server,Cisco,UCS,C240 M7 SFF,UCS-MRX64G2RE1 64GB DDR5-4800 RDIMM 2Rx4 (16Gb),['32'],['8TB'],,,,,memory,"['8450H', '5418Y', '5515', '6530=', '6418H', '8468=', '6544Y', '6448Y', '6538N', '8462Y', '4510T=', '8468H', '6414U', '6542Y', '8460H=', '8568Y', '5411N=', '8490H=', '6430', '4410Y=', '4509Y', '8461V=', '8470N=', '6454S', '6526Y', '6426Y=', '3408U', '8461V', '5412U=', '6530', '6444Y=', '6542Y=', '8468V', '6416H', '8450H=', '8592', '8468', '3508U=', '6416H=', '6421N=', '6438Y', '6438N', '4510=', '8480', '6434=', '6438M', '8571N=', '8468V=', '5520', '6448Y=', '6418H=', '6538N=', '6434H', '8454H=', '6444Y', '6414U=', '6434', '8562Y', '8558U', '5416S', '3408U=', '8571N', '4410T=', '6438N=', '6548Y', '8470N', '6548N=', '6544Y=', '8471N=', '8470=', '6538Y', '5418N', '6428N', '8580', '8558', '8468H=', '4410Y', '8444H', '6554S=', '5420', '5512U', '45102', '4516Y', '4509Y=', '6454S=', '8558U=', '5411N', '6534', '8471N', '8558P', '6448H', '6428N=', '8470', '6534=', '4416', '8570', '8444H=', '6438M=', '8460Y', '8581V', '8592V', '5418Y=', '8460H', '4514Y', '6548N', '5415', '8490H', '8452Y', '8458P=', '6448H=', '6526Y=', '4410T', '6421N', '8581V=', '8458P', '8452Y=', '4514Y=', '6554S', '6426Y', '3508U', '6442Y', '5418N=', '5412U', '8454H', '6434H=', '5416S=', '6442Y=', '6430=', '4510T', '5512U=']","['UCS-MR128G4RE3=', 'UCS-MRX96G2RF3', 'UCS-MR128G4RE1', 'UCS-MR256G8RE31,4', 'UCS-MRX64G2RE3=', 'UCS-MRX32G1RE1=', 'UCS-MRX16G1RE1', 'UCS-MR256G8RE3=', 'UCS-MRX96G2RF3=', 'UCS-MRX48G1RF34', 'UCS-MRX64G2RE3', 'UCS-MR128G4RE1=', 'UCS-MRX32G1RE3', 'UCS-MR256G8RE11,2', 'UCS-MRX16G1RE1=', 'UCS-MRX64G2RE1=', 'UCS-MRX32G1RE1', 'UCS-MRX16G1RE3=', 'UCS-MR128G4RE3', 'UCS-MRX32G1RE3=', 'UCS-MRX64G2RE1', 'UCS-MR256G8RE1=', 'UCS-MRX16G1RE3', 'UCS-MRX48G1RF3']","['UCS-SD960GK1XEV-D=', 'UCS-SD76TBKNK9-D', 'UCS-SD38T6I1XEV-D=', 'UCS-SD38T6S1XEV-D=', 'UCS-SD16TK3X-EP-D', 'UCS-SD19TKA1XEV-D', 'UCS-SD64TS3XEP-D=', 'UCS-SD76TS1X-EV-D', 'UCS-SD38TEM2NK9-D=', 'UCS-SD76TM1X-EV-D', 'UCS-SD480GBM3XEPD', 'UCS-SD38TBKANK9-D', 'UCS-SD960GBKNK9-D', 'UCS-SD240GM1XEV-D', 'UCS-SD960GBM1XEVD', 'UCS-SD960GM2NK9-D=', 'UCS-SD76TEM2NK9-D=', 'UCS-SDB7T6SA1VD=', 'UCS-SD38TEM2NK9-D', 'UCS-SD19TBM3XEP-D=', 'UCS-SD32TKA3XEP-D=', 'UCS-SD19T63X-EP-D', 'UCS-SD960G63XEP-D', 'UCS-SD19T6S1XEV-D=', 'UCS-SD960GBM1XEVD=', 'UCS-SD16TK3X-EP-D=', 'UCS-SD800GBKNK9-D=', 'UCS-SD38T63X-EP-D', 'UCS-SD32TKA3XEP-D', 'UCS-SD76TBKANK9-D=', 'UCS-SD76TS1X-EV-D=', 'UCS-SD16TBKNK9-D=', 'UCS-SD16TBM1XEV-D=', 'UCS-SD38TBKNK9-D=', 'UCS-SD19TEM2NK9-D=', 'UCS-SD16TM1X-EV-D', 'UCS-SD16TKA3XEP-D=', 'UCS-SD38TBM1XEV-D', 'UCS-SD38TBM1XEV-D=', 'UCS-SD38TBKANK9-D=', 'UCS-SD480GBM1XEVD', 'UCS-SD960GBM3XEPD=', 'UCS-SD38TKA1XEV-D=', 'UCS-SD15TK1X-EV-D=', 'UCS-SD960GM2NK9-D', 'UCS-SD480GBM3XEPD=', 'UCS-SD960GBKNK9-D=', 'UCS-SD76TBM1XEV-D', 'UCS-SDB7T6SA1VD', 'UCS-SD960GBM3XEPD', 'UCS-SD38TBKNK9-D', 'UCS-SD76TBM1XEV-D=', 'UCS-SD16TBKANK9-D', 'UCS-SD64TS3XEP-D', 'UCS-SDB3T8SA1VD', 'UCS-SD38T6I1XEV-D', 'UCS-SDB960SA1VD=', 'UCS-SD480G63XEP-D', 'UCS-SD19TK1X-EV-D', 'UCS-SD32TK3X-EP-D=', 'UCS-SD76TK1X-EV-D=', 'UCS-SD19TBM3XEP-D', 'UCS-SD76TEM2NK9-D', 'UCS-SD76T6S1XEV-D=', 'UCS-SD16TBM1XEV-D', 'UCS-SD38TKA1XEV-D', 'UCS-SD76T6S1XEV-D', 'UCS-SDB1T9SA1VD=', 'UCS-SD800GBKNK9-D', 'UCS-SD15TKA1XEV-D=', 'UCS-SD15TKA1XEV-D', 'UCS-SD19TK1X-EV-D=', 'UCS-SD32TK3X-EP-D', 'UCS-SD240GBM1XEVD', 'UCS-SD76TKA1XEV-D=', 'UCS-SD76TBKNK9-D=', 'UCS-SD19T63X-EP-D=', 'UCS-SD38TM1X-EV-D', 'UCS-SDB960SA1VD', 'UCS-SD16TBKNK9-D', 'UCS-SD38TK1X-EV-D', 'UCS-SD19TBM1XEV-D=', 'UCS-SDB3T8SA1VD=', 'UCS-SD480G63XEP-D=', 'UCS-SD16TKA3XEP-D', 'UCS-SD480GM1XEV-D', 'UCS-SD960G63XEP-D=', 'UCS-SD800GK3XEP-D=', 'UCS-SD960GK1XEV-D', 'UCS-SD38TK1X-EV-D=', 'UCS-SD240GBM1XEVD=', 'UCS-SD38T6S1XEV-D', 'UCS-SD19T6S1XEV-D', 'UCS-SD76TBKANK9-D', 'UCS-SD38T63X-EP-D=', 'UCS-SDB1T9SA1VD', 'UCS-SD19TBM1XEV-D', 'UCS-SD15TK1X-EV-D', 'UCS-SD800GK3XEP-D', 'UCS-SD76TK1X-EV-D', 'UCS-SD76TKA1XEV-D', 'UCS-SD19TKA1XEV-D=', 'UCS-SD19TEM2NK9-D', 'UCS-SD16TBKANK9-D=', 'UCS-SD480GBM1XEVD=']","['UCS-HD18TB10KJ4-D', 'UCS-HD300G10KJ4-D', 'UCS-HD12TB10KJ4-D=', 'UCS-HD24TB10KJ4-D=', 'UCS-HD24TB10KJ4-D', 'UCS-HD600G10KJ4-D=', 'UCS-HD12TB10KJ4-D', 'UCS-HD600G10KJ4-D', 'UCS-HD18TB10KJ4-D=']",64GB,4800,2,4,DDR5,RDIMM,ECC,1.1V,STD,1,,,is_encoded,c240m7-sff-specsheet.pdf,https://www.cisco.com/c/dam/en/us/products/collateral/servers-unified-computing/ucs-c-series-rack-servers/c240m7-sff-specsheet.pdf,https://www.cisco.com/c/dam/en/us/products/collateral/servers-unified-computing/ucs-c-series-rack-servers/c240m7-sff-specsheet.pdf,,,64D5ER24480011S1,2Rx4,"('1Rx4', '1Rx8', '2Rx4', '4Rx4', '8Rx4')",,,,UCS-MRX64G2RE1=
Cisco,UCS-MR128G4RE3,Cisco UCS C240 M7 SFF Rack Server,Cisco,UCS,C240 M7 SFF,UCS-MR128G4RE3 128GB DDR5-5600 RDIMM 4Rx4 (16Gb),['32'],['8TB'],,,,,memory,"['8450H', '5418Y', '5515', '6530=', '6418H', '8468=', '6544Y', '6448Y', '6538N', '8462Y', '4510T=', '8468H', '6414U', '6542Y', '8460H=', '8568Y', '5411N=', '8490H=', '6430', '4410Y=', '4509Y', '8461V=', '8470N=', '6454S', '6526Y', '6426Y=', '3408U', '8461V', '5412U=', '6530', '6444Y=', '6542Y=', '8468V', '6416H', '8450H=', '8592', '8468', '3508U=', '6416H=', '6421N=', '6438Y', '6438N', '4510=', '8480', '6434=', '6438M', '8571N=', '8468V=', '5520', '6448Y=', '6418H=', '6538N=', '6434H', '8454H=', '6444Y', '6414U=', '6434', '8562Y', '8558U', '5416S', '3408U=', '8571N', '4410T=', '6438N=', '6548Y', '8470N', '6548N=', '6544Y=', '8471N=', '8470=', '6538Y', '5418N', '6428N', '8580', '8558', '8468H=', '4410Y', '8444H', '6554S=', '5420', '5512U', '45102', '4516Y', '4509Y=', '6454S=', '8558U=', '5411N', '6534', '8471N', '8558P', '6448H', '6428N=', '8470', '6534=', '4416', '8570', '8444H=', '6438M=', '8460Y', '8581V', '8592V', '5418Y=', '8460H', '4514Y', '6548N', '5415', '8490H', '8452Y', '8458P=', '6448H=', '6526Y=', '4410T', '6421N', '8581V=', '8458P', '8452Y=', '4514Y=', '6554S', '6426Y', '3508U', '6442Y', '5418N=', '5412U', '8454H', '6434H=', '5416S=', '6442Y=', '6430=', '4510T', '5512U=']","['UCS-MR128G4RE3=', 'UCS-MRX96G2RF3', 'UCS-MR128G4RE1', 'UCS-MR256G8RE31,4', 'UCS-MRX64G2RE3=', 'UCS-MRX32G1RE1=', 'UCS-MRX16G1RE1', 'UCS-MR256G8RE3=', 'UCS-MRX96G2RF3=', 'UCS-MRX48G1RF34', 'UCS-MRX64G2RE3', 'UCS-MR128G4RE1=', 'UCS-MRX32G1RE3', 'UCS-MR256G8RE11,2', 'UCS-MRX16G1RE1=', 'UCS-MRX64G2RE1=', 'UCS-MRX32G1RE1', 'UCS-MRX16G1RE3=', 'UCS-MR128G4RE3', 'UCS-MRX32G1RE3=', 'UCS-MRX64G2RE1', 'UCS-MR256G8RE1=', 'UCS-MRX16G1RE3', 'UCS-MRX48G1RF3']","['UCS-SD960GK1XEV-D=', 'UCS-SD76TBKNK9-D', 'UCS-SD38T6I1XEV-D=', 'UCS-SD38T6S1XEV-D=', 'UCS-SD16TK3X-EP-D', 'UCS-SD19TKA1XEV-D', 'UCS-SD64TS3XEP-D=', 'UCS-SD76TS1X-EV-D', 'UCS-SD38TEM2NK9-D=', 'UCS-SD76TM1X-EV-D', 'UCS-SD480GBM3XEPD', 'UCS-SD38TBKANK9-D', 'UCS-SD960GBKNK9-D', 'UCS-SD240GM1XEV-D', 'UCS-SD960GBM1XEVD', 'UCS-SD960GM2NK9-D=', 'UCS-SD76TEM2NK9-D=', 'UCS-SDB7T6SA1VD=', 'UCS-SD38TEM2NK9-D', 'UCS-SD19TBM3XEP-D=', 'UCS-SD32TKA3XEP-D=', 'UCS-SD19T63X-EP-D', 'UCS-SD960G63XEP-D', 'UCS-SD19T6S1XEV-D=', 'UCS-SD960GBM1XEVD=', 'UCS-SD16TK3X-EP-D=', 'UCS-SD800GBKNK9-D=', 'UCS-SD38T63X-EP-D', 'UCS-SD32TKA3XEP-D', 'UCS-SD76TBKANK9-D=', 'UCS-SD76TS1X-EV-D=', 'UCS-SD16TBKNK9-D=', 'UCS-SD16TBM1XEV-D=', 'UCS-SD38TBKNK9-D=', 'UCS-SD19TEM2NK9-D=', 'UCS-SD16TM1X-EV-D', 'UCS-SD16TKA3XEP-D=', 'UCS-SD38TBM1XEV-D', 'UCS-SD38TBM1XEV-D=', 'UCS-SD38TBKANK9-D=', 'UCS-SD480GBM1XEVD', 'UCS-SD960GBM3XEPD=', 'UCS-SD38TKA1XEV-D=', 'UCS-SD15TK1X-EV-D=', 'UCS-SD960GM2NK9-D', 'UCS-SD480GBM3XEPD=', 'UCS-SD960GBKNK9-D=', 'UCS-SD76TBM1XEV-D', 'UCS-SDB7T6SA1VD', 'UCS-SD960GBM3XEPD', 'UCS-SD38TBKNK9-D', 'UCS-SD76TBM1XEV-D=', 'UCS-SD16TBKANK9-D', 'UCS-SD64TS3XEP-D', 'UCS-SDB3T8SA1VD', 'UCS-SD38T6I1XEV-D', 'UCS-SDB960SA1VD=', 'UCS-SD480G63XEP-D', 'UCS-SD19TK1X-EV-D', 'UCS-SD32TK3X-EP-D=', 'UCS-SD76TK1X-EV-D=', 'UCS-SD19TBM3XEP-D', 'UCS-SD76TEM2NK9-D', 'UCS-SD76T6S1XEV-D=', 'UCS-SD16TBM1XEV-D', 'UCS-SD38TKA1XEV-D', 'UCS-SD76T6S1XEV-D', 'UCS-SDB1T9SA1VD=', 'UCS-SD800GBKNK9-D', 'UCS-SD15TKA1XEV-D=', 'UCS-SD15TKA1XEV-D', 'UCS-SD19TK1X-EV-D=', 'UCS-SD32TK3X-EP-D', 'UCS-SD240GBM1XEVD', 'UCS-SD76TKA1XEV-D=', 'UCS-SD76TBKNK9-D=', 'UCS-SD19T63X-EP-D=', 'UCS-SD38TM1X-EV-D', 'UCS-SDB960SA1VD', 'UCS-SD16TBKNK9-D', 'UCS-SD38TK1X-EV-D', 'UCS-SD19TBM1XEV-D=', 'UCS-SDB3T8SA1VD=', 'UCS-SD480G63XEP-D=', 'UCS-SD16TKA3XEP-D', 'UCS-SD480GM1XEV-D', 'UCS-SD960G63XEP-D=', 'UCS-SD800GK3XEP-D=', 'UCS-SD960GK1XEV-D', 'UCS-SD38TK1X-EV-D=', 'UCS-SD240GBM1XEVD=', 'UCS-SD38T6S1XEV-D', 'UCS-SD19T6S1XEV-D', 'UCS-SD76TBKANK9-D', 'UCS-SD38T63X-EP-D=', 'UCS-SDB1T9SA1VD', 'UCS-SD19TBM1XEV-D', 'UCS-SD15TK1X-EV-D', 'UCS-SD800GK3XEP-D', 'UCS-SD76TK1X-EV-D', 'UCS-SD76TKA1XEV-D', 'UCS-SD19TKA1XEV-D=', 'UCS-SD19TEM2NK9-D', 'UCS-SD16TBKANK9-D=', 'UCS-SD480GBM1XEVD=']","['UCS-HD18TB10KJ4-D', 'UCS-HD300G10KJ4-D', 'UCS-HD12TB10KJ4-D=', 'UCS-HD24TB10KJ4-D=', 'UCS-HD24TB10KJ4-D', 'UCS-HD600G10KJ4-D=', 'UCS-HD12TB10KJ4-D', 'UCS-HD600G10KJ4-D', 'UCS-HD18TB10KJ4-D=']",128GB,5600,4,4,DDR5,RDIMM,ECC,1.1V,STD,1,,,is_encoded,c240m7-sff-specsheet.pdf,https://www.cisco.com/c/dam/en/us/products/collateral/servers-unified-computing/ucs-c-series-rack-servers/c240m7-sff-specsheet.pdf,https://www.cisco.com/c/dam/en/us/products/collateral/servers-unified-computing/ucs-c-series-rack-servers/c240m7-sff-specsheet.pdf,,,128D5ER44560011S1,4Rx4,"('1Rx4', '1Rx8', '2Rx4', '4Rx4', '8Rx4')",,,,UCS-MR128G4RE3=
Cisco,UCS-MR128G4RE1,Cisco UCS C240 M7 SFF Rack Server,Cisco,UCS,C240 M7 SFF,UCS-MR128G4RE1 128GB DDR5-4800 RDIMM 4Rx4 (16Gb),['32'],['8TB'],,,,,memory,"['8450H', '5418Y', '5515', '6530=', '6418H', '8468=', '6544Y', '6448Y', '6538N', '8462Y', '4510T=', '8468H', '6414U', '6542Y', '8460H=', '8568Y', '5411N=', '8490H=', '6430', '4410Y=', '4509Y', '8461V=', '8470N=', '6454S', '6526Y', '6426Y=', '3408U', '8461V', '5412U=', '6530', '6444Y=', '6542Y=', '8468V', '6416H', '8450H=', '8592', '8468', '3508U=', '6416H=', '6421N=', '6438Y', '6438N', '4510=', '8480', '6434=', '6438M', '8571N=', '8468V=', '5520', '6448Y=', '6418H=', '6538N=', '6434H', '8454H=', '6444Y', '6414U=', '6434', '8562Y', '8558U', '5416S', '3408U=', '8571N', '4410T=', '6438N=', '6548Y', '8470N', '6548N=', '6544Y=', '8471N=', '8470=', '6538Y', '5418N', '6428N', '8580', '8558', '8468H=', '4410Y', '8444H', '6554S=', '5420', '5512U', '45102', '4516Y', '4509Y=', '6454S=', '8558U=', '5411N', '6534', '8471N', '8558P', '6448H', '6428N=', '8470', '6534=', '4416', '8570', '8444H=', '6438M=', '8460Y', '8581V', '8592V', '5418Y=', '8460H', '4514Y', '6548N', '5415', '8490H', '8452Y', '8458P=', '6448H=', '6526Y=', '4410T', '6421N', '8581V=', '8458P', '8452Y=', '4514Y=', '6554S', '6426Y', '3508U', '6442Y', '5418N=', '5412U', '8454H', '6434H=', '5416S=', '6442Y=', '6430=', '4510T', '5512U=']","['UCS-MR128G4RE3=', 'UCS-MRX96G2RF3', 'UCS-MR128G4RE1', 'UCS-MR256G8RE31,4', 'UCS-MRX64G2RE3=', 'UCS-MRX32G1RE1=', 'UCS-MRX16G1RE1', 'UCS-MR256G8RE3=', 'UCS-MRX96G2RF3=', 'UCS-MRX48G1RF34', 'UCS-MRX64G2RE3', 'UCS-MR128G4RE1=', 'UCS-MRX32G1RE3', 'UCS-MR256G8RE11,2', 'UCS-MRX16G1RE1=', 'UCS-MRX64G2RE1=', 'UCS-MRX32G1RE1', 'UCS-MRX16G1RE3=', 'UCS-MR128G4RE3', 'UCS-MRX32G1RE3=', 'UCS-MRX64G2RE1', 'UCS-MR256G8RE1=', 'UCS-MRX16G1RE3', 'UCS-MRX48G1RF3']","['UCS-SD960GK1XEV-D=', 'UCS-SD76TBKNK9-D', 'UCS-SD38T6I1XEV-D=', 'UCS-SD38T6S1XEV-D=', 'UCS-SD16TK3X-EP-D', 'UCS-SD19TKA1XEV-D', 'UCS-SD64TS3XEP-D=', 'UCS-SD76TS1X-EV-D', 'UCS-SD38TEM2NK9-D=', 'UCS-SD76TM1X-EV-D', 'UCS-SD480GBM3XEPD', 'UCS-SD38TBKANK9-D', 'UCS-SD960GBKNK9-D', 'UCS-SD240GM1XEV-D', 'UCS-SD960GBM1XEVD', 'UCS-SD960GM2NK9-D=', 'UCS-SD76TEM2NK9-D=', 'UCS-SDB7T6SA1VD=', 'UCS-SD38TEM2NK9-D', 'UCS-SD19TBM3XEP-D=', 'UCS-SD32TKA3XEP-D=', 'UCS-SD19T63X-EP-D', 'UCS-SD960G63XEP-D', 'UCS-SD19T6S1XEV-D=', 'UCS-SD960GBM1XEVD=', 'UCS-SD16TK3X-EP-D=', 'UCS-SD800GBKNK9-D=', 'UCS-SD38T63X-EP-D', 'UCS-SD32TKA3XEP-D', 'UCS-SD76TBKANK9-D=', 'UCS-SD76TS1X-EV-D=', 'UCS-SD16TBKNK9-D=', 'UCS-SD16TBM1XEV-D=', 'UCS-SD38TBKNK9-D=', 'UCS-SD19TEM2NK9-D=', 'UCS-SD16TM1X-EV-D', 'UCS-SD16TKA3XEP-D=', 'UCS-SD38TBM1XEV-D', 'UCS-SD38TBM1XEV-D=', 'UCS-SD38TBKANK9-D=', 'UCS-SD480GBM1XEVD', 'UCS-SD960GBM3XEPD=', 'UCS-SD38TKA1XEV-D=', 'UCS-SD15TK1X-EV-D=', 'UCS-SD960GM2NK9-D', 'UCS-SD480GBM3XEPD=', 'UCS-SD960GBKNK9-D=', 'UCS-SD76TBM1XEV-D', 'UCS-SDB7T6SA1VD', 'UCS-SD960GBM3XEPD', 'UCS-SD38TBKNK9-D', 'UCS-SD76TBM1XEV-D=', 'UCS-SD16TBKANK9-D', 'UCS-SD64TS3XEP-D', 'UCS-SDB3T8SA1VD', 'UCS-SD38T6I1XEV-D', 'UCS-SDB960SA1VD=', 'UCS-SD480G63XEP-D', 'UCS-SD19TK1X-EV-D', 'UCS-SD32TK3X-EP-D=', 'UCS-SD76TK1X-EV-D=', 'UCS-SD19TBM3XEP-D', 'UCS-SD76TEM2NK9-D', 'UCS-SD76T6S1XEV-D=', 'UCS-SD16TBM1XEV-D', 'UCS-SD38TKA1XEV-D', 'UCS-SD76T6S1XEV-D', 'UCS-SDB1T9SA1VD=', 'UCS-SD800GBKNK9-D', 'UCS-SD15TKA1XEV-D=', 'UCS-SD15TKA1XEV-D', 'UCS-SD19TK1X-EV-D=', 'UCS-SD32TK3X-EP-D', 'UCS-SD240GBM1XEVD', 'UCS-SD76TKA1XEV-D=', 'UCS-SD76TBKNK9-D=', 'UCS-SD19T63X-EP-D=', 'UCS-SD38TM1X-EV-D', 'UCS-SDB960SA1VD', 'UCS-SD16TBKNK9-D', 'UCS-SD38TK1X-EV-D', 'UCS-SD19TBM1XEV-D=', 'UCS-SDB3T8SA1VD=', 'UCS-SD480G63XEP-D=', 'UCS-SD16TKA3XEP-D', 'UCS-SD480GM1XEV-D', 'UCS-SD960G63XEP-D=', 'UCS-SD800GK3XEP-D=', 'UCS-SD960GK1XEV-D', 'UCS-SD38TK1X-EV-D=', 'UCS-SD240GBM1XEVD=', 'UCS-SD38T6S1XEV-D', 'UCS-SD19T6S1XEV-D', 'UCS-SD76TBKANK9-D', 'UCS-SD38T63X-EP-D=', 'UCS-SDB1T9SA1VD', 'UCS-SD19TBM1XEV-D', 'UCS-SD15TK1X-EV-D', 'UCS-SD800GK3XEP-D', 'UCS-SD76TK1X-EV-D', 'UCS-SD76TKA1XEV-D', 'UCS-SD19TKA1XEV-D=', 'UCS-SD19TEM2NK9-D', 'UCS-SD16TBKANK9-D=', 'UCS-SD480GBM1XEVD=']","['UCS-HD18TB10KJ4-D', 'UCS-HD300G10KJ4-D', 'UCS-HD12TB10KJ4-D=', 'UCS-HD24TB10KJ4-D=', 'UCS-HD24TB10KJ4-D', 'UCS-HD600G10KJ4-D=', 'UCS-HD12TB10KJ4-D', 'UCS-HD600G10KJ4-D', 'UCS-HD18TB10KJ4-D=']",128GB,4800,4,4,DDR5,RDIMM,ECC,1.1V,STD,1,,,is_encoded,c240m7-sff-specsheet.pdf,https://www.cisco.com/c/dam/en/us/products/collateral/servers-unified-computing/ucs-c-series-rack-servers/c240m7-sff-specsheet.pdf,https://www.cisco.com/c/dam/en/us/products/collateral/servers-unified-computing/ucs-c-series-rack-servers/c240m7-sff-specsheet.pdf,,,128D5ER44480011S1,4Rx4,"('1Rx4', '1Rx8', '2Rx4', '4Rx4', '8Rx4')",,,,UCS-MR128G4RE1=
Cisco,UCS-MR256G8RE3,Cisco UCS C240 M7 SFF Rack Server,Cisco,UCS,C240 M7 SFF,"UCS-MR256G8RE31,4 256GB DDR5-5600 RDIMM 8Rx4 (16Gb)",['32'],['8TB'],,,,,memory,"['8450H', '5418Y', '5515', '6530=', '6418H', '8468=', '6544Y', '6448Y', '6538N', '8462Y', '4510T=', '8468H', '6414U', '6542Y', '8460H=', '8568Y', '5411N=', '8490H=', '6430', '4410Y=', '4509Y', '8461V=', '8470N=', '6454S', '6526Y', '6426Y=', '3408U', '8461V', '5412U=', '6530', '6444Y=', '6542Y=', '8468V', '6416H', '8450H=', '8592', '8468', '3508U=', '6416H=', '6421N=', '6438Y', '6438N', '4510=', '8480', '6434=', '6438M', '8571N=', '8468V=', '5520', '6448Y=', '6418H=', '6538N=', '6434H', '8454H=', '6444Y', '6414U=', '6434', '8562Y', '8558U', '5416S', '3408U=', '8571N', '4410T=', '6438N=', '6548Y', '8470N', '6548N=', '6544Y=', '8471N=', '8470=', '6538Y', '5418N', '6428N', '8580', '8558', '8468H=', '4410Y', '8444H', '6554S=', '5420', '5512U', '45102', '4516Y', '4509Y=', '6454S=', '8558U=', '5411N', '6534', '8471N', '8558P', '6448H', '6428N=', '8470', '6534=', '4416', '8570', '8444H=', '6438M=', '8460Y', '8581V', '8592V', '5418Y=', '8460H', '4514Y', '6548N', '5415', '8490H', '8452Y', '8458P=', '6448H=', '6526Y=', '4410T', '6421N', '8581V=', '8458P', '8452Y=', '4514Y=', '6554S', '6426Y', '3508U', '6442Y', '5418N=', '5412U', '8454H', '6434H=', '5416S=', '6442Y=', '6430=', '4510T', '5512U=']","['UCS-MR128G4RE3=', 'UCS-MRX96G2RF3', 'UCS-MR128G4RE1', 'UCS-MR256G8RE31,4', 'UCS-MRX64G2RE3=', 'UCS-MRX32G1RE1=', 'UCS-MRX16G1RE1', 'UCS-MR256G8RE3=', 'UCS-MRX96G2RF3=', 'UCS-MRX48G1RF34', 'UCS-MRX64G2RE3', 'UCS-MR128G4RE1=', 'UCS-MRX32G1RE3', 'UCS-MR256G8RE11,2', 'UCS-MRX16G1RE1=', 'UCS-MRX64G2RE1=', 'UCS-MRX32G1RE1', 'UCS-MRX16G1RE3=', 'UCS-MR128G4RE3', 'UCS-MRX32G1RE3=', 'UCS-MRX64G2RE1', 'UCS-MR256G8RE1=', 'UCS-MRX16G1RE3', 'UCS-MRX48G1RF3']","['UCS-SD960GK1XEV-D=', 'UCS-SD76TBKNK9-D', 'UCS-SD38T6I1XEV-D=', 'UCS-SD38T6S1XEV-D=', 'UCS-SD16TK3X-EP-D', 'UCS-SD19TKA1XEV-D', 'UCS-SD64TS3XEP-D=', 'UCS-SD76TS1X-EV-D', 'UCS-SD38TEM2NK9-D=', 'UCS-SD76TM1X-EV-D', 'UCS-SD480GBM3XEPD', 'UCS-SD38TBKANK9-D', 'UCS-SD960GBKNK9-D', 'UCS-SD240GM1XEV-D', 'UCS-SD960GBM1XEVD', 'UCS-SD960GM2NK9-D=', 'UCS-SD76TEM2NK9-D=', 'UCS-SDB7T6SA1VD=', 'UCS-SD38TEM2NK9-D', 'UCS-SD19TBM3XEP-D=', 'UCS-SD32TKA3XEP-D=', 'UCS-SD19T63X-EP-D', 'UCS-SD960G63XEP-D', 'UCS-SD19T6S1XEV-D=', 'UCS-SD960GBM1XEVD=', 'UCS-SD16TK3X-EP-D=', 'UCS-SD800GBKNK9-D=', 'UCS-SD38T63X-EP-D', 'UCS-SD32TKA3XEP-D', 'UCS-SD76TBKANK9-D=', 'UCS-SD76TS1X-EV-D=', 'UCS-SD16TBKNK9-D=', 'UCS-SD16TBM1XEV-D=', 'UCS-SD38TBKNK9-D=', 'UCS-SD19TEM2NK9-D=', 'UCS-SD16TM1X-EV-D', 'UCS-SD16TKA3XEP-D=', 'UCS-SD38TBM1XEV-D', 'UCS-SD38TBM1XEV-D=', 'UCS-SD38TBKANK9-D=', 'UCS-SD480GBM1XEVD', 'UCS-SD960GBM3XEPD=', 'UCS-SD38TKA1XEV-D=', 'UCS-SD15TK1X-EV-D=', 'UCS-SD960GM2NK9-D', 'UCS-SD480GBM3XEPD=', 'UCS-SD960GBKNK9-D=', 'UCS-SD76TBM1XEV-D', 'UCS-SDB7T6SA1VD', 'UCS-SD960GBM3XEPD', 'UCS-SD38TBKNK9-D', 'UCS-SD76TBM1XEV-D=', 'UCS-SD16TBKANK9-D', 'UCS-SD64TS3XEP-D', 'UCS-SDB3T8SA1VD', 'UCS-SD38T6I1XEV-D', 'UCS-SDB960SA1VD=', 'UCS-SD480G63XEP-D', 'UCS-SD19TK1X-EV-D', 'UCS-SD32TK3X-EP-D=', 'UCS-SD76TK1X-EV-D=', 'UCS-SD19TBM3XEP-D', 'UCS-SD76TEM2NK9-D', 'UCS-SD76T6S1XEV-D=', 'UCS-SD16TBM1XEV-D', 'UCS-SD38TKA1XEV-D', 'UCS-SD76T6S1XEV-D', 'UCS-SDB1T9SA1VD=', 'UCS-SD800GBKNK9-D', 'UCS-SD15TKA1XEV-D=', 'UCS-SD15TKA1XEV-D', 'UCS-SD19TK1X-EV-D=', 'UCS-SD32TK3X-EP-D', 'UCS-SD240GBM1XEVD', 'UCS-SD76TKA1XEV-D=', 'UCS-SD76TBKNK9-D=', 'UCS-SD19T63X-EP-D=', 'UCS-SD38TM1X-EV-D', 'UCS-SDB960SA1VD', 'UCS-SD16TBKNK9-D', 'UCS-SD38TK1X-EV-D', 'UCS-SD19TBM1XEV-D=', 'UCS-SDB3T8SA1VD=', 'UCS-SD480G63XEP-D=', 'UCS-SD16TKA3XEP-D', 'UCS-SD480GM1XEV-D', 'UCS-SD960G63XEP-D=', 'UCS-SD800GK3XEP-D=', 'UCS-SD960GK1XEV-D', 'UCS-SD38TK1X-EV-D=', 'UCS-SD240GBM1XEVD=', 'UCS-SD38T6S1XEV-D', 'UCS-SD19T6S1XEV-D', 'UCS-SD76TBKANK9-D', 'UCS-SD38T63X-EP-D=', 'UCS-SDB1T9SA1VD', 'UCS-SD19TBM1XEV-D', 'UCS-SD15TK1X-EV-D', 'UCS-SD800GK3XEP-D', 'UCS-SD76TK1X-EV-D', 'UCS-SD76TKA1XEV-D', 'UCS-SD19TKA1XEV-D=', 'UCS-SD19TEM2NK9-D', 'UCS-SD16TBKANK9-D=', 'UCS-SD480GBM1XEVD=']","['UCS-HD18TB10KJ4-D', 'UCS-HD300G10KJ4-D', 'UCS-HD12TB10KJ4-D=', 'UCS-HD24TB10KJ4-D=', 'UCS-HD24TB10KJ4-D', 'UCS-HD600G10KJ4-D=', 'UCS-HD12TB10KJ4-D', 'UCS-HD600G10KJ4-D', 'UCS-HD18TB10KJ4-D=']",256GB,5600,8,4,DDR5,RDIMM,ECC,1.1V,STD,1,,,is_encoded,c240m7-sff-specsheet.pdf,https://www.cisco.com/c/dam/en/us/products/collateral/servers-unified-computing/ucs-c-series-rack-servers/c240m7-sff-specsheet.pdf,https://www.cisco.com/c/dam/en/us/products/collateral/servers-unified-computing/ucs-c-series-rack-servers/c240m7-sff-specsheet.pdf,,,256D5ER84560011S1,8Rx4,"('1Rx4', '1Rx8', '2Rx4', '4Rx4', '8Rx4')",,,,
Cisco,UCS-MR256G8RE1,Cisco UCS C240 M7 SFF Rack Server,Cisco,UCS,C240 M7 SFF,"UCS-MR256G8RE11,2 256GB DDR5-4800 RDIMM 8Rx4 (16Gb) DDR5-5600MT/s PID list3",['32'],['8TB'],,,,,memory,"['8450H', '5418Y', '5515', '6530=', '6418H', '8468=', '6544Y', '6448Y', '6538N', '8462Y', '4510T=', '8468H', '6414U', '6542Y', '8460H=', '8568Y', '5411N=', '8490H=', '6430', '4410Y=', '4509Y', '8461V=', '8470N=', '6454S', '6526Y', '6426Y=', '3408U', '8461V', '5412U=', '6530', '6444Y=', '6542Y=', '8468V', '6416H', '8450H=', '8592', '8468', '3508U=', '6416H=', '6421N=', '6438Y', '6438N', '4510=', '8480', '6434=', '6438M', '8571N=', '8468V=', '5520', '6448Y=', '6418H=', '6538N=', '6434H', '8454H=', '6444Y', '6414U=', '6434', '8562Y', '8558U', '5416S', '3408U=', '8571N', '4410T=', '6438N=', '6548Y', '8470N', '6548N=', '6544Y=', '8471N=', '8470=', '6538Y', '5418N', '6428N', '8580', '8558', '8468H=', '4410Y', '8444H', '6554S=', '5420', '5512U', '45102', '4516Y', '4509Y=', '6454S=', '8558U=', '5411N', '6534', '8471N', '8558P', '6448H', '6428N=', '8470', '6534=', '4416', '8570', '8444H=', '6438M=', '8460Y', '8581V', '8592V', '5418Y=', '8460H', '4514Y', '6548N', '5415', '8490H', '8452Y', '8458P=', '6448H=', '6526Y=', '4410T', '6421N', '8581V=', '8458P', '8452Y=', '4514Y=', '6554S', '6426Y', '3508U', '6442Y', '5418N=', '5412U', '8454H', '6434H=', '5416S=', '6442Y=', '6430=', '4510T', '5512U=']","['UCS-MR128G4RE3=', 'UCS-MRX96G2RF3', 'UCS-MR128G4RE1', 'UCS-MR256G8RE31,4', 'UCS-MRX64G2RE3=', 'UCS-MRX32G1RE1=', 'UCS-MRX16G1RE1', 'UCS-MR256G8RE3=', 'UCS-MRX96G2RF3=', 'UCS-MRX48G1RF34', 'UCS-MRX64G2RE3', 'UCS-MR128G4RE1=', 'UCS-MRX32G1RE3', 'UCS-MR256G8RE11,2', 'UCS-MRX16G1RE1=', 'UCS-MRX64G2RE1=', 'UCS-MRX32G1RE1', 'UCS-MRX16G1RE3=', 'UCS-MR128G4RE3', 'UCS-MRX32G1RE3=', 'UCS-MRX64G2RE1', 'UCS-MR256G8RE1=', 'UCS-MRX16G1RE3', 'UCS-MRX48G1RF3']","['UCS-SD960GK1XEV-D=', 'UCS-SD76TBKNK9-D', 'UCS-SD38T6I1XEV-D=', 'UCS-SD38T6S1XEV-D=', 'UCS-SD16TK3X-EP-D', 'UCS-SD19TKA1XEV-D', 'UCS-SD64TS3XEP-D=', 'UCS-SD76TS1X-EV-D', 'UCS-SD38TEM2NK9-D=', 'UCS-SD76TM1X-EV-D', 'UCS-SD480GBM3XEPD', 'UCS-SD38TBKANK9-D', 'UCS-SD960GBKNK9-D', 'UCS-SD240GM1XEV-D', 'UCS-SD960GBM1XEVD', 'UCS-SD960GM2NK9-D=', 'UCS-SD76TEM2NK9-D=', 'UCS-SDB7T6SA1VD=', 'UCS-SD38TEM2NK9-D', 'UCS-SD19TBM3XEP-D=', 'UCS-SD32TKA3XEP-D=', 'UCS-SD19T63X-EP-D', 'UCS-SD960G63XEP-D', 'UCS-SD19T6S1XEV-D=', 'UCS-SD960GBM1XEVD=', 'UCS-SD16TK3X-EP-D=', 'UCS-SD800GBKNK9-D=', 'UCS-SD38T63X-EP-D', 'UCS-SD32TKA3XEP-D', 'UCS-SD76TBKANK9-D=', 'UCS-SD76TS1X-EV-D=', 'UCS-SD16TBKNK9-D=', 'UCS-SD16TBM1XEV-D=', 'UCS-SD38TBKNK9-D=', 'UCS-SD19TEM2NK9-D=', 'UCS-SD16TM1X-EV-D', 'UCS-SD16TKA3XEP-D=', 'UCS-SD38TBM1XEV-D', 'UCS-SD38TBM1XEV-D=', 'UCS-SD38TBKANK9-D=', 'UCS-SD480GBM1XEVD', 'UCS-SD960GBM3XEPD=', 'UCS-SD38TKA1XEV-D=', 'UCS-SD15TK1X-EV-D=', 'UCS-SD960GM2NK9-D', 'UCS-SD480GBM3XEPD=', 'UCS-SD960GBKNK9-D=', 'UCS-SD76TBM1XEV-D', 'UCS-SDB7T6SA1VD', 'UCS-SD960GBM3XEPD', 'UCS-SD38TBKNK9-D', 'UCS-SD76TBM1XEV-D=', 'UCS-SD16TBKANK9-D', 'UCS-SD64TS3XEP-D', 'UCS-SDB3T8SA1VD', 'UCS-SD38T6I1XEV-D', 'UCS-SDB960SA1VD=', 'UCS-SD480G63XEP-D', 'UCS-SD19TK1X-EV-D', 'UCS-SD32TK3X-EP-D=', 'UCS-SD76TK1X-EV-D=', 'UCS-SD19TBM3XEP-D', 'UCS-SD76TEM2NK9-D', 'UCS-SD76T6S1XEV-D=', 'UCS-SD16TBM1XEV-D', 'UCS-SD38TKA1XEV-D', 'UCS-SD76T6S1XEV-D', 'UCS-SDB1T9SA1VD=', 'UCS-SD800GBKNK9-D', 'UCS-SD15TKA1XEV-D=', 'UCS-SD15TKA1XEV-D', 'UCS-SD19TK1X-EV-D=', 'UCS-SD32TK3X-EP-D', 'UCS-SD240GBM1XEVD', 'UCS-SD76TKA1XEV-D=', 'UCS-SD76TBKNK9-D=', 'UCS-SD19T63X-EP-D=', 'UCS-SD38TM1X-EV-D', 'UCS-SDB960SA1VD', 'UCS-SD16TBKNK9-D', 'UCS-SD38TK1X-EV-D', 'UCS-SD19TBM1XEV-D=', 'UCS-SDB3T8SA1VD=', 'UCS-SD480G63XEP-D=', 'UCS-SD16TKA3XEP-D', 'UCS-SD480GM1XEV-D', 'UCS-SD960G63XEP-D=', 'UCS-SD800GK3XEP-D=', 'UCS-SD960GK1XEV-D', 'UCS-SD38TK1X-EV-D=', 'UCS-SD240GBM1XEVD=', 'UCS-SD38T6S1XEV-D', 'UCS-SD19T6S1XEV-D', 'UCS-SD76TBKANK9-D', 'UCS-SD38T63X-EP-D=', 'UCS-SDB1T9SA1VD', 'UCS-SD19TBM1XEV-D', 'UCS-SD15TK1X-EV-D', 'UCS-SD800GK3XEP-D', 'UCS-SD76TK1X-EV-D', 'UCS-SD76TKA1XEV-D', 'UCS-SD19TKA1XEV-D=', 'UCS-SD19TEM2NK9-D', 'UCS-SD16TBKANK9-D=', 'UCS-SD480GBM1XEVD=']","['UCS-HD18TB10KJ4-D', 'UCS-HD300G10KJ4-D', 'UCS-HD12TB10KJ4-D=', 'UCS-HD24TB10KJ4-D=', 'UCS-HD24TB10KJ4-D', 'UCS-HD600G10KJ4-D=', 'UCS-HD12TB10KJ4-D', 'UCS-HD600G10KJ4-D', 'UCS-HD18TB10KJ4-D=']",256GB,4800,8,4,DDR5,RDIMM,ECC,1.1V,STD,1,,,is_encoded,c240m7-sff-specsheet.pdf,https://www.cisco.com/c/dam/en/us/products/collateral/servers-unified-computing/ucs-c-series-rack-servers/c240m7-sff-specsheet.pdf,https://www.cisco.com/c/dam/en/us/products/collateral/servers-unified-computing/ucs-c-series-rack-servers/c240m7-sff-specsheet.pdf,,,256D5ER84480011S1,8Rx4,"('1Rx4', '1Rx8', '2Rx4', '4Rx4', '8Rx4')",,,,
Cisco,UCS-MR-X16G1RW,Cisco UCS C240 SD M5 Rack Server,Cisco,UCS,C240 SD M5,UCS-MR-X16G1RW1 16 GB DDR4-3200MHz RDIMM 1Rx4 (8Gb) 1.2 V 1 Intel® Optane™ Persistent,['24'],['7.6TB'],,,,,memory,"['6226', '6238', '4215', '8276L', '6240R', '5222', '6226R', '6230R', '4215R', '8260M', '8276', '5218B', '6262V', '8260L', '8260', '6240Y', '6240M', '5218R', '4216', '6246', '4214R', '6244', '6240', '5215M', '4214', '5217', '5220R', '5218', '5220', '8276M', '6238M', '6240L', '4214Y', '6252', '6242', '5220S', '4210', '6248', '6230', '6238R', '5215', '8260Y', '6222V', '4210R', '3206R', '3204', '6234', '6238L', '4208', '5215L']","['UCS-MR-128G8RS-H', 'UCS-MR-X32G2RT-H', 'UCS-MR-X16G1RS-H', 'UCS-MR-X16G1RW1', 'UCS-MR-X64G2RT-H', 'UCS-MR-X32G2RS-H', 'UCS-MR-X32G2RW1', 'UCS-MR-X32G2RSHM', 'UCS-MR-X64G4RS-H', 'UCS-MR-X16G1RSHM', 'UCS-MR-X16G1RT-H', 'UCS-MR-X64G2RW1', 'UCS-MR-X32G2RSHS']","['UCS-SD960G2HTNK9', 'UCS-SD960GBM2NK9', 'UCS-SD16TBKNK9', 'UCS-SD38TH61X-EV', 'UCS-SD38TM1X-EV', 'UCS-SD19T63X-EP', 'UCS-SD76TBEM2NK9', 'UCS-SD38TK1X-EV', 'UCS-SD38T6I1X-EV', 'UCS-SD16H123X-EP', 'UCS-SD800GBKNK9', 'UCS-SD960GK1X-EV', 'UCS-SD76TK1X-EV', 'UCS-SD16T123X-EP', 'UCS-SD480G6I1X-EV', 'UCS-SD960GH61X-EV', 'UCS-SD76T6S1X-EV', 'UCS-SD32T123X-EP', 'UCS-SD480GH61X-EV', 'UCS-SD16TM1X-EV', 'UCS-SD480G63X-EP', 'UCS-SD19TM1X-EV', 'UCS-SD960G121X-EV', 'UCS-SD800G123X-EP', 'UCS-SD960G6I1X-EV', 'UCS-SD800H123X-EP', 'UCS-SD38TB121X-EV', 'UCS-SD76TM1X-EV', 'UCS-SD19TK1X-EV', 'UCS-SD960GBKNK9', 'UCS-SD19T61X-EV', 'UCS-SD480G121X-EV', 'UCS-SD19TM3X-EP', 'UCS-SD960G63X-EP', 'UCS-SD19T6S1X-EV', 'UCS-SD19TB121X-EV', 'UCS-SD400H123X-EP', 'UCS-SD32H123X-EP', 'UCS-SD800GBHNK9', 'UCS-SD15TK1X-EV', 'UCS-SD960GM1X-EV', 'UCS-SD960G6S1X-EV', 'UCS-SD120GM1X-EV', 'UCS-SD76T61X-EV', 'UCS-SD38T6S1X-EV', 'UCS-SD38TBKNK9', 'UCS-SD400G123X-EP', 'UCS-SD960GM3X-EP', 'UCS-SD240GM1X-EV', 'UCS-SD38T61X-EV', 'UCS-SD480GM1X-EV', 'UCS-SD480GM3X-EP', 'UCS-SD960G61X-EV', 'UCS-SD19TH61X-EV']","['UCS-HD18TB10K4KN11.8', 'UCS-HD600G10K12N', 'UCS-HD600G15NK9', 'UCS-HD1T7K6GAN', 'UCS-HD900G15K12N', 'UCS-HD600G15K12N', 'UCS-HD12T10NK9', 'UCS-HD300G15K12N', 'UCS-HD12TB10K12N', 'UCS-HD24TB10K4KN', 'UCS-HD2T7K12N', 'UCS-HD24T10NK9', 'UCS-HD1T7K12N', 'UCS-HD300G10K12N']",16GB,3200,1,4,DDR4,RDIMM,ECC,1.2V,STD,1,,,is_encoded,c240-sd-m5-specsheet.pdf,https://www.cisco.com/c/dam/en/us/products/collateral/servers-unified-computing/ucs-c-series-rack-servers/c240-sd-m5-specsheet.pdf,https://www.cisco.com/c/dam/en/us/products/collateral/servers-unified-computing/ucs-c-series-rack-servers/c240-sd-m5-specsheet.pdf,,,16D4ER14320012S1,1Rx4,"('1Rx4', '2Rx4', '8Rx4')",,,,
Cisco,UCS-MR-X16G1RT-H,Cisco UCS C240 SD M5 Rack Server,Cisco,UCS,C240 SD M5,UCS-MR-X16G1RT-H 16GB DDR4-2933MHz RDIMM 1Rx4 (8Gb)/1.2v,['24'],['7.6TB'],,,,,memory,"['6226', '6238', '4215', '8276L', '6240R', '5222', '6226R', '6230R', '4215R', '8260M', '8276', '5218B', '6262V', '8260L', '8260', '6240Y', '6240M', '5218R', '4216', '6246', '4214R', '6244', '6240', '5215M', '4214', '5217', '5220R', '5218', '5220', '8276M', '6238M', '6240L', '4214Y', '6252', '6242', '5220S', '4210', '6248', '6230', '6238R', '5215', '8260Y', '6222V', '4210R', '3206R', '3204', '6234', '6238L', '4208', '5215L']","['UCS-MR-128G8RS-H', 'UCS-MR-X32G2RT-H', 'UCS-MR-X16G1RS-H', 'UCS-MR-X16G1RW1', 'UCS-MR-X64G2RT-H', 'UCS-MR-X32G2RS-H', 'UCS-MR-X32G2RW1', 'UCS-MR-X32G2RSHM', 'UCS-MR-X64G4RS-H', 'UCS-MR-X16G1RSHM', 'UCS-MR-X16G1RT-H', 'UCS-MR-X64G2RW1', 'UCS-MR-X32G2RSHS']","['UCS-SD960G2HTNK9', 'UCS-SD960GBM2NK9', 'UCS-SD16TBKNK9', 'UCS-SD38TH61X-EV', 'UCS-SD38TM1X-EV', 'UCS-SD19T63X-EP', 'UCS-SD76TBEM2NK9', 'UCS-SD38TK1X-EV', 'UCS-SD38T6I1X-EV', 'UCS-SD16H123X-EP', 'UCS-SD800GBKNK9', 'UCS-SD960GK1X-EV', 'UCS-SD76TK1X-EV', 'UCS-SD16T123X-EP', 'UCS-SD480G6I1X-EV', 'UCS-SD960GH61X-EV', 'UCS-SD76T6S1X-EV', 'UCS-SD32T123X-EP', 'UCS-SD480GH61X-EV', 'UCS-SD16TM1X-EV', 'UCS-SD480G63X-EP', 'UCS-SD19TM1X-EV', 'UCS-SD960G121X-EV', 'UCS-SD800G123X-EP', 'UCS-SD960G6I1X-EV', 'UCS-SD800H123X-EP', 'UCS-SD38TB121X-EV', 'UCS-SD76TM1X-EV', 'UCS-SD19TK1X-EV', 'UCS-SD960GBKNK9', 'UCS-SD19T61X-EV', 'UCS-SD480G121X-EV', 'UCS-SD19TM3X-EP', 'UCS-SD960G63X-EP', 'UCS-SD19T6S1X-EV', 'UCS-SD19TB121X-EV', 'UCS-SD400H123X-EP', 'UCS-SD32H123X-EP', 'UCS-SD800GBHNK9', 'UCS-SD15TK1X-EV', 'UCS-SD960GM1X-EV', 'UCS-SD960G6S1X-EV', 'UCS-SD120GM1X-EV', 'UCS-SD76T61X-EV', 'UCS-SD38T6S1X-EV', 'UCS-SD38TBKNK9', 'UCS-SD400G123X-EP', 'UCS-SD960GM3X-EP', 'UCS-SD240GM1X-EV', 'UCS-SD38T61X-EV', 'UCS-SD480GM1X-EV', 'UCS-SD480GM3X-EP', 'UCS-SD960G61X-EV', 'UCS-SD19TH61X-EV']","['UCS-HD18TB10K4KN11.8', 'UCS-HD600G10K12N', 'UCS-HD600G15NK9', 'UCS-HD1T7K6GAN', 'UCS-HD900G15K12N', 'UCS-HD600G15K12N', 'UCS-HD12T10NK9', 'UCS-HD300G15K12N', 'UCS-HD12TB10K12N', 'UCS-HD24TB10K4KN', 'UCS-HD2T7K12N', 'UCS-HD24T10NK9', 'UCS-HD1T7K12N', 'UCS-HD300G10K12N']",16GB,2933,1,4,DDR4,RDIMM,ECC,1.2V,STD,1,,,is_encoded,c240-sd-m5-specsheet.pdf,https://www.cisco.com/c/dam/en/us/products/collateral/servers-unified-computing/ucs-c-series-rack-servers/c240-sd-m5-specsheet.pdf,https://www.cisco.com/c/dam/en/us/products/collateral/servers-unified-computing/ucs-c-series-rack-servers/c240-sd-m5-specsheet.pdf,,,16D4ER14293312S1,1Rx4,"('1Rx4', '2Rx4', '8Rx4')",,,,
Cisco,UCS-MR-X16G1RSHM,Cisco UCS C240 SD M5 Rack Server,Cisco,UCS,C240 SD M5,UCS-MR-X16G1RSHM 16GB DDR4-2666-MHz RDIMM/single rank/x4/1.2v. Micron only,['24'],['7.6TB'],,,,,memory,"['6226', '6238', '4215', '8276L', '6240R', '5222', '6226R', '6230R', '4215R', '8260M', '8276', '5218B', '6262V', '8260L', '8260', '6240Y', '6240M', '5218R', '4216', '6246', '4214R', '6244', '6240', '5215M', '4214', '5217', '5220R', '5218', '5220', '8276M', '6238M', '6240L', '4214Y', '6252', '6242', '5220S', '4210', '6248', '6230', '6238R', '5215', '8260Y', '6222V', '4210R', '3206R', '3204', '6234', '6238L', '4208', '5215L']","['UCS-MR-128G8RS-H', 'UCS-MR-X32G2RT-H', 'UCS-MR-X16G1RS-H', 'UCS-MR-X16G1RW1', 'UCS-MR-X64G2RT-H', 'UCS-MR-X32G2RS-H', 'UCS-MR-X32G2RW1', 'UCS-MR-X32G2RSHM', 'UCS-MR-X64G4RS-H', 'UCS-MR-X16G1RSHM', 'UCS-MR-X16G1RT-H', 'UCS-MR-X64G2RW1', 'UCS-MR-X32G2RSHS']","['UCS-SD960G2HTNK9', 'UCS-SD960GBM2NK9', 'UCS-SD16TBKNK9', 'UCS-SD38TH61X-EV', 'UCS-SD38TM1X-EV', 'UCS-SD19T63X-EP', 'UCS-SD76TBEM2NK9', 'UCS-SD38TK1X-EV', 'UCS-SD38T6I1X-EV', 'UCS-SD16H123X-EP', 'UCS-SD800GBKNK9', 'UCS-SD960GK1X-EV', 'UCS-SD76TK1X-EV', 'UCS-SD16T123X-EP', 'UCS-SD480G6I1X-EV', 'UCS-SD960GH61X-EV', 'UCS-SD76T6S1X-EV', 'UCS-SD32T123X-EP', 'UCS-SD480GH61X-EV', 'UCS-SD16TM1X-EV', 'UCS-SD480G63X-EP', 'UCS-SD19TM1X-EV', 'UCS-SD960G121X-EV', 'UCS-SD800G123X-EP', 'UCS-SD960G6I1X-EV', 'UCS-SD800H123X-EP', 'UCS-SD38TB121X-EV', 'UCS-SD76TM1X-EV', 'UCS-SD19TK1X-EV', 'UCS-SD960GBKNK9', 'UCS-SD19T61X-EV', 'UCS-SD480G121X-EV', 'UCS-SD19TM3X-EP', 'UCS-SD960G63X-EP', 'UCS-SD19T6S1X-EV', 'UCS-SD19TB121X-EV', 'UCS-SD400H123X-EP', 'UCS-SD32H123X-EP', 'UCS-SD800GBHNK9', 'UCS-SD15TK1X-EV', 'UCS-SD960GM1X-EV', 'UCS-SD960G6S1X-EV', 'UCS-SD120GM1X-EV', 'UCS-SD76T61X-EV', 'UCS-SD38T6S1X-EV', 'UCS-SD38TBKNK9', 'UCS-SD400G123X-EP', 'UCS-SD960GM3X-EP', 'UCS-SD240GM1X-EV', 'UCS-SD38T61X-EV', 'UCS-SD480GM1X-EV', 'UCS-SD480GM3X-EP', 'UCS-SD960G61X-EV', 'UCS-SD19TH61X-EV']","['UCS-HD18TB10K4KN11.8', 'UCS-HD600G10K12N', 'UCS-HD600G15NK9', 'UCS-HD1T7K6GAN', 'UCS-HD900G15K12N', 'UCS-HD600G15K12N', 'UCS-HD12T10NK9', 'UCS-HD300G15K12N', 'UCS-HD12TB10K12N', 'UCS-HD24TB10K4KN', 'UCS-HD2T7K12N', 'UCS-HD24T10NK9', 'UCS-HD1T7K12N', 'UCS-HD300G10K12N']",16GB,2666,1,4,DDR4,RDIMM,ECC,1.2V,STD,1,,,is_encoded,c240-sd-m5-specsheet.pdf,https://www.cisco.com/c/dam/en/us/products/collateral/servers-unified-computing/ucs-c-series-rack-servers/c240-sd-m5-specsheet.pdf,https://www.cisco.com/c/dam/en/us/products/collateral/servers-unified-computing/ucs-c-series-rack-servers/c240-sd-m5-specsheet.pdf,,,16D4ER14266612S1,1Rx4,"('1Rx4', '2Rx4', '8Rx4')",,,,
Cisco,UCS-MR-X16G1RS-H,Cisco UCS C240 SD M5 Rack Server,Cisco,UCS,C240 SD M5,UCS-MR-X16G1RS-H 16GB DDR4-2666-MHz RDIMM/PC4-21300/single rank/x4/1.2v,['24'],['7.6TB'],,,,,memory,"['6226', '6238', '4215', '8276L', '6240R', '5222', '6226R', '6230R', '4215R', '8260M', '8276', '5218B', '6262V', '8260L', '8260', '6240Y', '6240M', '5218R', '4216', '6246', '4214R', '6244', '6240', '5215M', '4214', '5217', '5220R', '5218', '5220', '8276M', '6238M', '6240L', '4214Y', '6252', '6242', '5220S', '4210', '6248', '6230', '6238R', '5215', '8260Y', '6222V', '4210R', '3206R', '3204', '6234', '6238L', '4208', '5215L']","['UCS-MR-128G8RS-H', 'UCS-MR-X32G2RT-H', 'UCS-MR-X16G1RS-H', 'UCS-MR-X16G1RW1', 'UCS-MR-X64G2RT-H', 'UCS-MR-X32G2RS-H', 'UCS-MR-X32G2RW1', 'UCS-MR-X32G2RSHM', 'UCS-MR-X64G4RS-H', 'UCS-MR-X16G1RSHM', 'UCS-MR-X16G1RT-H', 'UCS-MR-X64G2RW1', 'UCS-MR-X32G2RSHS']","['UCS-SD960G2HTNK9', 'UCS-SD960GBM2NK9', 'UCS-SD16TBKNK9', 'UCS-SD38TH61X-EV', 'UCS-SD38TM1X-EV', 'UCS-SD19T63X-EP', 'UCS-SD76TBEM2NK9', 'UCS-SD38TK1X-EV', 'UCS-SD38T6I1X-EV', 'UCS-SD16H123X-EP', 'UCS-SD800GBKNK9', 'UCS-SD960GK1X-EV', 'UCS-SD76TK1X-EV', 'UCS-SD16T123X-EP', 'UCS-SD480G6I1X-EV', 'UCS-SD960GH61X-EV', 'UCS-SD76T6S1X-EV', 'UCS-SD32T123X-EP', 'UCS-SD480GH61X-EV', 'UCS-SD16TM1X-EV', 'UCS-SD480G63X-EP', 'UCS-SD19TM1X-EV', 'UCS-SD960G121X-EV', 'UCS-SD800G123X-EP', 'UCS-SD960G6I1X-EV', 'UCS-SD800H123X-EP', 'UCS-SD38TB121X-EV', 'UCS-SD76TM1X-EV', 'UCS-SD19TK1X-EV', 'UCS-SD960GBKNK9', 'UCS-SD19T61X-EV', 'UCS-SD480G121X-EV', 'UCS-SD19TM3X-EP', 'UCS-SD960G63X-EP', 'UCS-SD19T6S1X-EV', 'UCS-SD19TB121X-EV', 'UCS-SD400H123X-EP', 'UCS-SD32H123X-EP', 'UCS-SD800GBHNK9', 'UCS-SD15TK1X-EV', 'UCS-SD960GM1X-EV', 'UCS-SD960G6S1X-EV', 'UCS-SD120GM1X-EV', 'UCS-SD76T61X-EV', 'UCS-SD38T6S1X-EV', 'UCS-SD38TBKNK9', 'UCS-SD400G123X-EP', 'UCS-SD960GM3X-EP', 'UCS-SD240GM1X-EV', 'UCS-SD38T61X-EV', 'UCS-SD480GM1X-EV', 'UCS-SD480GM3X-EP', 'UCS-SD960G61X-EV', 'UCS-SD19TH61X-EV']","['UCS-HD18TB10K4KN11.8', 'UCS-HD600G10K12N', 'UCS-HD600G15NK9', 'UCS-HD1T7K6GAN', 'UCS-HD900G15K12N', 'UCS-HD600G15K12N', 'UCS-HD12T10NK9', 'UCS-HD300G15K12N', 'UCS-HD12TB10K12N', 'UCS-HD24TB10K4KN', 'UCS-HD2T7K12N', 'UCS-HD24T10NK9', 'UCS-HD1T7K12N', 'UCS-HD300G10K12N']",16GB,2666,1,4,DDR4,RDIMM,ECC,1.2V,STD,1,,,is_encoded,c240-sd-m5-specsheet.pdf,https://www.cisco.com/c/dam/en/us/products/collateral/servers-unified-computing/ucs-c-series-rack-servers/c240-sd-m5-specsheet.pdf,https://www.cisco.com/c/dam/en/us/products/collateral/servers-unified-computing/ucs-c-series-rack-servers/c240-sd-m5-specsheet.pdf,,,16D4ER14266612S1,1Rx4,"('1Rx4', '2Rx4', '8Rx4')",,,,
Cisco,UCS-MR-X64G2RW,Cisco UCS C240 SD M5 Rack Server,Cisco,UCS,C240 SD M5,UCS-MR-X64G2RW1 64 GB DDR4-3200MHz RDIMM 2Rx4 (16Gb) 1.2 V 2,['24'],['7.6TB'],,,,,memory,"['6226', '6238', '4215', '8276L', '6240R', '5222', '6226R', '6230R', '4215R', '8260M', '8276', '5218B', '6262V', '8260L', '8260', '6240Y', '6240M', '5218R', '4216', '6246', '4214R', '6244', '6240', '5215M', '4214', '5217', '5220R', '5218', '5220', '8276M', '6238M', '6240L', '4214Y', '6252', '6242', '5220S', '4210', '6248', '6230', '6238R', '5215', '8260Y', '6222V', '4210R', '3206R', '3204', '6234', '6238L', '4208', '5215L']","['UCS-MR-128G8RS-H', 'UCS-MR-X32G2RT-H', 'UCS-MR-X16G1RS-H', 'UCS-MR-X16G1RW1', 'UCS-MR-X64G2RT-H', 'UCS-MR-X32G2RS-H', 'UCS-MR-X32G2RW1', 'UCS-MR-X32G2RSHM', 'UCS-MR-X64G4RS-H', 'UCS-MR-X16G1RSHM', 'UCS-MR-X16G1RT-H', 'UCS-MR-X64G2RW1', 'UCS-MR-X32G2RSHS']","['UCS-SD960G2HTNK9', 'UCS-SD960GBM2NK9', 'UCS-SD16TBKNK9', 'UCS-SD38TH61X-EV', 'UCS-SD38TM1X-EV', 'UCS-SD19T63X-EP', 'UCS-SD76TBEM2NK9', 'UCS-SD38TK1X-EV', 'UCS-SD38T6I1X-EV', 'UCS-SD16H123X-EP', 'UCS-SD800GBKNK9', 'UCS-SD960GK1X-EV', 'UCS-SD76TK1X-EV', 'UCS-SD16T123X-EP', 'UCS-SD480G6I1X-EV', 'UCS-SD960GH61X-EV', 'UCS-SD76T6S1X-EV', 'UCS-SD32T123X-EP', 'UCS-SD480GH61X-EV', 'UCS-SD16TM1X-EV', 'UCS-SD480G63X-EP', 'UCS-SD19TM1X-EV', 'UCS-SD960G121X-EV', 'UCS-SD800G123X-EP', 'UCS-SD960G6I1X-EV', 'UCS-SD800H123X-EP', 'UCS-SD38TB121X-EV', 'UCS-SD76TM1X-EV', 'UCS-SD19TK1X-EV', 'UCS-SD960GBKNK9', 'UCS-SD19T61X-EV', 'UCS-SD480G121X-EV', 'UCS-SD19TM3X-EP', 'UCS-SD960G63X-EP', 'UCS-SD19T6S1X-EV', 'UCS-SD19TB121X-EV', 'UCS-SD400H123X-EP', 'UCS-SD32H123X-EP', 'UCS-SD800GBHNK9', 'UCS-SD15TK1X-EV', 'UCS-SD960GM1X-EV', 'UCS-SD960G6S1X-EV', 'UCS-SD120GM1X-EV', 'UCS-SD76T61X-EV', 'UCS-SD38T6S1X-EV', 'UCS-SD38TBKNK9', 'UCS-SD400G123X-EP', 'UCS-SD960GM3X-EP', 'UCS-SD240GM1X-EV', 'UCS-SD38T61X-EV', 'UCS-SD480GM1X-EV', 'UCS-SD480GM3X-EP', 'UCS-SD960G61X-EV', 'UCS-SD19TH61X-EV']","['UCS-HD18TB10K4KN11.8', 'UCS-HD600G10K12N', 'UCS-HD600G15NK9', 'UCS-HD1T7K6GAN', 'UCS-HD900G15K12N', 'UCS-HD600G15K12N', 'UCS-HD12T10NK9', 'UCS-HD300G15K12N', 'UCS-HD12TB10K12N', 'UCS-HD24TB10K4KN', 'UCS-HD2T7K12N', 'UCS-HD24T10NK9', 'UCS-HD1T7K12N', 'UCS-HD300G10K12N']",64GB,3200,2,4,DDR4,RDIMM,ECC,1.2V,STD,1,,,is_encoded,c240-sd-m5-specsheet.pdf,https://www.cisco.com/c/dam/en/us/products/collateral/servers-unified-computing/ucs-c-series-rack-servers/c240-sd-m5-specsheet.pdf,https://www.cisco.com/c/dam/en/us/products/collateral/servers-unified-computing/ucs-c-series-rack-servers/c240-sd-m5-specsheet.pdf,,,64D4ER24320012S1,2Rx4,"('1Rx4', '2Rx4', '8Rx4')",,,,
Cisco,UCS-MR-X64G2RT-H,Cisco UCS C240 SD M5 Rack Server,Cisco,UCS,C240 SD M5,UCS-MR-X64G2RT-H 64GB DDR4-2933MHz RDIMM 2Rx4 (16Gb)/1.2v,['24'],['7.6TB'],,,,,memory,"['6226', '6238', '4215', '8276L', '6240R', '5222', '6226R', '6230R', '4215R', '8260M', '8276', '5218B', '6262V', '8260L', '8260', '6240Y', '6240M', '5218R', '4216', '6246', '4214R', '6244', '6240', '5215M', '4214', '5217', '5220R', '5218', '5220', '8276M', '6238M', '6240L', '4214Y', '6252', '6242', '5220S', '4210', '6248', '6230', '6238R', '5215', '8260Y', '6222V', '4210R', '3206R', '3204', '6234', '6238L', '4208', '5215L']","['UCS-MR-128G8RS-H', 'UCS-MR-X32G2RT-H', 'UCS-MR-X16G1RS-H', 'UCS-MR-X16G1RW1', 'UCS-MR-X64G2RT-H', 'UCS-MR-X32G2RS-H', 'UCS-MR-X32G2RW1', 'UCS-MR-X32G2RSHM', 'UCS-MR-X64G4RS-H', 'UCS-MR-X16G1RSHM', 'UCS-MR-X16G1RT-H', 'UCS-MR-X64G2RW1', 'UCS-MR-X32G2RSHS']","['UCS-SD960G2HTNK9', 'UCS-SD960GBM2NK9', 'UCS-SD16TBKNK9', 'UCS-SD38TH61X-EV', 'UCS-SD38TM1X-EV', 'UCS-SD19T63X-EP', 'UCS-SD76TBEM2NK9', 'UCS-SD38TK1X-EV', 'UCS-SD38T6I1X-EV', 'UCS-SD16H123X-EP', 'UCS-SD800GBKNK9', 'UCS-SD960GK1X-EV', 'UCS-SD76TK1X-EV', 'UCS-SD16T123X-EP', 'UCS-SD480G6I1X-EV', 'UCS-SD960GH61X-EV', 'UCS-SD76T6S1X-EV', 'UCS-SD32T123X-EP', 'UCS-SD480GH61X-EV', 'UCS-SD16TM1X-EV', 'UCS-SD480G63X-EP', 'UCS-SD19TM1X-EV', 'UCS-SD960G121X-EV', 'UCS-SD800G123X-EP', 'UCS-SD960G6I1X-EV', 'UCS-SD800H123X-EP', 'UCS-SD38TB121X-EV', 'UCS-SD76TM1X-EV', 'UCS-SD19TK1X-EV', 'UCS-SD960GBKNK9', 'UCS-SD19T61X-EV', 'UCS-SD480G121X-EV', 'UCS-SD19TM3X-EP', 'UCS-SD960G63X-EP', 'UCS-SD19T6S1X-EV', 'UCS-SD19TB121X-EV', 'UCS-SD400H123X-EP', 'UCS-SD32H123X-EP', 'UCS-SD800GBHNK9', 'UCS-SD15TK1X-EV', 'UCS-SD960GM1X-EV', 'UCS-SD960G6S1X-EV', 'UCS-SD120GM1X-EV', 'UCS-SD76T61X-EV', 'UCS-SD38T6S1X-EV', 'UCS-SD38TBKNK9', 'UCS-SD400G123X-EP', 'UCS-SD960GM3X-EP', 'UCS-SD240GM1X-EV', 'UCS-SD38T61X-EV', 'UCS-SD480GM1X-EV', 'UCS-SD480GM3X-EP', 'UCS-SD960G61X-EV', 'UCS-SD19TH61X-EV']","['UCS-HD18TB10K4KN11.8', 'UCS-HD600G10K12N', 'UCS-HD600G15NK9', 'UCS-HD1T7K6GAN', 'UCS-HD900G15K12N', 'UCS-HD600G15K12N', 'UCS-HD12T10NK9', 'UCS-HD300G15K12N', 'UCS-HD12TB10K12N', 'UCS-HD24TB10K4KN', 'UCS-HD2T7K12N', 'UCS-HD24T10NK9', 'UCS-HD1T7K12N', 'UCS-HD300G10K12N']",64GB,2933,2,4,DDR4,RDIMM,ECC,1.2V,STD,1,,,is_encoded,c240-sd-m5-specsheet.pdf,https://www.cisco.com/c/dam/en/us/products/collateral/servers-unified-computing/ucs-c-series-rack-servers/c240-sd-m5-specsheet.pdf,https://www.cisco.com/c/dam/en/us/products/collateral/servers-unified-computing/ucs-c-series-rack-servers/c240-sd-m5-specsheet.pdf,,,64D4ER24293312S1,2Rx4,"('1Rx4', '2Rx4', '8Rx4')",,,,
Cisco,UCS-MR-X32G2RW,Cisco UCS C240 SD M5 Rack Server,Cisco,UCS,C240 SD M5,UCS-MR-X32G2RW1 32 GB DDR4-3200MHz RDIMM 2Rx4 (8Gb) 1.2 V 2,['24'],['7.6TB'],,,,,memory,"['6226', '6238', '4215', '8276L', '6240R', '5222', '6226R', '6230R', '4215R', '8260M', '8276', '5218B', '6262V', '8260L', '8260', '6240Y', '6240M', '5218R', '4216', '6246', '4214R', '6244', '6240', '5215M', '4214', '5217', '5220R', '5218', '5220', '8276M', '6238M', '6240L', '4214Y', '6252', '6242', '5220S', '4210', '6248', '6230', '6238R', '5215', '8260Y', '6222V', '4210R', '3206R', '3204', '6234', '6238L', '4208', '5215L']","['UCS-MR-128G8RS-H', 'UCS-MR-X32G2RT-H', 'UCS-MR-X16G1RS-H', 'UCS-MR-X16G1RW1', 'UCS-MR-X64G2RT-H', 'UCS-MR-X32G2RS-H', 'UCS-MR-X32G2RW1', 'UCS-MR-X32G2RSHM', 'UCS-MR-X64G4RS-H', 'UCS-MR-X16G1RSHM', 'UCS-MR-X16G1RT-H', 'UCS-MR-X64G2RW1', 'UCS-MR-X32G2RSHS']","['UCS-SD960G2HTNK9', 'UCS-SD960GBM2NK9', 'UCS-SD16TBKNK9', 'UCS-SD38TH61X-EV', 'UCS-SD38TM1X-EV', 'UCS-SD19T63X-EP', 'UCS-SD76TBEM2NK9', 'UCS-SD38TK1X-EV', 'UCS-SD38T6I1X-EV', 'UCS-SD16H123X-EP', 'UCS-SD800GBKNK9', 'UCS-SD960GK1X-EV', 'UCS-SD76TK1X-EV', 'UCS-SD16T123X-EP', 'UCS-SD480G6I1X-EV', 'UCS-SD960GH61X-EV', 'UCS-SD76T6S1X-EV', 'UCS-SD32T123X-EP', 'UCS-SD480GH61X-EV', 'UCS-SD16TM1X-EV', 'UCS-SD480G63X-EP', 'UCS-SD19TM1X-EV', 'UCS-SD960G121X-EV', 'UCS-SD800G123X-EP', 'UCS-SD960G6I1X-EV', 'UCS-SD800H123X-EP', 'UCS-SD38TB121X-EV', 'UCS-SD76TM1X-EV', 'UCS-SD19TK1X-EV', 'UCS-SD960GBKNK9', 'UCS-SD19T61X-EV', 'UCS-SD480G121X-EV', 'UCS-SD19TM3X-EP', 'UCS-SD960G63X-EP', 'UCS-SD19T6S1X-EV', 'UCS-SD19TB121X-EV', 'UCS-SD400H123X-EP', 'UCS-SD32H123X-EP', 'UCS-SD800GBHNK9', 'UCS-SD15TK1X-EV', 'UCS-SD960GM1X-EV', 'UCS-SD960G6S1X-EV', 'UCS-SD120GM1X-EV', 'UCS-SD76T61X-EV', 'UCS-SD38T6S1X-EV', 'UCS-SD38TBKNK9', 'UCS-SD400G123X-EP', 'UCS-SD960GM3X-EP', 'UCS-SD240GM1X-EV', 'UCS-SD38T61X-EV', 'UCS-SD480GM1X-EV', 'UCS-SD480GM3X-EP', 'UCS-SD960G61X-EV', 'UCS-SD19TH61X-EV']","['UCS-HD18TB10K4KN11.8', 'UCS-HD600G10K12N', 'UCS-HD600G15NK9', 'UCS-HD1T7K6GAN', 'UCS-HD900G15K12N', 'UCS-HD600G15K12N', 'UCS-HD12T10NK9', 'UCS-HD300G15K12N', 'UCS-HD12TB10K12N', 'UCS-HD24TB10K4KN', 'UCS-HD2T7K12N', 'UCS-HD24T10NK9', 'UCS-HD1T7K12N', 'UCS-HD300G10K12N']",32GB,3200,2,4,DDR4,RDIMM,ECC,1.2V,STD,1,,,is_encoded,c240-sd-m5-specsheet.pdf,https://www.cisco.com/c/dam/en/us/products/collateral/servers-unified-computing/ucs-c-series-rack-servers/c240-sd-m5-specsheet.pdf,https://www.cisco.com/c/dam/en/us/products/collateral/servers-unified-computing/ucs-c-series-rack-servers/c240-sd-m5-specsheet.pdf,,,32D4ER24320012S1,2Rx4,"('1Rx4', '2Rx4', '8Rx4')",,,,
Cisco,UCS-MR-X32G2RT-H,Cisco UCS C240 SD M5 Rack Server,Cisco,UCS,C240 SD M5,UCS-MR-X32G2RT-H 32GB DDR4-2933MHz RDIMM 2Rx4 (8Gb)/1.2v,['24'],['7.6TB'],,,,,memory,"['6226', '6238', '4215', '8276L', '6240R', '5222', '6226R', '6230R', '4215R', '8260M', '8276', '5218B', '6262V', '8260L', '8260', '6240Y', '6240M', '5218R', '4216', '6246', '4214R', '6244', '6240', '5215M', '4214', '5217', '5220R', '5218', '5220', '8276M', '6238M', '6240L', '4214Y', '6252', '6242', '5220S', '4210', '6248', '6230', '6238R', '5215', '8260Y', '6222V', '4210R', '3206R', '3204', '6234', '6238L', '4208', '5215L']","['UCS-MR-128G8RS-H', 'UCS-MR-X32G2RT-H', 'UCS-MR-X16G1RS-H', 'UCS-MR-X16G1RW1', 'UCS-MR-X64G2RT-H', 'UCS-MR-X32G2RS-H', 'UCS-MR-X32G2RW1', 'UCS-MR-X32G2RSHM', 'UCS-MR-X64G4RS-H', 'UCS-MR-X16G1RSHM', 'UCS-MR-X16G1RT-H', 'UCS-MR-X64G2RW1', 'UCS-MR-X32G2RSHS']","['UCS-SD960G2HTNK9', 'UCS-SD960GBM2NK9', 'UCS-SD16TBKNK9', 'UCS-SD38TH61X-EV', 'UCS-SD38TM1X-EV', 'UCS-SD19T63X-EP', 'UCS-SD76TBEM2NK9', 'UCS-SD38TK1X-EV', 'UCS-SD38T6I1X-EV', 'UCS-SD16H123X-EP', 'UCS-SD800GBKNK9', 'UCS-SD960GK1X-EV', 'UCS-SD76TK1X-EV', 'UCS-SD16T123X-EP', 'UCS-SD480G6I1X-EV', 'UCS-SD960GH61X-EV', 'UCS-SD76T6S1X-EV', 'UCS-SD32T123X-EP', 'UCS-SD480GH61X-EV', 'UCS-SD16TM1X-EV', 'UCS-SD480G63X-EP', 'UCS-SD19TM1X-EV', 'UCS-SD960G121X-EV', 'UCS-SD800G123X-EP', 'UCS-SD960G6I1X-EV', 'UCS-SD800H123X-EP', 'UCS-SD38TB121X-EV', 'UCS-SD76TM1X-EV', 'UCS-SD19TK1X-EV', 'UCS-SD960GBKNK9', 'UCS-SD19T61X-EV', 'UCS-SD480G121X-EV', 'UCS-SD19TM3X-EP', 'UCS-SD960G63X-EP', 'UCS-SD19T6S1X-EV', 'UCS-SD19TB121X-EV', 'UCS-SD400H123X-EP', 'UCS-SD32H123X-EP', 'UCS-SD800GBHNK9', 'UCS-SD15TK1X-EV', 'UCS-SD960GM1X-EV', 'UCS-SD960G6S1X-EV', 'UCS-SD120GM1X-EV', 'UCS-SD76T61X-EV', 'UCS-SD38T6S1X-EV', 'UCS-SD38TBKNK9', 'UCS-SD400G123X-EP', 'UCS-SD960GM3X-EP', 'UCS-SD240GM1X-EV', 'UCS-SD38T61X-EV', 'UCS-SD480GM1X-EV', 'UCS-SD480GM3X-EP', 'UCS-SD960G61X-EV', 'UCS-SD19TH61X-EV']","['UCS-HD18TB10K4KN11.8', 'UCS-HD600G10K12N', 'UCS-HD600G15NK9', 'UCS-HD1T7K6GAN', 'UCS-HD900G15K12N', 'UCS-HD600G15K12N', 'UCS-HD12T10NK9', 'UCS-HD300G15K12N', 'UCS-HD12TB10K12N', 'UCS-HD24TB10K4KN', 'UCS-HD2T7K12N', 'UCS-HD24T10NK9', 'UCS-HD1T7K12N', 'UCS-HD300G10K12N']",32GB,2933,2,4,DDR4,RDIMM,ECC,1.2V,STD,1,,,is_encoded,c240-sd-m5-specsheet.pdf,https://www.cisco.com/c/dam/en/us/products/collateral/servers-unified-computing/ucs-c-series-rack-servers/c240-sd-m5-specsheet.pdf,https://www.cisco.com/c/dam/en/us/products/collateral/servers-unified-computing/ucs-c-series-rack-servers/c240-sd-m5-specsheet.pdf,,,32D4ER24293312S1,2Rx4,"('1Rx4', '2Rx4', '8Rx4')",,,,
Cisco,UCS-MR-X32G2RS-H,Cisco UCS C240 SD M5 Rack Server,Cisco,UCS,C240 SD M5,UCS-MR-X32G2RS-H 32GB DDR4-2666-MHz RDIMM/PC4-21300/dual rank/x4/1.2v,['24'],['7.6TB'],,,,,memory,"['6226', '6238', '4215', '8276L', '6240R', '5222', '6226R', '6230R', '4215R', '8260M', '8276', '5218B', '6262V', '8260L', '8260', '6240Y', '6240M', '5218R', '4216', '6246', '4214R', '6244', '6240', '5215M', '4214', '5217', '5220R', '5218', '5220', '8276M', '6238M', '6240L', '4214Y', '6252', '6242', '5220S', '4210', '6248', '6230', '6238R', '5215', '8260Y', '6222V', '4210R', '3206R', '3204', '6234', '6238L', '4208', '5215L']","['UCS-MR-128G8RS-H', 'UCS-MR-X32G2RT-H', 'UCS-MR-X16G1RS-H', 'UCS-MR-X16G1RW1', 'UCS-MR-X64G2RT-H', 'UCS-MR-X32G2RS-H', 'UCS-MR-X32G2RW1', 'UCS-MR-X32G2RSHM', 'UCS-MR-X64G4RS-H', 'UCS-MR-X16G1RSHM', 'UCS-MR-X16G1RT-H', 'UCS-MR-X64G2RW1', 'UCS-MR-X32G2RSHS']","['UCS-SD960G2HTNK9', 'UCS-SD960GBM2NK9', 'UCS-SD16TBKNK9', 'UCS-SD38TH61X-EV', 'UCS-SD38TM1X-EV', 'UCS-SD19T63X-EP', 'UCS-SD76TBEM2NK9', 'UCS-SD38TK1X-EV', 'UCS-SD38T6I1X-EV', 'UCS-SD16H123X-EP', 'UCS-SD800GBKNK9', 'UCS-SD960GK1X-EV', 'UCS-SD76TK1X-EV', 'UCS-SD16T123X-EP', 'UCS-SD480G6I1X-EV', 'UCS-SD960GH61X-EV', 'UCS-SD76T6S1X-EV', 'UCS-SD32T123X-EP', 'UCS-SD480GH61X-EV', 'UCS-SD16TM1X-EV', 'UCS-SD480G63X-EP', 'UCS-SD19TM1X-EV', 'UCS-SD960G121X-EV', 'UCS-SD800G123X-EP', 'UCS-SD960G6I1X-EV', 'UCS-SD800H123X-EP', 'UCS-SD38TB121X-EV', 'UCS-SD76TM1X-EV', 'UCS-SD19TK1X-EV', 'UCS-SD960GBKNK9', 'UCS-SD19T61X-EV', 'UCS-SD480G121X-EV', 'UCS-SD19TM3X-EP', 'UCS-SD960G63X-EP', 'UCS-SD19T6S1X-EV', 'UCS-SD19TB121X-EV', 'UCS-SD400H123X-EP', 'UCS-SD32H123X-EP', 'UCS-SD800GBHNK9', 'UCS-SD15TK1X-EV', 'UCS-SD960GM1X-EV', 'UCS-SD960G6S1X-EV', 'UCS-SD120GM1X-EV', 'UCS-SD76T61X-EV', 'UCS-SD38T6S1X-EV', 'UCS-SD38TBKNK9', 'UCS-SD400G123X-EP', 'UCS-SD960GM3X-EP', 'UCS-SD240GM1X-EV', 'UCS-SD38T61X-EV', 'UCS-SD480GM1X-EV', 'UCS-SD480GM3X-EP', 'UCS-SD960G61X-EV', 'UCS-SD19TH61X-EV']","['UCS-HD18TB10K4KN11.8', 'UCS-HD600G10K12N', 'UCS-HD600G15NK9', 'UCS-HD1T7K6GAN', 'UCS-HD900G15K12N', 'UCS-HD600G15K12N', 'UCS-HD12T10NK9', 'UCS-HD300G15K12N', 'UCS-HD12TB10K12N', 'UCS-HD24TB10K4KN', 'UCS-HD2T7K12N', 'UCS-HD24T10NK9', 'UCS-HD1T7K12N', 'UCS-HD300G10K12N']",32GB,2666,2,4,DDR4,RDIMM,ECC,1.2V,STD,1,,,is_encoded,c240-sd-m5-specsheet.pdf,https://www.cisco.com/c/dam/en/us/products/collateral/servers-unified-computing/ucs-c-series-rack-servers/c240-sd-m5-specsheet.pdf,https://www.cisco.com/c/dam/en/us/products/collateral/servers-unified-computing/ucs-c-series-rack-servers/c240-sd-m5-specsheet.pdf,,,32D4ER24266612S1,2Rx4,"('1Rx4', '2Rx4', '8Rx4')",,,,
Cisco,UCS-MR-X32G2RSHM,Cisco UCS C240 SD M5 Rack Server,Cisco,UCS,C240 SD M5,UCS-MR-X32G2RSHM 32GB DDR4-2666-MHz RDIMM/dual rank/x4/1.2v. Micron only,['24'],['7.6TB'],,,,,memory,"['6226', '6238', '4215', '8276L', '6240R', '5222', '6226R', '6230R', '4215R', '8260M', '8276', '5218B', '6262V', '8260L', '8260', '6240Y', '6240M', '5218R', '4216', '6246', '4214R', '6244', '6240', '5215M', '4214', '5217', '5220R', '5218', '5220', '8276M', '6238M', '6240L', '4214Y', '6252', '6242', '5220S', '4210', '6248', '6230', '6238R', '5215', '8260Y', '6222V', '4210R', '3206R', '3204', '6234', '6238L', '4208', '5215L']","['UCS-MR-128G8RS-H', 'UCS-MR-X32G2RT-H', 'UCS-MR-X16G1RS-H', 'UCS-MR-X16G1RW1', 'UCS-MR-X64G2RT-H', 'UCS-MR-X32G2RS-H', 'UCS-MR-X32G2RW1', 'UCS-MR-X32G2RSHM', 'UCS-MR-X64G4RS-H', 'UCS-MR-X16G1RSHM', 'UCS-MR-X16G1RT-H', 'UCS-MR-X64G2RW1', 'UCS-MR-X32G2RSHS']","['UCS-SD960G2HTNK9', 'UCS-SD960GBM2NK9', 'UCS-SD16TBKNK9', 'UCS-SD38TH61X-EV', 'UCS-SD38TM1X-EV', 'UCS-SD19T63X-EP', 'UCS-SD76TBEM2NK9', 'UCS-SD38TK1X-EV', 'UCS-SD38T6I1X-EV', 'UCS-SD16H123X-EP', 'UCS-SD800GBKNK9', 'UCS-SD960GK1X-EV', 'UCS-SD76TK1X-EV', 'UCS-SD16T123X-EP', 'UCS-SD480G6I1X-EV', 'UCS-SD960GH61X-EV', 'UCS-SD76T6S1X-EV', 'UCS-SD32T123X-EP', 'UCS-SD480GH61X-EV', 'UCS-SD16TM1X-EV', 'UCS-SD480G63X-EP', 'UCS-SD19TM1X-EV', 'UCS-SD960G121X-EV', 'UCS-SD800G123X-EP', 'UCS-SD960G6I1X-EV', 'UCS-SD800H123X-EP', 'UCS-SD38TB121X-EV', 'UCS-SD76TM1X-EV', 'UCS-SD19TK1X-EV', 'UCS-SD960GBKNK9', 'UCS-SD19T61X-EV', 'UCS-SD480G121X-EV', 'UCS-SD19TM3X-EP', 'UCS-SD960G63X-EP', 'UCS-SD19T6S1X-EV', 'UCS-SD19TB121X-EV', 'UCS-SD400H123X-EP', 'UCS-SD32H123X-EP', 'UCS-SD800GBHNK9', 'UCS-SD15TK1X-EV', 'UCS-SD960GM1X-EV', 'UCS-SD960G6S1X-EV', 'UCS-SD120GM1X-EV', 'UCS-SD76T61X-EV', 'UCS-SD38T6S1X-EV', 'UCS-SD38TBKNK9', 'UCS-SD400G123X-EP', 'UCS-SD960GM3X-EP', 'UCS-SD240GM1X-EV', 'UCS-SD38T61X-EV', 'UCS-SD480GM1X-EV', 'UCS-SD480GM3X-EP', 'UCS-SD960G61X-EV', 'UCS-SD19TH61X-EV']","['UCS-HD18TB10K4KN11.8', 'UCS-HD600G10K12N', 'UCS-HD600G15NK9', 'UCS-HD1T7K6GAN', 'UCS-HD900G15K12N', 'UCS-HD600G15K12N', 'UCS-HD12T10NK9', 'UCS-HD300G15K12N', 'UCS-HD12TB10K12N', 'UCS-HD24TB10K4KN', 'UCS-HD2T7K12N', 'UCS-HD24T10NK9', 'UCS-HD1T7K12N', 'UCS-HD300G10K12N']",32GB,2666,2,4,DDR4,RDIMM,ECC,1.2V,STD,1,,,is_encoded,c240-sd-m5-specsheet.pdf,https://www.cisco.com/c/dam/en/us/products/collateral/servers-unified-computing/ucs-c-series-rack-servers/c240-sd-m5-specsheet.pdf,https://www.cisco.com/c/dam/en/us/products/collateral/servers-unified-computing/ucs-c-series-rack-servers/c240-sd-m5-specsheet.pdf,,,32D4ER24266612S1,2Rx4,"('1Rx4', '2Rx4', '8Rx4')",,,,
Cisco,UCS-MR-X32G2RSHS,Cisco UCS C240 SD M5 Rack Server,Cisco,UCS,C240 SD M5,UCS-MR-X32G2RSHS 32GB DDR4-2666-MHz RDIMM/dual rank/x4/1.2v. Samsung only,['24'],['7.6TB'],,,,,memory,"['6226', '6238', '4215', '8276L', '6240R', '5222', '6226R', '6230R', '4215R', '8260M', '8276', '5218B', '6262V', '8260L', '8260', '6240Y', '6240M', '5218R', '4216', '6246', '4214R', '6244', '6240', '5215M', '4214', '5217', '5220R', '5218', '5220', '8276M', '6238M', '6240L', '4214Y', '6252', '6242', '5220S', '4210', '6248', '6230', '6238R', '5215', '8260Y', '6222V', '4210R', '3206R', '3204', '6234', '6238L', '4208', '5215L']","['UCS-MR-128G8RS-H', 'UCS-MR-X32G2RT-H', 'UCS-MR-X16G1RS-H', 'UCS-MR-X16G1RW1', 'UCS-MR-X64G2RT-H', 'UCS-MR-X32G2RS-H', 'UCS-MR-X32G2RW1', 'UCS-MR-X32G2RSHM', 'UCS-MR-X64G4RS-H', 'UCS-MR-X16G1RSHM', 'UCS-MR-X16G1RT-H', 'UCS-MR-X64G2RW1', 'UCS-MR-X32G2RSHS']","['UCS-SD960G2HTNK9', 'UCS-SD960GBM2NK9', 'UCS-SD16TBKNK9', 'UCS-SD38TH61X-EV', 'UCS-SD38TM1X-EV', 'UCS-SD19T63X-EP', 'UCS-SD76TBEM2NK9', 'UCS-SD38TK1X-EV', 'UCS-SD38T6I1X-EV', 'UCS-SD16H123X-EP', 'UCS-SD800GBKNK9', 'UCS-SD960GK1X-EV', 'UCS-SD76TK1X-EV', 'UCS-SD16T123X-EP', 'UCS-SD480G6I1X-EV', 'UCS-SD960GH61X-EV', 'UCS-SD76T6S1X-EV', 'UCS-SD32T123X-EP', 'UCS-SD480GH61X-EV', 'UCS-SD16TM1X-EV', 'UCS-SD480G63X-EP', 'UCS-SD19TM1X-EV', 'UCS-SD960G121X-EV', 'UCS-SD800G123X-EP', 'UCS-SD960G6I1X-EV', 'UCS-SD800H123X-EP', 'UCS-SD38TB121X-EV', 'UCS-SD76TM1X-EV', 'UCS-SD19TK1X-EV', 'UCS-SD960GBKNK9', 'UCS-SD19T61X-EV', 'UCS-SD480G121X-EV', 'UCS-SD19TM3X-EP', 'UCS-SD960G63X-EP', 'UCS-SD19T6S1X-EV', 'UCS-SD19TB121X-EV', 'UCS-SD400H123X-EP', 'UCS-SD32H123X-EP', 'UCS-SD800GBHNK9', 'UCS-SD15TK1X-EV', 'UCS-SD960GM1X-EV', 'UCS-SD960G6S1X-EV', 'UCS-SD120GM1X-EV', 'UCS-SD76T61X-EV', 'UCS-SD38T6S1X-EV', 'UCS-SD38TBKNK9', 'UCS-SD400G123X-EP', 'UCS-SD960GM3X-EP', 'UCS-SD240GM1X-EV', 'UCS-SD38T61X-EV', 'UCS-SD480GM1X-EV', 'UCS-SD480GM3X-EP', 'UCS-SD960G61X-EV', 'UCS-SD19TH61X-EV']","['UCS-HD18TB10K4KN11.8', 'UCS-HD600G10K12N', 'UCS-HD600G15NK9', 'UCS-HD1T7K6GAN', 'UCS-HD900G15K12N', 'UCS-HD600G15K12N', 'UCS-HD12T10NK9', 'UCS-HD300G15K12N', 'UCS-HD12TB10K12N', 'UCS-HD24TB10K4KN', 'UCS-HD2T7K12N', 'UCS-HD24T10NK9', 'UCS-HD1T7K12N', 'UCS-HD300G10K12N']",32GB,2666,2,4,DDR4,RDIMM,ECC,1.2V,STD,1,,,is_encoded,c240-sd-m5-specsheet.pdf,https://www.cisco.com/c/dam/en/us/products/collateral/servers-unified-computing/ucs-c-series-rack-servers/c240-sd-m5-specsheet.pdf,https://www.cisco.com/c/dam/en/us/products/collateral/servers-unified-computing/ucs-c-series-rack-servers/c240-sd-m5-specsheet.pdf,,,32D4ER24266612S1,2Rx4,"('1Rx4', '2Rx4', '8Rx4')",,,,
Cisco,UCS-MRX48G1RF3,Cisco UCS C245 M8 SFF Rack Server,Cisco,UCS,C245 M8 SFF,UCS-MRX48G1RF32 48GB DDR5-5600 RDIMM 1Rx4 (24Gb) 1,['24'],['6TB'],,,,,memory,"['A9274F', 'A9374F', 'A9254', 'A9654P', 'A9174F', 'A9184X', 'A9454P', 'A9554', 'A9734', 'A9474F', 'A9384X', 'A9454', 'A9634', 'A9354P', 'A9354', 'A9684X', 'A9654', 'A9124', 'A9754', 'A9554P', 'A9534', 'A9334', 'A9224']","['UCS-MRX96G2RF3', 'UCS-MRX64G2RE3', 'UCS-MRX48G1RF32', 'UCS-MRX32G1RE3', 'UCS-MR256G8RE32', 'UCS-MRX16G1RE3', 'UCS-MR128G4RE3']","['UCS-SD15TKA1X-EV', 'UCS-SD32TKA3X-EP', 'UCS-SDB3T8SA1V', 'UCS-SD19TBM3X-EP', 'UCS-SD38TKA1X-EV', 'UCS-SD240GBM1X-EV', 'UCS-SDB3T8OA1V', 'UCS-SD19T63X-EP', 'UCS-SD76TBKANK9', 'UCS-SD480GBM1X-EV', 'UCS-SD960GBM3X-EP', 'UCS-SDB7T6SA1V', 'UCS-SD16TBM1X-EV', 'UCS-SD38TBM1X-EV', 'UCS-SD76TBM1X-EV', 'UCS-SDB1T9OA1P', 'UCS-SD19TKA1X-EV', 'UCS-SD19TBM1X-EV', 'UCS-SD16TBKANK9', 'UCS-SD76TEM2NK9-D', 'UCS-SD76T6S1X-EV', 'UCS-SD480G63X-EP', 'UCS-SDB3T8OA1P', 'UCS-SD38TBKANK9-D', 'UCS-SD76TBKANK9-D', 'UCS-SD960GM2NK9-D', 'UCS-SD960G63X-EP', 'UCS-SD19T6S1X-EV', 'UCS-SD38TEM2NK9-D', 'UCS-SD480GBM3X-EP', 'UCS-SDB480OA1P', 'UCS-SD38T63X-EP', 'UCS-SD16TKA3X-EP', 'UCS-SDB960OA1P', 'UCS-SD960G6S1X-EV', 'UCS-SD76TKA1X-EV', 'UCS-SD38TBKANK9', 'UCS-SD38T6S1X-EV', 'UCS-SD16TBKANK9-D', 'UCS-SDB1T9SA1V', 'UCS-SD19TEM2NK9-D', 'UCS-SDB960OA1V', 'UCS-SDB960SA1V', 'UCS-SD960GBM1X-EV', 'UCS-SDB480OA1V']","['UCS-HD24TB10KJ4', 'UCS-HD12TB10KJ4', 'UCS-HD600G10KJ4', 'UCS-HD18TB10KJ4']",48GB,5600,1,4,DDR5,RDIMM,ECC,1.1V,STD,1,,,is_encoded,ucs-c245-m8-sff-rack-server.pdf,https://www.cisco.com/c/dam/en/us/products/collateral/servers-unified-computing/ucs-c-series-rack-servers/ucs-c245-m8-sff-rack-server.pdf,https://www.cisco.com/c/dam/en/us/products/collateral/servers-unified-computing/ucs-c-series-rack-servers/ucs-c245-m8-sff-rack-server.pdf,,,48D5ER14560011S1,1Rx4,"('1Rx4', '1Rx8', '2Rx4', '4Rx4', '8Rx4')",,,,
Cisco,UCS-MRX32G1RE3,Cisco UCS C245 M8 SFF Rack Server,Cisco,UCS,C245 M8 SFF,UCS-MRX32G1RE3 32GB DDR5-5600 RDIMM 1Rx4 (16Gb) 1,['24'],['6TB'],,,,,memory,"['A9274F', 'A9374F', 'A9254', 'A9654P', 'A9174F', 'A9184X', 'A9454P', 'A9554', 'A9734', 'A9474F', 'A9384X', 'A9454', 'A9634', 'A9354P', 'A9354', 'A9684X', 'A9654', 'A9124', 'A9754', 'A9554P', 'A9534', 'A9334', 'A9224']","['UCS-MRX96G2RF3', 'UCS-MRX64G2RE3', 'UCS-MRX48G1RF32', 'UCS-MRX32G1RE3', 'UCS-MR256G8RE32', 'UCS-MRX16G1RE3', 'UCS-MR128G4RE3']","['UCS-SD15TKA1X-EV', 'UCS-SD32TKA3X-EP', 'UCS-SDB3T8SA1V', 'UCS-SD19TBM3X-EP', 'UCS-SD38TKA1X-EV', 'UCS-SD240GBM1X-EV', 'UCS-SDB3T8OA1V', 'UCS-SD19T63X-EP', 'UCS-SD76TBKANK9', 'UCS-SD480GBM1X-EV', 'UCS-SD960GBM3X-EP', 'UCS-SDB7T6SA1V', 'UCS-SD16TBM1X-EV', 'UCS-SD38TBM1X-EV', 'UCS-SD76TBM1X-EV', 'UCS-SDB1T9OA1P', 'UCS-SD19TKA1X-EV', 'UCS-SD19TBM1X-EV', 'UCS-SD16TBKANK9', 'UCS-SD76TEM2NK9-D', 'UCS-SD76T6S1X-EV', 'UCS-SD480G63X-EP', 'UCS-SDB3T8OA1P', 'UCS-SD38TBKANK9-D', 'UCS-SD76TBKANK9-D', 'UCS-SD960GM2NK9-D', 'UCS-SD960G63X-EP', 'UCS-SD19T6S1X-EV', 'UCS-SD38TEM2NK9-D', 'UCS-SD480GBM3X-EP', 'UCS-SDB480OA1P', 'UCS-SD38T63X-EP', 'UCS-SD16TKA3X-EP', 'UCS-SDB960OA1P', 'UCS-SD960G6S1X-EV', 'UCS-SD76TKA1X-EV', 'UCS-SD38TBKANK9', 'UCS-SD38T6S1X-EV', 'UCS-SD16TBKANK9-D', 'UCS-SDB1T9SA1V', 'UCS-SD19TEM2NK9-D', 'UCS-SDB960OA1V', 'UCS-SDB960SA1V', 'UCS-SD960GBM1X-EV', 'UCS-SDB480OA1V']","['UCS-HD24TB10KJ4', 'UCS-HD12TB10KJ4', 'UCS-HD600G10KJ4', 'UCS-HD18TB10KJ4']",32GB,5600,1,4,DDR5,RDIMM,ECC,1.1V,STD,1,,,is_encoded,ucs-c245-m8-sff-rack-server.pdf,https://www.cisco.com/c/dam/en/us/products/collateral/servers-unified-computing/ucs-c-series-rack-servers/ucs-c245-m8-sff-rack-server.pdf,https://www.cisco.com/c/dam/en/us/products/collateral/servers-unified-computing/ucs-c-series-rack-servers/ucs-c245-m8-sff-rack-server.pdf,,,32D5ER14560011S1,1Rx4,"('1Rx4', '1Rx8', '2Rx4', '4Rx4', '8Rx4')",,,,
Cisco,UCS-MRX96G2RF3,Cisco UCS C245 M8 SFF Rack Server,Cisco,UCS,C245 M8 SFF,UCS-MRX96G2RF3 96GB DDR5-5600 RDIMM 2Rx4 (24Gb) 2,['24'],['6TB'],,,,,memory,"['A9274F', 'A9374F', 'A9254', 'A9654P', 'A9174F', 'A9184X', 'A9454P', 'A9554', 'A9734', 'A9474F', 'A9384X', 'A9454', 'A9634', 'A9354P', 'A9354', 'A9684X', 'A9654', 'A9124', 'A9754', 'A9554P', 'A9534', 'A9334', 'A9224']","['UCS-MRX96G2RF3', 'UCS-MRX64G2RE3', 'UCS-MRX48G1RF32', 'UCS-MRX32G1RE3', 'UCS-MR256G8RE32', 'UCS-MRX16G1RE3', 'UCS-MR128G4RE3']","['UCS-SD15TKA1X-EV', 'UCS-SD32TKA3X-EP', 'UCS-SDB3T8SA1V', 'UCS-SD19TBM3X-EP', 'UCS-SD38TKA1X-EV', 'UCS-SD240GBM1X-EV', 'UCS-SDB3T8OA1V', 'UCS-SD19T63X-EP', 'UCS-SD76TBKANK9', 'UCS-SD480GBM1X-EV', 'UCS-SD960GBM3X-EP', 'UCS-SDB7T6SA1V', 'UCS-SD16TBM1X-EV', 'UCS-SD38TBM1X-EV', 'UCS-SD76TBM1X-EV', 'UCS-SDB1T9OA1P', 'UCS-SD19TKA1X-EV', 'UCS-SD19TBM1X-EV', 'UCS-SD16TBKANK9', 'UCS-SD76TEM2NK9-D', 'UCS-SD76T6S1X-EV', 'UCS-SD480G63X-EP', 'UCS-SDB3T8OA1P', 'UCS-SD38TBKANK9-D', 'UCS-SD76TBKANK9-D', 'UCS-SD960GM2NK9-D', 'UCS-SD960G63X-EP', 'UCS-SD19T6S1X-EV', 'UCS-SD38TEM2NK9-D', 'UCS-SD480GBM3X-EP', 'UCS-SDB480OA1P', 'UCS-SD38T63X-EP', 'UCS-SD16TKA3X-EP', 'UCS-SDB960OA1P', 'UCS-SD960G6S1X-EV', 'UCS-SD76TKA1X-EV', 'UCS-SD38TBKANK9', 'UCS-SD38T6S1X-EV', 'UCS-SD16TBKANK9-D', 'UCS-SDB1T9SA1V', 'UCS-SD19TEM2NK9-D', 'UCS-SDB960OA1V', 'UCS-SDB960SA1V', 'UCS-SD960GBM1X-EV', 'UCS-SDB480OA1V']","['UCS-HD24TB10KJ4', 'UCS-HD12TB10KJ4', 'UCS-HD600G10KJ4', 'UCS-HD18TB10KJ4']",96GB,5600,2,4,DDR5,RDIMM,ECC,1.1V,STD,1,,,is_encoded,ucs-c245-m8-sff-rack-server.pdf,https://www.cisco.com/c/dam/en/us/products/collateral/servers-unified-computing/ucs-c-series-rack-servers/ucs-c245-m8-sff-rack-server.pdf,https://www.cisco.com/c/dam/en/us/products/collateral/servers-unified-computing/ucs-c-series-rack-servers/ucs-c245-m8-sff-rack-server.pdf,,,96D5ER24560011S1,2Rx4,"('1Rx4', '1Rx8', '2Rx4', '4Rx4', '8Rx4')",,,,
Cisco,UCS-MRX64G2RE3,Cisco UCS C245 M8 SFF Rack Server,Cisco,UCS,C245 M8 SFF,UCS-MRX64G2RE3 64GB DDR5-5600 RDIMM 2Rx4 (16Gb) 2,['24'],['6TB'],,,,,memory,"['A9274F', 'A9374F', 'A9254', 'A9654P', 'A9174F', 'A9184X', 'A9454P', 'A9554', 'A9734', 'A9474F', 'A9384X', 'A9454', 'A9634', 'A9354P', 'A9354', 'A9684X', 'A9654', 'A9124', 'A9754', 'A9554P', 'A9534', 'A9334', 'A9224']","['UCS-MRX96G2RF3', 'UCS-MRX64G2RE3', 'UCS-MRX48G1RF32', 'UCS-MRX32G1RE3', 'UCS-MR256G8RE32', 'UCS-MRX16G1RE3', 'UCS-MR128G4RE3']","['UCS-SD15TKA1X-EV', 'UCS-SD32TKA3X-EP', 'UCS-SDB3T8SA1V', 'UCS-SD19TBM3X-EP', 'UCS-SD38TKA1X-EV', 'UCS-SD240GBM1X-EV', 'UCS-SDB3T8OA1V', 'UCS-SD19T63X-EP', 'UCS-SD76TBKANK9', 'UCS-SD480GBM1X-EV', 'UCS-SD960GBM3X-EP', 'UCS-SDB7T6SA1V', 'UCS-SD16TBM1X-EV', 'UCS-SD38TBM1X-EV', 'UCS-SD76TBM1X-EV', 'UCS-SDB1T9OA1P', 'UCS-SD19TKA1X-EV', 'UCS-SD19TBM1X-EV', 'UCS-SD16TBKANK9', 'UCS-SD76TEM2NK9-D', 'UCS-SD76T6S1X-EV', 'UCS-SD480G63X-EP', 'UCS-SDB3T8OA1P', 'UCS-SD38TBKANK9-D', 'UCS-SD76TBKANK9-D', 'UCS-SD960GM2NK9-D', 'UCS-SD960G63X-EP', 'UCS-SD19T6S1X-EV', 'UCS-SD38TEM2NK9-D', 'UCS-SD480GBM3X-EP', 'UCS-SDB480OA1P', 'UCS-SD38T63X-EP', 'UCS-SD16TKA3X-EP', 'UCS-SDB960OA1P', 'UCS-SD960G6S1X-EV', 'UCS-SD76TKA1X-EV', 'UCS-SD38TBKANK9', 'UCS-SD38T6S1X-EV', 'UCS-SD16TBKANK9-D', 'UCS-SDB1T9SA1V', 'UCS-SD19TEM2NK9-D', 'UCS-SDB960OA1V', 'UCS-SDB960SA1V', 'UCS-SD960GBM1X-EV', 'UCS-SDB480OA1V']","['UCS-HD24TB10KJ4', 'UCS-HD12TB10KJ4', 'UCS-HD600G10KJ4', 'UCS-HD18TB10KJ4']",64GB,5600,2,4,DDR5,RDIMM,ECC,1.1V,STD,1,,,is_encoded,ucs-c245-m8-sff-rack-server.pdf,https://www.cisco.com/c/dam/en/us/products/collateral/servers-unified-computing/ucs-c-series-rack-servers/ucs-c245-m8-sff-rack-server.pdf,https://www.cisco.com/c/dam/en/us/products/collateral/servers-unified-computing/ucs-c-series-rack-servers/ucs-c245-m8-sff-rack-server.pdf,,,64D5ER24560011S1,2Rx4,"('1Rx4', '1Rx8', '2Rx4', '4Rx4', '8Rx4')",,,,
Cisco,UCS-MR-1X162RZ-A,Cisco UCS C3160  Rack Server,Cisco,UCS,C3160,UCS-MR-1X162RZ-A 128 GB memory: 8 x 16 GB DDR3-1866-MHz RDIMM/PC3-14900/dual rank/x4/1.5v,['16'],,,,,,memory,['E5-2600 v2'],['UCS-MR-1X162RZ-A'],,['UCS-HD4T7KS3-E'],256GB,1866,2,4,DDR3,RDIMM,ECC,1.5V,STD,6,,,is_encoded,c3160-spec-sheet.pdf,https://www.cisco.com/c/dam/en/us/products/collateral/servers-unified-computing/ucs-c-series-rack-servers/c3160-spec-sheet.pdf,https://www.cisco.com/c/dam/en/us/products/collateral/servers-unified-computing/ucs-c-series-rack-servers/c3160-spec-sheet.pdf,,,256D3ER24186615S6,2Rx4,"('2Rx4',)",,,,
Cisco,UCS-MR-1X162RZ-A,Cisco UCS C3160  Rack Server,Cisco,UCS,C3160,UCS-MR-1X162RZ-A 256 GB memory: 16 x 16GB DDR3-1866-MHz RDIMM/PC3-14900/dual rank/x4/1.5v,['16'],,,,,,memory,['E5-2600 v2'],['UCS-MR-1X162RZ-A'],,['UCS-HD4T7KS3-E'],256GB,1866,2,4,DDR3,RDIMM,ECC,1.5V,STD,6,,,is_encoded,c3160-spec-sheet.pdf,https://www.cisco.com/c/dam/en/us/products/collateral/servers-unified-computing/ucs-c-series-rack-servers/c3160-spec-sheet.pdf,https://www.cisco.com/c/dam/en/us/products/collateral/servers-unified-computing/ucs-c-series-rack-servers/c3160-spec-sheet.pdf,,,256D3ER24186615S6,2Rx4,"('2Rx4',)",,,,
Cisco,UCS-MR-1X162RZ-A,Cisco UCS C3160  Rack Server,Cisco,UCS,C3160,UCS-MR-1X162RZ-A 256 GB memory: 16 x 16 GB DDR3-1866-MHz RDIMM/PC3-14900/dual rank/x4/1.5v,['16'],,,,,,memory,['E5-2600 v2'],['UCS-MR-1X162RZ-A'],,['UCS-HD4T7KS3-E'],256GB,1866,2,4,DDR3,RDIMM,ECC,1.5V,STD,6,,,is_encoded,c3160-spec-sheet.pdf,https://www.cisco.com/c/dam/en/us/products/collateral/servers-unified-computing/ucs-c-series-rack-servers/c3160-spec-sheet.pdf,https://www.cisco.com/c/dam/en/us/products/collateral/servers-unified-computing/ucs-c-series-rack-servers/c3160-spec-sheet.pdf,,,256D3ER24186615S6,2Rx4,"('2Rx4',)",,,,
Cisco,UCS-MR-1X162RZ-A,Cisco UCS C3160  Rack Server,Cisco,UCS,C3160,UCS-MR-1X162RZ-A 128 GB memory: 8 x 16 GB DDR3-1866-MHz RDIMM/PC3-14900/dual rank/x4/1.5v,['16'],,,,,,memory,['E5-2600 v2'],['UCS-MR-1X162RZ-A'],,['UCS-HD4T7KS3-E'],256GB,1866,2,4,DDR3,RDIMM,ECC,1.5V,STD,1,,,is_encoded,c3160-spec-sheet.pdf,https://www.cisco.com/c/dam/en/us/products/collateral/servers-unified-computing/ucs-c-series-rack-servers/c3160-spec-sheet.pdf,https://www.cisco.com/c/dam/en/us/products/collateral/servers-unified-computing/ucs-c-series-rack-servers/c3160-spec-sheet.pdf,,,256D3ER24186615S1,2Rx4,"('2Rx4',)",,,,
Cisco,UCS-MR-1X162RZ-A,Cisco UCS C3160  Rack Server,Cisco,UCS,C3160,UCS-MR-1X162RZ-A 256 GB memory: 16 x 16 GB DDR3-1866-MHz RDIMM/PC3-14900/dual rank/x4/1.5v,['16'],,,,,,memory,['E5-2600 v2'],['UCS-MR-1X162RZ-A'],,['UCS-HD4T7KS3-E'],256GB,1866,2,4,DDR3,RDIMM,ECC,1.5V,STD,1,,,is_encoded,c3160-spec-sheet.pdf,https://www.cisco.com/c/dam/en/us/products/collateral/servers-unified-computing/ucs-c-series-rack-servers/c3160-spec-sheet.pdf,https://www.cisco.com/c/dam/en/us/products/collateral/servers-unified-computing/ucs-c-series-rack-servers/c3160-spec-sheet.pdf,,,256D3ER24186615S1,2Rx4,"('2Rx4',)",,,,
Cisco,UCS-MR-1X162RZ-A,Cisco UCS C3160  Rack Server,Cisco,UCS,C3160,UCS-MR-1X162RZ-A 256 GB memory: 16 x 16GB DDR3-1866-MHz RDIMM/PC3-14900/dual rank/x4/1.5v,['16'],,,,,,memory,['E5-2600 v2'],['UCS-MR-1X162RZ-A'],,['UCS-HD4T7KS3-E'],256GB,1866,2,4,DDR3,RDIMM,ECC,1.5V,STD,1,,,is_encoded,c3160-spec-sheet.pdf,https://www.cisco.com/c/dam/en/us/products/collateral/servers-unified-computing/ucs-c-series-rack-servers/c3160-spec-sheet.pdf,https://www.cisco.com/c/dam/en/us/products/collateral/servers-unified-computing/ucs-c-series-rack-servers/c3160-spec-sheet.pdf,,,256D3ER24186615S1,2Rx4,"('2Rx4',)",,,,
Cisco,UCS-MR-1X162RZ-A,Cisco UCS C3160  Rack Server,Cisco,UCS,C3160,UCS-MR-1X162RZ-A 256 GB memory: 16 x 16GB DDR3-1866-MHz RDIMM/PC3-14900/dual rank/x4/1.5v,['16'],,,,,,memory,['E5-2600 v2'],['UCS-MR-1X162RZ-A'],,['UCS-HD4T7KS3-E'],16GB,1866,2,4,DDR3,RDIMM,ECC,1.5V,STD,1,,,is_encoded,c3160-spec-sheet.pdf,https://www.cisco.com/c/dam/en/us/products/collateral/servers-unified-computing/ucs-c-series-rack-servers/c3160-spec-sheet.pdf,https://www.cisco.com/c/dam/en/us/products/collateral/servers-unified-computing/ucs-c-series-rack-servers/c3160-spec-sheet.pdf,,,16D3ER24186615S1,2Rx4,"('2Rx4',)",,,,
Cisco,UCS-MR-1X162RZ-A,Cisco UCS C3160  Rack Server,Cisco,UCS,C3160,UCS-MR-1X162RZ-A 128 GB memory: 8 x 16 GB DDR3-1866-MHz RDIMM/PC3-14900/dual rank/x4/1.5v,['16'],,,,,,memory,['E5-2600 v2'],['UCS-MR-1X162RZ-A'],,['UCS-HD4T7KS3-E'],16GB,1866,2,4,DDR3,RDIMM,ECC,1.5V,STD,1,,,is_encoded,c3160-spec-sheet.pdf,https://www.cisco.com/c/dam/en/us/products/collateral/servers-unified-computing/ucs-c-series-rack-servers/c3160-spec-sheet.pdf,https://www.cisco.com/c/dam/en/us/products/collateral/servers-unified-computing/ucs-c-series-rack-servers/c3160-spec-sheet.pdf,,,16D3ER24186615S1,2Rx4,"('2Rx4',)",,,,
Cisco,UCS-MR-1X162RZ-A,Cisco UCS C3160  Rack Server,Cisco,UCS,C3160,UCS-MR-1X162RZ-A 256 GB memory: 16 x 16 GB DDR3-1866-MHz RDIMM/PC3-14900/dual rank/x4/1.5v,['16'],,,,,,memory,['E5-2600 v2'],['UCS-MR-1X162RZ-A'],,['UCS-HD4T7KS3-E'],16GB,1866,2,4,DDR3,RDIMM,ECC,1.5V,STD,1,,,is_encoded,c3160-spec-sheet.pdf,https://www.cisco.com/c/dam/en/us/products/collateral/servers-unified-computing/ucs-c-series-rack-servers/c3160-spec-sheet.pdf,https://www.cisco.com/c/dam/en/us/products/collateral/servers-unified-computing/ucs-c-series-rack-servers/c3160-spec-sheet.pdf,,,16D3ER24186615S1,2Rx4,"('2Rx4',)",,,,
Cisco,UCS-MR-1X162RZ-A,Cisco UCS C3160  Rack Server,Cisco,UCS,C3160,UCS-MR-1X162RZ-A 256 GB memory: 16 x 16GB DDR3-1866-MHz RDIMM/PC3-14900/dual rank/x4/1.5v,['16'],,,,,,memory,['E5-2600 v2'],['UCS-MR-1X162RZ-A'],,['UCS-HD4T7KS3-E'],128GB,1866,2,4,DDR3,RDIMM,ECC,1.5V,STD,1,,,is_encoded,c3160-spec-sheet.pdf,https://www.cisco.com/c/dam/en/us/products/collateral/servers-unified-computing/ucs-c-series-rack-servers/c3160-spec-sheet.pdf,https://www.cisco.com/c/dam/en/us/products/collateral/servers-unified-computing/ucs-c-series-rack-servers/c3160-spec-sheet.pdf,,,128D3ER24186615S1,2Rx4,"('2Rx4',)",,,,
Cisco,UCS-MR-1X162RZ-A,Cisco UCS C3160  Rack Server,Cisco,UCS,C3160,UCS-MR-1X162RZ-A 256 GB memory: 16 x 16 GB DDR3-1866-MHz RDIMM/PC3-14900/dual rank/x4/1.5v,['16'],,,,,,memory,['E5-2600 v2'],['UCS-MR-1X162RZ-A'],,['UCS-HD4T7KS3-E'],128GB,1866,2,4,DDR3,RDIMM,ECC,1.5V,STD,1,,,is_encoded,c3160-spec-sheet.pdf,https://www.cisco.com/c/dam/en/us/products/collateral/servers-unified-computing/ucs-c-series-rack-servers/c3160-spec-sheet.pdf,https://www.cisco.com/c/dam/en/us/products/collateral/servers-unified-computing/ucs-c-series-rack-servers/c3160-spec-sheet.pdf,,,128D3ER24186615S1,2Rx4,"('2Rx4',)",,,,
Cisco,UCS-MR-1X162RZ-A,Cisco UCS C3160  Rack Server,Cisco,UCS,C3160,UCS-MR-1X162RZ-A 128 GB memory: 8 x 16 GB DDR3-1866-MHz RDIMM/PC3-14900/dual rank/x4/1.5v,['16'],,,,,,memory,['E5-2600 v2'],['UCS-MR-1X162RZ-A'],,['UCS-HD4T7KS3-E'],128GB,1866,2,4,DDR3,RDIMM,ECC,1.5V,STD,1,,,is_encoded,c3160-spec-sheet.pdf,https://www.cisco.com/c/dam/en/us/products/collateral/servers-unified-computing/ucs-c-series-rack-servers/c3160-spec-sheet.pdf,https://www.cisco.com/c/dam/en/us/products/collateral/servers-unified-computing/ucs-c-series-rack-servers/c3160-spec-sheet.pdf,,,128D3ER24186615S1,2Rx4,"('2Rx4',)",,,,
Cisco,UCS-MR-1X081RU-G,Cisco UCS C460 M4  Server,Cisco,UCS,C460 M4,UCS-MR-1X081RU-G 8 GB DDR4-2133/2400 MHz RDIMM/1R/x4/1.2v 1.2 1,['96'],['6TB'],,,,,memory,"['E7-8891 v4', 'E7-4809 v4', 'E7-8860 v4', 'E7-4850 v4', 'E7-8880 v4', 'E7-4820 v4', 'E7-4830', 'E7-8867 v4', 'E7-4800 v3', 'E7-8894 v4', 'E7-8890 v4', 'E7-4809', 'E7-8800 v3', 'E7-8893 v4', 'E7-4830 v4', 'E7-8870 v4', 'E7-8860']","['UCS-MR-1X322RU-G', 'UCS-MR-1X081RU-G', 'UCS-MR-1X322RUG-S', 'UCS-MR-1X162RV-A', 'UCS-MR-1X162RU-G', 'UCS-MR-1X161RV-G']","['UCS-SD16TBMS4-EV', 'UCS-SD400G0KA2-G', 'UCS-SD120GBKS4-EV', 'UCS-SD960GBMS4-EV', 'UCS-SD480GBKS4-EV', 'UCS-SD480G12S3-EP', 'UCS-SD19TBMS4-EV', 'UCS-SD800G12S4-EP', 'UCS-SD100G0KA2-G', 'UCS-SD38TBIS6-EV', 'UCS-SD38TBKS4-EV', 'UCS-SD400G0KS2-EP', 'UCS-SD960GBKS4-EV', 'UCS-SD16T12S2-EP', 'UCS-SD800G0KS2-EP', 'UCS-SD16TB12S3-EP', 'UCS-SD200G12S3-EP', 'UCS-SD16TBKS4-EV', 'UCS-SD76TBMS4-EV', 'UCS-SD480GBIS6-EV', 'UCS-SD400G12S2-EP', 'UCS-SD240GBMS4-EV', 'UCS-SD800G12S3-EP', 'UCS-SDHPCIE16TB', 'UCS-SD480G0KS2-EV', 'UCS-SD960GIKS4-EV', 'UCS-SD480GBKSS-EV', 'UCS-SD960GIS3-EP', 'UCS-SD38TBMS4-EV', 'UCS-SD480GIS3-EP', 'UCS-SD400GSAS3-EP', 'UCS-SD480GBMS4-EV', 'UCS-SD19TIS3-EP', 'UCS-SD200G0KS2-EP', 'UCS-SD16TB12S4-EP', 'UCS-SD32TSASS3-EP', 'UCS-SD120G0KS2-EV', 'UCS-SD960GBIS6-EV', 'UCS-SDHPCIE800GB', 'UCS-SD19TBKSS-EV', 'UCS-SD120GBMS4-EV', 'UCS-SD240G0KS2-EV', 'UCS-SD960G0KS2-EV', 'UCS-SD240GBKS4-EV', 'UCS-SD400G12S4-EP']","['UCS-HD18TB10KS4K1', 'UCS-HD1T7KS2-E', 'UCS-HD2T7KS4K1', 'UCS-HD1T7K12G', 'UCS-HD12TB10K12G', 'UCS-HD2T7K12G', 'UCS-HD300G15K12G', 'UCS-HD450G15KS2-E', 'UCS-HD900G10KS4K', 'UCS-HD600G15KS2-E', 'UCS-HD450G15K12G', 'UCS-HD600G15K12G', 'UCS-HD600G10KS4K', 'UCS-HD12T10KS2-E', 'UCS-HD900G15K12G', 'UCS-HDD300GI2F105', 'UCS-HD12TB10KS4K1', 'UCS-HDD900GI2F106', 'UCS-HD900G10K12G', 'UCS-HD600G15KS4K', 'UCS-HD1T7KS4K1', 'UCS-HD600G10K12G', 'UCS-HD300G10K12G']",8GB,2133,1,4,DDR4,RDIMM,ECC,1.2V,STD,1,,,is_encoded,c460m4_specsheet.pdf,https://www.cisco.com/c/dam/en/us/products/collateral/servers-unified-computing/ucs-c-series-rack-servers/c460m4_specsheet.pdf,https://www.cisco.com/c/dam/en/us/products/collateral/servers-unified-computing/ucs-c-series-rack-servers/c460m4_specsheet.pdf,,,8D4ER14213312S1,1Rx4,"('1Rx4', '2Rx4')",,,,
Cisco,UCS-MR-1X081RU-G,Cisco UCS C460 M4  Server,Cisco,UCS,C460 M4,UCS-MR-1X081RU-G 8 GB DDR4-2133/2400 MHz RDIMM/1R/x4/1.2v 1.2 1,['96'],['6TB'],,,,,memory,"['E7-8891 v4', 'E7-4809 v4', 'E7-8860 v4', 'E7-4850 v4', 'E7-8880 v4', 'E7-4820 v4', 'E7-4830', 'E7-8867 v4', 'E7-4800 v3', 'E7-8894 v4', 'E7-8890 v4', 'E7-4809', 'E7-8800 v3', 'E7-8893 v4', 'E7-4830 v4', 'E7-8870 v4', 'E7-8860']","['UCS-MR-1X322RU-G', 'UCS-MR-1X081RU-G', 'UCS-MR-1X322RUG-S', 'UCS-MR-1X162RV-A', 'UCS-MR-1X162RU-G', 'UCS-MR-1X161RV-G']","['UCS-SD16TBMS4-EV', 'UCS-SD400G0KA2-G', 'UCS-SD120GBKS4-EV', 'UCS-SD960GBMS4-EV', 'UCS-SD480GBKS4-EV', 'UCS-SD480G12S3-EP', 'UCS-SD19TBMS4-EV', 'UCS-SD800G12S4-EP', 'UCS-SD100G0KA2-G', 'UCS-SD38TBIS6-EV', 'UCS-SD38TBKS4-EV', 'UCS-SD400G0KS2-EP', 'UCS-SD960GBKS4-EV', 'UCS-SD16T12S2-EP', 'UCS-SD800G0KS2-EP', 'UCS-SD16TB12S3-EP', 'UCS-SD200G12S3-EP', 'UCS-SD16TBKS4-EV', 'UCS-SD76TBMS4-EV', 'UCS-SD480GBIS6-EV', 'UCS-SD400G12S2-EP', 'UCS-SD240GBMS4-EV', 'UCS-SD800G12S3-EP', 'UCS-SDHPCIE16TB', 'UCS-SD480G0KS2-EV', 'UCS-SD960GIKS4-EV', 'UCS-SD480GBKSS-EV', 'UCS-SD960GIS3-EP', 'UCS-SD38TBMS4-EV', 'UCS-SD480GIS3-EP', 'UCS-SD400GSAS3-EP', 'UCS-SD480GBMS4-EV', 'UCS-SD19TIS3-EP', 'UCS-SD200G0KS2-EP', 'UCS-SD16TB12S4-EP', 'UCS-SD32TSASS3-EP', 'UCS-SD120G0KS2-EV', 'UCS-SD960GBIS6-EV', 'UCS-SDHPCIE800GB', 'UCS-SD19TBKSS-EV', 'UCS-SD120GBMS4-EV', 'UCS-SD240G0KS2-EV', 'UCS-SD960G0KS2-EV', 'UCS-SD240GBKS4-EV', 'UCS-SD400G12S4-EP']","['UCS-HD18TB10KS4K1', 'UCS-HD1T7KS2-E', 'UCS-HD2T7KS4K1', 'UCS-HD1T7K12G', 'UCS-HD12TB10K12G', 'UCS-HD2T7K12G', 'UCS-HD300G15K12G', 'UCS-HD450G15KS2-E', 'UCS-HD900G10KS4K', 'UCS-HD600G15KS2-E', 'UCS-HD450G15K12G', 'UCS-HD600G15K12G', 'UCS-HD600G10KS4K', 'UCS-HD12T10KS2-E', 'UCS-HD900G15K12G', 'UCS-HDD300GI2F105', 'UCS-HD12TB10KS4K1', 'UCS-HDD900GI2F106', 'UCS-HD900G10K12G', 'UCS-HD600G15KS4K', 'UCS-HD1T7KS4K1', 'UCS-HD600G10K12G', 'UCS-HD300G10K12G']",8GB,2133,1,4,DDR4,RDIMM,ECC,1.2V,STD,1,,,is_encoded,c460m4_specsheet.pdf,https://www.cisco.com/c/dam/en/us/products/collateral/servers-unified-computing/ucs-c-series-rack-servers/c460m4_specsheet.pdf,https://www.cisco.com/c/dam/en/us/products/collateral/servers-unified-computing/ucs-c-series-rack-servers/c460m4_specsheet.pdf,,,8D4ER14213312S1,1Rx4,"('1Rx4', '2Rx4')",,,,
Cisco,UCS-MR-1X161RV-G,Cisco UCS C460 M4  Server,Cisco,UCS,C460 M4,UCS-MR-1X161RV-G 16 GB DDR4-2133MHz/2400-MHz RDIMM/single rank/x4/1.2v 1.2 1,['96'],['6TB'],,,,,memory,"['E7-8891 v4', 'E7-4809 v4', 'E7-8860 v4', 'E7-4850 v4', 'E7-8880 v4', 'E7-4820 v4', 'E7-4830', 'E7-8867 v4', 'E7-4800 v3', 'E7-8894 v4', 'E7-8890 v4', 'E7-4809', 'E7-8800 v3', 'E7-8893 v4', 'E7-4830 v4', 'E7-8870 v4', 'E7-8860']","['UCS-MR-1X322RU-G', 'UCS-MR-1X081RU-G', 'UCS-MR-1X322RUG-S', 'UCS-MR-1X162RV-A', 'UCS-MR-1X162RU-G', 'UCS-MR-1X161RV-G']","['UCS-SD16TBMS4-EV', 'UCS-SD400G0KA2-G', 'UCS-SD120GBKS4-EV', 'UCS-SD960GBMS4-EV', 'UCS-SD480GBKS4-EV', 'UCS-SD480G12S3-EP', 'UCS-SD19TBMS4-EV', 'UCS-SD800G12S4-EP', 'UCS-SD100G0KA2-G', 'UCS-SD38TBIS6-EV', 'UCS-SD38TBKS4-EV', 'UCS-SD400G0KS2-EP', 'UCS-SD960GBKS4-EV', 'UCS-SD16T12S2-EP', 'UCS-SD800G0KS2-EP', 'UCS-SD16TB12S3-EP', 'UCS-SD200G12S3-EP', 'UCS-SD16TBKS4-EV', 'UCS-SD76TBMS4-EV', 'UCS-SD480GBIS6-EV', 'UCS-SD400G12S2-EP', 'UCS-SD240GBMS4-EV', 'UCS-SD800G12S3-EP', 'UCS-SDHPCIE16TB', 'UCS-SD480G0KS2-EV', 'UCS-SD960GIKS4-EV', 'UCS-SD480GBKSS-EV', 'UCS-SD960GIS3-EP', 'UCS-SD38TBMS4-EV', 'UCS-SD480GIS3-EP', 'UCS-SD400GSAS3-EP', 'UCS-SD480GBMS4-EV', 'UCS-SD19TIS3-EP', 'UCS-SD200G0KS2-EP', 'UCS-SD16TB12S4-EP', 'UCS-SD32TSASS3-EP', 'UCS-SD120G0KS2-EV', 'UCS-SD960GBIS6-EV', 'UCS-SDHPCIE800GB', 'UCS-SD19TBKSS-EV', 'UCS-SD120GBMS4-EV', 'UCS-SD240G0KS2-EV', 'UCS-SD960G0KS2-EV', 'UCS-SD240GBKS4-EV', 'UCS-SD400G12S4-EP']","['UCS-HD18TB10KS4K1', 'UCS-HD1T7KS2-E', 'UCS-HD2T7KS4K1', 'UCS-HD1T7K12G', 'UCS-HD12TB10K12G', 'UCS-HD2T7K12G', 'UCS-HD300G15K12G', 'UCS-HD450G15KS2-E', 'UCS-HD900G10KS4K', 'UCS-HD600G15KS2-E', 'UCS-HD450G15K12G', 'UCS-HD600G15K12G', 'UCS-HD600G10KS4K', 'UCS-HD12T10KS2-E', 'UCS-HD900G15K12G', 'UCS-HDD300GI2F105', 'UCS-HD12TB10KS4K1', 'UCS-HDD900GI2F106', 'UCS-HD900G10K12G', 'UCS-HD600G15KS4K', 'UCS-HD1T7KS4K1', 'UCS-HD600G10K12G', 'UCS-HD300G10K12G']",16GB,2133,1,4,DDR4,RDIMM,ECC,1.2V,STD,1,,,is_encoded,c460m4_specsheet.pdf,https://www.cisco.com/c/dam/en/us/products/collateral/servers-unified-computing/ucs-c-series-rack-servers/c460m4_specsheet.pdf,https://www.cisco.com/c/dam/en/us/products/collateral/servers-unified-computing/ucs-c-series-rack-servers/c460m4_specsheet.pdf,,,16D4ER14213312S1,1Rx4,"('1Rx4', '2Rx4')",,,,
Cisco,UCS-MR-1X161RV-G,Cisco UCS C460 M4  Server,Cisco,UCS,C460 M4,UCS-MR-1X161RV-G 16GB DDR4-2133MHz/2400-MHz RDIMM/single rank/x4/1.2v,['96'],['6TB'],,,,,memory,"['E7-8891 v4', 'E7-4809 v4', 'E7-8860 v4', 'E7-4850 v4', 'E7-8880 v4', 'E7-4820 v4', 'E7-4830', 'E7-8867 v4', 'E7-4800 v3', 'E7-8894 v4', 'E7-8890 v4', 'E7-4809', 'E7-8800 v3', 'E7-8893 v4', 'E7-4830 v4', 'E7-8870 v4', 'E7-8860']","['UCS-MR-1X322RU-G', 'UCS-MR-1X081RU-G', 'UCS-MR-1X322RUG-S', 'UCS-MR-1X162RV-A', 'UCS-MR-1X162RU-G', 'UCS-MR-1X161RV-G']","['UCS-SD16TBMS4-EV', 'UCS-SD400G0KA2-G', 'UCS-SD120GBKS4-EV', 'UCS-SD960GBMS4-EV', 'UCS-SD480GBKS4-EV', 'UCS-SD480G12S3-EP', 'UCS-SD19TBMS4-EV', 'UCS-SD800G12S4-EP', 'UCS-SD100G0KA2-G', 'UCS-SD38TBIS6-EV', 'UCS-SD38TBKS4-EV', 'UCS-SD400G0KS2-EP', 'UCS-SD960GBKS4-EV', 'UCS-SD16T12S2-EP', 'UCS-SD800G0KS2-EP', 'UCS-SD16TB12S3-EP', 'UCS-SD200G12S3-EP', 'UCS-SD16TBKS4-EV', 'UCS-SD76TBMS4-EV', 'UCS-SD480GBIS6-EV', 'UCS-SD400G12S2-EP', 'UCS-SD240GBMS4-EV', 'UCS-SD800G12S3-EP', 'UCS-SDHPCIE16TB', 'UCS-SD480G0KS2-EV', 'UCS-SD960GIKS4-EV', 'UCS-SD480GBKSS-EV', 'UCS-SD960GIS3-EP', 'UCS-SD38TBMS4-EV', 'UCS-SD480GIS3-EP', 'UCS-SD400GSAS3-EP', 'UCS-SD480GBMS4-EV', 'UCS-SD19TIS3-EP', 'UCS-SD200G0KS2-EP', 'UCS-SD16TB12S4-EP', 'UCS-SD32TSASS3-EP', 'UCS-SD120G0KS2-EV', 'UCS-SD960GBIS6-EV', 'UCS-SDHPCIE800GB', 'UCS-SD19TBKSS-EV', 'UCS-SD120GBMS4-EV', 'UCS-SD240G0KS2-EV', 'UCS-SD960G0KS2-EV', 'UCS-SD240GBKS4-EV', 'UCS-SD400G12S4-EP']","['UCS-HD18TB10KS4K1', 'UCS-HD1T7KS2-E', 'UCS-HD2T7KS4K1', 'UCS-HD1T7K12G', 'UCS-HD12TB10K12G', 'UCS-HD2T7K12G', 'UCS-HD300G15K12G', 'UCS-HD450G15KS2-E', 'UCS-HD900G10KS4K', 'UCS-HD600G15KS2-E', 'UCS-HD450G15K12G', 'UCS-HD600G15K12G', 'UCS-HD600G10KS4K', 'UCS-HD12T10KS2-E', 'UCS-HD900G15K12G', 'UCS-HDD300GI2F105', 'UCS-HD12TB10KS4K1', 'UCS-HDD900GI2F106', 'UCS-HD900G10K12G', 'UCS-HD600G15KS4K', 'UCS-HD1T7KS4K1', 'UCS-HD600G10K12G', 'UCS-HD300G10K12G']",16GB,2133,1,4,DDR4,RDIMM,ECC,1.2V,STD,1,,,is_encoded,c460m4_specsheet.pdf,https://www.cisco.com/c/dam/en/us/products/collateral/servers-unified-computing/ucs-c-series-rack-servers/c460m4_specsheet.pdf,https://www.cisco.com/c/dam/en/us/products/collateral/servers-unified-computing/ucs-c-series-rack-servers/c460m4_specsheet.pdf,,,16D4ER14213312S1,1Rx4,"('1Rx4', '2Rx4')",,,,
Cisco,UCS-MR-1X322RU-G,Cisco UCS C460 M4  Server,Cisco,UCS,C460 M4,UCS-MR-1X322RU-G 32 GB DDR4-2133/2400-MHz RDIMM/2R/x4/1.2v 1.2 2,['96'],['6TB'],,,,,memory,"['E7-8891 v4', 'E7-4809 v4', 'E7-8860 v4', 'E7-4850 v4', 'E7-8880 v4', 'E7-4820 v4', 'E7-4830', 'E7-8867 v4', 'E7-4800 v3', 'E7-8894 v4', 'E7-8890 v4', 'E7-4809', 'E7-8800 v3', 'E7-8893 v4', 'E7-4830 v4', 'E7-8870 v4', 'E7-8860']","['UCS-MR-1X322RU-G', 'UCS-MR-1X081RU-G', 'UCS-MR-1X322RUG-S', 'UCS-MR-1X162RV-A', 'UCS-MR-1X162RU-G', 'UCS-MR-1X161RV-G']","['UCS-SD16TBMS4-EV', 'UCS-SD400G0KA2-G', 'UCS-SD120GBKS4-EV', 'UCS-SD960GBMS4-EV', 'UCS-SD480GBKS4-EV', 'UCS-SD480G12S3-EP', 'UCS-SD19TBMS4-EV', 'UCS-SD800G12S4-EP', 'UCS-SD100G0KA2-G', 'UCS-SD38TBIS6-EV', 'UCS-SD38TBKS4-EV', 'UCS-SD400G0KS2-EP', 'UCS-SD960GBKS4-EV', 'UCS-SD16T12S2-EP', 'UCS-SD800G0KS2-EP', 'UCS-SD16TB12S3-EP', 'UCS-SD200G12S3-EP', 'UCS-SD16TBKS4-EV', 'UCS-SD76TBMS4-EV', 'UCS-SD480GBIS6-EV', 'UCS-SD400G12S2-EP', 'UCS-SD240GBMS4-EV', 'UCS-SD800G12S3-EP', 'UCS-SDHPCIE16TB', 'UCS-SD480G0KS2-EV', 'UCS-SD960GIKS4-EV', 'UCS-SD480GBKSS-EV', 'UCS-SD960GIS3-EP', 'UCS-SD38TBMS4-EV', 'UCS-SD480GIS3-EP', 'UCS-SD400GSAS3-EP', 'UCS-SD480GBMS4-EV', 'UCS-SD19TIS3-EP', 'UCS-SD200G0KS2-EP', 'UCS-SD16TB12S4-EP', 'UCS-SD32TSASS3-EP', 'UCS-SD120G0KS2-EV', 'UCS-SD960GBIS6-EV', 'UCS-SDHPCIE800GB', 'UCS-SD19TBKSS-EV', 'UCS-SD120GBMS4-EV', 'UCS-SD240G0KS2-EV', 'UCS-SD960G0KS2-EV', 'UCS-SD240GBKS4-EV', 'UCS-SD400G12S4-EP']","['UCS-HD18TB10KS4K1', 'UCS-HD1T7KS2-E', 'UCS-HD2T7KS4K1', 'UCS-HD1T7K12G', 'UCS-HD12TB10K12G', 'UCS-HD2T7K12G', 'UCS-HD300G15K12G', 'UCS-HD450G15KS2-E', 'UCS-HD900G10KS4K', 'UCS-HD600G15KS2-E', 'UCS-HD450G15K12G', 'UCS-HD600G15K12G', 'UCS-HD600G10KS4K', 'UCS-HD12T10KS2-E', 'UCS-HD900G15K12G', 'UCS-HDD300GI2F105', 'UCS-HD12TB10KS4K1', 'UCS-HDD900GI2F106', 'UCS-HD900G10K12G', 'UCS-HD600G15KS4K', 'UCS-HD1T7KS4K1', 'UCS-HD600G10K12G', 'UCS-HD300G10K12G']",32GB,2133,2,4,DDR4,RDIMM,ECC,1.2V,STD,1,,,is_encoded,c460m4_specsheet.pdf,https://www.cisco.com/c/dam/en/us/products/collateral/servers-unified-computing/ucs-c-series-rack-servers/c460m4_specsheet.pdf,https://www.cisco.com/c/dam/en/us/products/collateral/servers-unified-computing/ucs-c-series-rack-servers/c460m4_specsheet.pdf,,,32D4ER24213312S1,2Rx4,"('1Rx4', '2Rx4')",,,,
Cisco,UCS-MR-1X322RUG-S,Cisco UCS C460 M4  Server,Cisco,UCS,C460 M4,UCS-MR-1X322RUG-S 32GB DDR4-2133-MHz RDIMM/PC4-17000/dual rank/x4/1.2v Samsung,['96'],['6TB'],,,,,memory,"['E7-8891 v4', 'E7-4809 v4', 'E7-8860 v4', 'E7-4850 v4', 'E7-8880 v4', 'E7-4820 v4', 'E7-4830', 'E7-8867 v4', 'E7-4800 v3', 'E7-8894 v4', 'E7-8890 v4', 'E7-4809', 'E7-8800 v3', 'E7-8893 v4', 'E7-4830 v4', 'E7-8870 v4', 'E7-8860']","['UCS-MR-1X322RU-G', 'UCS-MR-1X081RU-G', 'UCS-MR-1X322RUG-S', 'UCS-MR-1X162RV-A', 'UCS-MR-1X162RU-G', 'UCS-MR-1X161RV-G']","['UCS-SD16TBMS4-EV', 'UCS-SD400G0KA2-G', 'UCS-SD120GBKS4-EV', 'UCS-SD960GBMS4-EV', 'UCS-SD480GBKS4-EV', 'UCS-SD480G12S3-EP', 'UCS-SD19TBMS4-EV', 'UCS-SD800G12S4-EP', 'UCS-SD100G0KA2-G', 'UCS-SD38TBIS6-EV', 'UCS-SD38TBKS4-EV', 'UCS-SD400G0KS2-EP', 'UCS-SD960GBKS4-EV', 'UCS-SD16T12S2-EP', 'UCS-SD800G0KS2-EP', 'UCS-SD16TB12S3-EP', 'UCS-SD200G12S3-EP', 'UCS-SD16TBKS4-EV', 'UCS-SD76TBMS4-EV', 'UCS-SD480GBIS6-EV', 'UCS-SD400G12S2-EP', 'UCS-SD240GBMS4-EV', 'UCS-SD800G12S3-EP', 'UCS-SDHPCIE16TB', 'UCS-SD480G0KS2-EV', 'UCS-SD960GIKS4-EV', 'UCS-SD480GBKSS-EV', 'UCS-SD960GIS3-EP', 'UCS-SD38TBMS4-EV', 'UCS-SD480GIS3-EP', 'UCS-SD400GSAS3-EP', 'UCS-SD480GBMS4-EV', 'UCS-SD19TIS3-EP', 'UCS-SD200G0KS2-EP', 'UCS-SD16TB12S4-EP', 'UCS-SD32TSASS3-EP', 'UCS-SD120G0KS2-EV', 'UCS-SD960GBIS6-EV', 'UCS-SDHPCIE800GB', 'UCS-SD19TBKSS-EV', 'UCS-SD120GBMS4-EV', 'UCS-SD240G0KS2-EV', 'UCS-SD960G0KS2-EV', 'UCS-SD240GBKS4-EV', 'UCS-SD400G12S4-EP']","['UCS-HD18TB10KS4K1', 'UCS-HD1T7KS2-E', 'UCS-HD2T7KS4K1', 'UCS-HD1T7K12G', 'UCS-HD12TB10K12G', 'UCS-HD2T7K12G', 'UCS-HD300G15K12G', 'UCS-HD450G15KS2-E', 'UCS-HD900G10KS4K', 'UCS-HD600G15KS2-E', 'UCS-HD450G15K12G', 'UCS-HD600G15K12G', 'UCS-HD600G10KS4K', 'UCS-HD12T10KS2-E', 'UCS-HD900G15K12G', 'UCS-HDD300GI2F105', 'UCS-HD12TB10KS4K1', 'UCS-HDD900GI2F106', 'UCS-HD900G10K12G', 'UCS-HD600G15KS4K', 'UCS-HD1T7KS4K1', 'UCS-HD600G10K12G', 'UCS-HD300G10K12G']",32GB,2133,2,4,DDR4,RDIMM,ECC,1.2V,STD,1,,,is_encoded,c460m4_specsheet.pdf,https://www.cisco.com/c/dam/en/us/products/collateral/servers-unified-computing/ucs-c-series-rack-servers/c460m4_specsheet.pdf,https://www.cisco.com/c/dam/en/us/products/collateral/servers-unified-computing/ucs-c-series-rack-servers/c460m4_specsheet.pdf,,,32D4ER24213312S1,2Rx4,"('1Rx4', '2Rx4')",,,,
Cisco,UCS-MR-1X322RU-G,Cisco UCS C460 M4  Server,Cisco,UCS,C460 M4,UCS-MR-1X322RU-G 1 Notes . . . 1. 2133MHz and 2400MHz are interchangeable and can be mixed in the same server.32 GB DDR4-2133/2400-MHz RDIMM/2R/x4/1.2v 1.2 2,['96'],['6TB'],,,,,memory,"['E7-8891 v4', 'E7-4809 v4', 'E7-8860 v4', 'E7-4850 v4', 'E7-8880 v4', 'E7-4820 v4', 'E7-4830', 'E7-8867 v4', 'E7-4800 v3', 'E7-8894 v4', 'E7-8890 v4', 'E7-4809', 'E7-8800 v3', 'E7-8893 v4', 'E7-4830 v4', 'E7-8870 v4', 'E7-8860']","['UCS-MR-1X322RU-G', 'UCS-MR-1X081RU-G', 'UCS-MR-1X322RUG-S', 'UCS-MR-1X162RV-A', 'UCS-MR-1X162RU-G', 'UCS-MR-1X161RV-G']","['UCS-SD16TBMS4-EV', 'UCS-SD400G0KA2-G', 'UCS-SD120GBKS4-EV', 'UCS-SD960GBMS4-EV', 'UCS-SD480GBKS4-EV', 'UCS-SD480G12S3-EP', 'UCS-SD19TBMS4-EV', 'UCS-SD800G12S4-EP', 'UCS-SD100G0KA2-G', 'UCS-SD38TBIS6-EV', 'UCS-SD38TBKS4-EV', 'UCS-SD400G0KS2-EP', 'UCS-SD960GBKS4-EV', 'UCS-SD16T12S2-EP', 'UCS-SD800G0KS2-EP', 'UCS-SD16TB12S3-EP', 'UCS-SD200G12S3-EP', 'UCS-SD16TBKS4-EV', 'UCS-SD76TBMS4-EV', 'UCS-SD480GBIS6-EV', 'UCS-SD400G12S2-EP', 'UCS-SD240GBMS4-EV', 'UCS-SD800G12S3-EP', 'UCS-SDHPCIE16TB', 'UCS-SD480G0KS2-EV', 'UCS-SD960GIKS4-EV', 'UCS-SD480GBKSS-EV', 'UCS-SD960GIS3-EP', 'UCS-SD38TBMS4-EV', 'UCS-SD480GIS3-EP', 'UCS-SD400GSAS3-EP', 'UCS-SD480GBMS4-EV', 'UCS-SD19TIS3-EP', 'UCS-SD200G0KS2-EP', 'UCS-SD16TB12S4-EP', 'UCS-SD32TSASS3-EP', 'UCS-SD120G0KS2-EV', 'UCS-SD960GBIS6-EV', 'UCS-SDHPCIE800GB', 'UCS-SD19TBKSS-EV', 'UCS-SD120GBMS4-EV', 'UCS-SD240G0KS2-EV', 'UCS-SD960G0KS2-EV', 'UCS-SD240GBKS4-EV', 'UCS-SD400G12S4-EP']","['UCS-HD18TB10KS4K1', 'UCS-HD1T7KS2-E', 'UCS-HD2T7KS4K1', 'UCS-HD1T7K12G', 'UCS-HD12TB10K12G', 'UCS-HD2T7K12G', 'UCS-HD300G15K12G', 'UCS-HD450G15KS2-E', 'UCS-HD900G10KS4K', 'UCS-HD600G15KS2-E', 'UCS-HD450G15K12G', 'UCS-HD600G15K12G', 'UCS-HD600G10KS4K', 'UCS-HD12T10KS2-E', 'UCS-HD900G15K12G', 'UCS-HDD300GI2F105', 'UCS-HD12TB10KS4K1', 'UCS-HDD900GI2F106', 'UCS-HD900G10K12G', 'UCS-HD600G15KS4K', 'UCS-HD1T7KS4K1', 'UCS-HD600G10K12G', 'UCS-HD300G10K12G']",32GB,2133,2,4,DDR4,RDIMM,ECC,1.2V,STD,1,,,is_encoded,c460m4_specsheet.pdf,https://www.cisco.com/c/dam/en/us/products/collateral/servers-unified-computing/ucs-c-series-rack-servers/c460m4_specsheet.pdf,https://www.cisco.com/c/dam/en/us/products/collateral/servers-unified-computing/ucs-c-series-rack-servers/c460m4_specsheet.pdf,,,32D4ER24213312S1,2Rx4,"('1Rx4', '2Rx4')",,,,
Cisco,UCS-MR-1X162RV-A,Cisco UCS C460 M4  Server,Cisco,UCS,C460 M4,UCS-MR-1X162RV-A 16GB DDR4-2400-MHz RDIMM/PC4-19200/dual rank/x4/1.2v,['96'],['6TB'],,,,,memory,"['E7-8891 v4', 'E7-4809 v4', 'E7-8860 v4', 'E7-4850 v4', 'E7-8880 v4', 'E7-4820 v4', 'E7-4830', 'E7-8867 v4', 'E7-4800 v3', 'E7-8894 v4', 'E7-8890 v4', 'E7-4809', 'E7-8800 v3', 'E7-8893 v4', 'E7-4830 v4', 'E7-8870 v4', 'E7-8860']","['UCS-MR-1X322RU-G', 'UCS-MR-1X081RU-G', 'UCS-MR-1X322RUG-S', 'UCS-MR-1X162RV-A', 'UCS-MR-1X162RU-G', 'UCS-MR-1X161RV-G']","['UCS-SD16TBMS4-EV', 'UCS-SD400G0KA2-G', 'UCS-SD120GBKS4-EV', 'UCS-SD960GBMS4-EV', 'UCS-SD480GBKS4-EV', 'UCS-SD480G12S3-EP', 'UCS-SD19TBMS4-EV', 'UCS-SD800G12S4-EP', 'UCS-SD100G0KA2-G', 'UCS-SD38TBIS6-EV', 'UCS-SD38TBKS4-EV', 'UCS-SD400G0KS2-EP', 'UCS-SD960GBKS4-EV', 'UCS-SD16T12S2-EP', 'UCS-SD800G0KS2-EP', 'UCS-SD16TB12S3-EP', 'UCS-SD200G12S3-EP', 'UCS-SD16TBKS4-EV', 'UCS-SD76TBMS4-EV', 'UCS-SD480GBIS6-EV', 'UCS-SD400G12S2-EP', 'UCS-SD240GBMS4-EV', 'UCS-SD800G12S3-EP', 'UCS-SDHPCIE16TB', 'UCS-SD480G0KS2-EV', 'UCS-SD960GIKS4-EV', 'UCS-SD480GBKSS-EV', 'UCS-SD960GIS3-EP', 'UCS-SD38TBMS4-EV', 'UCS-SD480GIS3-EP', 'UCS-SD400GSAS3-EP', 'UCS-SD480GBMS4-EV', 'UCS-SD19TIS3-EP', 'UCS-SD200G0KS2-EP', 'UCS-SD16TB12S4-EP', 'UCS-SD32TSASS3-EP', 'UCS-SD120G0KS2-EV', 'UCS-SD960GBIS6-EV', 'UCS-SDHPCIE800GB', 'UCS-SD19TBKSS-EV', 'UCS-SD120GBMS4-EV', 'UCS-SD240G0KS2-EV', 'UCS-SD960G0KS2-EV', 'UCS-SD240GBKS4-EV', 'UCS-SD400G12S4-EP']","['UCS-HD18TB10KS4K1', 'UCS-HD1T7KS2-E', 'UCS-HD2T7KS4K1', 'UCS-HD1T7K12G', 'UCS-HD12TB10K12G', 'UCS-HD2T7K12G', 'UCS-HD300G15K12G', 'UCS-HD450G15KS2-E', 'UCS-HD900G10KS4K', 'UCS-HD600G15KS2-E', 'UCS-HD450G15K12G', 'UCS-HD600G15K12G', 'UCS-HD600G10KS4K', 'UCS-HD12T10KS2-E', 'UCS-HD900G15K12G', 'UCS-HDD300GI2F105', 'UCS-HD12TB10KS4K1', 'UCS-HDD900GI2F106', 'UCS-HD900G10K12G', 'UCS-HD600G15KS4K', 'UCS-HD1T7KS4K1', 'UCS-HD600G10K12G', 'UCS-HD300G10K12G']",16GB,2400,2,4,DDR4,RDIMM,ECC,1.2V,STD,1,,,is_encoded,c460m4_specsheet.pdf,https://www.cisco.com/c/dam/en/us/products/collateral/servers-unified-computing/ucs-c-series-rack-servers/c460m4_specsheet.pdf,https://www.cisco.com/c/dam/en/us/products/collateral/servers-unified-computing/ucs-c-series-rack-servers/c460m4_specsheet.pdf,,,16D4ER24240012S1,2Rx4,"('1Rx4', '2Rx4')",,,,
Cisco,UCS-MR-1X162RU-G,Cisco UCS C460 M4  Server,Cisco,UCS,C460 M4,UCS-MR-1X162RU-G 16 GB DDR4-2133/2400 MHz RDIMM/2R/x4/1.2v 1.2 2,['96'],['6TB'],,,,,memory,"['E7-8891 v4', 'E7-4809 v4', 'E7-8860 v4', 'E7-4850 v4', 'E7-8880 v4', 'E7-4820 v4', 'E7-4830', 'E7-8867 v4', 'E7-4800 v3', 'E7-8894 v4', 'E7-8890 v4', 'E7-4809', 'E7-8800 v3', 'E7-8893 v4', 'E7-4830 v4', 'E7-8870 v4', 'E7-8860']","['UCS-MR-1X322RU-G', 'UCS-MR-1X081RU-G', 'UCS-MR-1X322RUG-S', 'UCS-MR-1X162RV-A', 'UCS-MR-1X162RU-G', 'UCS-MR-1X161RV-G']","['UCS-SD16TBMS4-EV', 'UCS-SD400G0KA2-G', 'UCS-SD120GBKS4-EV', 'UCS-SD960GBMS4-EV', 'UCS-SD480GBKS4-EV', 'UCS-SD480G12S3-EP', 'UCS-SD19TBMS4-EV', 'UCS-SD800G12S4-EP', 'UCS-SD100G0KA2-G', 'UCS-SD38TBIS6-EV', 'UCS-SD38TBKS4-EV', 'UCS-SD400G0KS2-EP', 'UCS-SD960GBKS4-EV', 'UCS-SD16T12S2-EP', 'UCS-SD800G0KS2-EP', 'UCS-SD16TB12S3-EP', 'UCS-SD200G12S3-EP', 'UCS-SD16TBKS4-EV', 'UCS-SD76TBMS4-EV', 'UCS-SD480GBIS6-EV', 'UCS-SD400G12S2-EP', 'UCS-SD240GBMS4-EV', 'UCS-SD800G12S3-EP', 'UCS-SDHPCIE16TB', 'UCS-SD480G0KS2-EV', 'UCS-SD960GIKS4-EV', 'UCS-SD480GBKSS-EV', 'UCS-SD960GIS3-EP', 'UCS-SD38TBMS4-EV', 'UCS-SD480GIS3-EP', 'UCS-SD400GSAS3-EP', 'UCS-SD480GBMS4-EV', 'UCS-SD19TIS3-EP', 'UCS-SD200G0KS2-EP', 'UCS-SD16TB12S4-EP', 'UCS-SD32TSASS3-EP', 'UCS-SD120G0KS2-EV', 'UCS-SD960GBIS6-EV', 'UCS-SDHPCIE800GB', 'UCS-SD19TBKSS-EV', 'UCS-SD120GBMS4-EV', 'UCS-SD240G0KS2-EV', 'UCS-SD960G0KS2-EV', 'UCS-SD240GBKS4-EV', 'UCS-SD400G12S4-EP']","['UCS-HD18TB10KS4K1', 'UCS-HD1T7KS2-E', 'UCS-HD2T7KS4K1', 'UCS-HD1T7K12G', 'UCS-HD12TB10K12G', 'UCS-HD2T7K12G', 'UCS-HD300G15K12G', 'UCS-HD450G15KS2-E', 'UCS-HD900G10KS4K', 'UCS-HD600G15KS2-E', 'UCS-HD450G15K12G', 'UCS-HD600G15K12G', 'UCS-HD600G10KS4K', 'UCS-HD12T10KS2-E', 'UCS-HD900G15K12G', 'UCS-HDD300GI2F105', 'UCS-HD12TB10KS4K1', 'UCS-HDD900GI2F106', 'UCS-HD900G10K12G', 'UCS-HD600G15KS4K', 'UCS-HD1T7KS4K1', 'UCS-HD600G10K12G', 'UCS-HD300G10K12G']",16GB,2133,2,4,DDR4,RDIMM,ECC,1.2V,STD,1,,,is_encoded,c460m4_specsheet.pdf,https://www.cisco.com/c/dam/en/us/products/collateral/servers-unified-computing/ucs-c-series-rack-servers/c460m4_specsheet.pdf,https://www.cisco.com/c/dam/en/us/products/collateral/servers-unified-computing/ucs-c-series-rack-servers/c460m4_specsheet.pdf,,,16D4ER24213312S1,2Rx4,"('1Rx4', '2Rx4')",,,,
Cisco,UCS-MR-1X162RU-G,Cisco UCS C460 M4  Server,Cisco,UCS,C460 M4,UCS-MR-1X162RU-G 16 GB DDR4-2133/2400 MHz RDIMM/2R/x4/1.2v 1.2 2,['96'],['6TB'],,,,,memory,"['E7-8891 v4', 'E7-4809 v4', 'E7-8860 v4', 'E7-4850 v4', 'E7-8880 v4', 'E7-4820 v4', 'E7-4830', 'E7-8867 v4', 'E7-4800 v3', 'E7-8894 v4', 'E7-8890 v4', 'E7-4809', 'E7-8800 v3', 'E7-8893 v4', 'E7-4830 v4', 'E7-8870 v4', 'E7-8860']","['UCS-MR-1X322RU-G', 'UCS-MR-1X081RU-G', 'UCS-MR-1X322RUG-S', 'UCS-MR-1X162RV-A', 'UCS-MR-1X162RU-G', 'UCS-MR-1X161RV-G']","['UCS-SD16TBMS4-EV', 'UCS-SD400G0KA2-G', 'UCS-SD120GBKS4-EV', 'UCS-SD960GBMS4-EV', 'UCS-SD480GBKS4-EV', 'UCS-SD480G12S3-EP', 'UCS-SD19TBMS4-EV', 'UCS-SD800G12S4-EP', 'UCS-SD100G0KA2-G', 'UCS-SD38TBIS6-EV', 'UCS-SD38TBKS4-EV', 'UCS-SD400G0KS2-EP', 'UCS-SD960GBKS4-EV', 'UCS-SD16T12S2-EP', 'UCS-SD800G0KS2-EP', 'UCS-SD16TB12S3-EP', 'UCS-SD200G12S3-EP', 'UCS-SD16TBKS4-EV', 'UCS-SD76TBMS4-EV', 'UCS-SD480GBIS6-EV', 'UCS-SD400G12S2-EP', 'UCS-SD240GBMS4-EV', 'UCS-SD800G12S3-EP', 'UCS-SDHPCIE16TB', 'UCS-SD480G0KS2-EV', 'UCS-SD960GIKS4-EV', 'UCS-SD480GBKSS-EV', 'UCS-SD960GIS3-EP', 'UCS-SD38TBMS4-EV', 'UCS-SD480GIS3-EP', 'UCS-SD400GSAS3-EP', 'UCS-SD480GBMS4-EV', 'UCS-SD19TIS3-EP', 'UCS-SD200G0KS2-EP', 'UCS-SD16TB12S4-EP', 'UCS-SD32TSASS3-EP', 'UCS-SD120G0KS2-EV', 'UCS-SD960GBIS6-EV', 'UCS-SDHPCIE800GB', 'UCS-SD19TBKSS-EV', 'UCS-SD120GBMS4-EV', 'UCS-SD240G0KS2-EV', 'UCS-SD960G0KS2-EV', 'UCS-SD240GBKS4-EV', 'UCS-SD400G12S4-EP']","['UCS-HD18TB10KS4K1', 'UCS-HD1T7KS2-E', 'UCS-HD2T7KS4K1', 'UCS-HD1T7K12G', 'UCS-HD12TB10K12G', 'UCS-HD2T7K12G', 'UCS-HD300G15K12G', 'UCS-HD450G15KS2-E', 'UCS-HD900G10KS4K', 'UCS-HD600G15KS2-E', 'UCS-HD450G15K12G', 'UCS-HD600G15K12G', 'UCS-HD600G10KS4K', 'UCS-HD12T10KS2-E', 'UCS-HD900G15K12G', 'UCS-HDD300GI2F105', 'UCS-HD12TB10KS4K1', 'UCS-HDD900GI2F106', 'UCS-HD900G10K12G', 'UCS-HD600G15KS4K', 'UCS-HD1T7KS4K1', 'UCS-HD600G10K12G', 'UCS-HD300G10K12G']",16GB,2133,2,4,DDR4,RDIMM,ECC,1.2V,STD,1,,,is_encoded,c460m4_specsheet.pdf,https://www.cisco.com/c/dam/en/us/products/collateral/servers-unified-computing/ucs-c-series-rack-servers/c460m4_specsheet.pdf,https://www.cisco.com/c/dam/en/us/products/collateral/servers-unified-computing/ucs-c-series-rack-servers/c460m4_specsheet.pdf,,,16D4ER24213312S1,2Rx4,"('1Rx4', '2Rx4')",,,,
Cisco,UCS-MR-X16G1RW,Cisco UCS C480 M5,Cisco,UCS,C480 M5,UCS-MR-X16G1RW2 16 GB DDR4-3200MHz RDIMM 1Rx4 (8Gb) 1.2 V 1 Intel® Optane™ Persistent,['24'],,,,,,memory,,"['UCS-MR-X64G2RW2', 'UCS-MR-X32G2RT-H', 'UCS-MR-X64G2RW', 'UCS-MR-X16G1RW2', 'UCS-MR-X64G2RT-H1', 'UCS-MR-X16G1RT-H1', 'UCS-MR-X32G2RT-H1', 'UCS-MR-X32G2RW2', 'UCS-MR-X16G1RT-H', 'UCS-MR-X64G2RT-H', 'UCS-MR-X32G2RW', 'UCS-MR-X16G1RW']",,,16GB,3200,1,4,DDR4,RDIMM,ECC,1.2V,STD,1,,,is_encoded,c480-memory-guide.pdf,https://www.cisco.com/c/dam/en/us/products/collateral/servers-unified-computing/ucs-c-series-rack-servers/c480-memory-guide.pdf,https://www.cisco.com/c/dam/en/us/products/collateral/servers-unified-computing/ucs-c-series-rack-servers/c480-memory-guide.pdf,,,16D4ER14320012S1,1Rx4,"('1Rx4', '2Rx4')",,,,
Cisco,UCS-MR-X16G1RW,Cisco UCS C480 M5,Cisco,UCS,C480 M5,UCS-MR-X16G1RW 16GB DDR4-3200MHz RDIMM 1Rx4 (8Gb)/1.2v,['24'],,,,,,memory,,"['UCS-MR-X64G2RW2', 'UCS-MR-X32G2RT-H', 'UCS-MR-X64G2RW', 'UCS-MR-X16G1RW2', 'UCS-MR-X64G2RT-H1', 'UCS-MR-X16G1RT-H1', 'UCS-MR-X32G2RT-H1', 'UCS-MR-X32G2RW2', 'UCS-MR-X16G1RT-H', 'UCS-MR-X64G2RT-H', 'UCS-MR-X32G2RW', 'UCS-MR-X16G1RW']",,,16GB,3200,1,4,DDR4,RDIMM,ECC,1.2V,STD,1,,,is_encoded,c480-memory-guide.pdf,https://www.cisco.com/c/dam/en/us/products/collateral/servers-unified-computing/ucs-c-series-rack-servers/c480-memory-guide.pdf,https://www.cisco.com/c/dam/en/us/products/collateral/servers-unified-computing/ucs-c-series-rack-servers/c480-memory-guide.pdf,,,16D4ER14320012S1,1Rx4,"('1Rx4', '2Rx4')",,,,
Cisco,UCS-MR-X16G1RT-H,Cisco UCS C480 M5,Cisco,UCS,C480 M5,UCS-MR-X16G1RT-H1 16 GB DDR4-2933MHz RDIMM/1Rx4 (8Gb) 1.2 V 1,['24'],,,,,,memory,,"['UCS-MR-X64G2RW2', 'UCS-MR-X32G2RT-H', 'UCS-MR-X64G2RW', 'UCS-MR-X16G1RW2', 'UCS-MR-X64G2RT-H1', 'UCS-MR-X16G1RT-H1', 'UCS-MR-X32G2RT-H1', 'UCS-MR-X32G2RW2', 'UCS-MR-X16G1RT-H', 'UCS-MR-X64G2RT-H', 'UCS-MR-X32G2RW', 'UCS-MR-X16G1RW']",,,16GB,2933,1,4,DDR4,RDIMM,ECC,1.2V,STD,1,,,is_encoded,c480-memory-guide.pdf,https://www.cisco.com/c/dam/en/us/products/collateral/servers-unified-computing/ucs-c-series-rack-servers/c480-memory-guide.pdf,https://www.cisco.com/c/dam/en/us/products/collateral/servers-unified-computing/ucs-c-series-rack-servers/c480-memory-guide.pdf,,,16D4ER14293312S1,1Rx4,"('1Rx4', '2Rx4')",,,,
Cisco,UCS-MR-X16G1RT-H,Cisco UCS C480 M5,Cisco,UCS,C480 M5,UCS-MR-X16G1RT-H 16GB DDR4-2933MHz RDIMM 1Rx4 (8Gb)/1.2v,['24'],,,,,,memory,,"['UCS-MR-X64G2RW2', 'UCS-MR-X32G2RT-H', 'UCS-MR-X64G2RW', 'UCS-MR-X16G1RW2', 'UCS-MR-X64G2RT-H1', 'UCS-MR-X16G1RT-H1', 'UCS-MR-X32G2RT-H1', 'UCS-MR-X32G2RW2', 'UCS-MR-X16G1RT-H', 'UCS-MR-X64G2RT-H', 'UCS-MR-X32G2RW', 'UCS-MR-X16G1RW']",,,16GB,2933,1,4,DDR4,RDIMM,ECC,1.2V,STD,1,,,is_encoded,c480-memory-guide.pdf,https://www.cisco.com/c/dam/en/us/products/collateral/servers-unified-computing/ucs-c-series-rack-servers/c480-memory-guide.pdf,https://www.cisco.com/c/dam/en/us/products/collateral/servers-unified-computing/ucs-c-series-rack-servers/c480-memory-guide.pdf,,,16D4ER14293312S1,1Rx4,"('1Rx4', '2Rx4')",,,,
Cisco,UCS-MR-X64G2RW,Cisco UCS C480 M5,Cisco,UCS,C480 M5,UCS-MR-X64G2RW 164GB DDR4-3200MHz RDIMM 2Rx4 (16Gb)/1.2v,['24'],,,,,,memory,,"['UCS-MR-X64G2RW2', 'UCS-MR-X32G2RT-H', 'UCS-MR-X64G2RW', 'UCS-MR-X16G1RW2', 'UCS-MR-X64G2RT-H1', 'UCS-MR-X16G1RT-H1', 'UCS-MR-X32G2RT-H1', 'UCS-MR-X32G2RW2', 'UCS-MR-X16G1RT-H', 'UCS-MR-X64G2RT-H', 'UCS-MR-X32G2RW', 'UCS-MR-X16G1RW']",,,64GB,3200,2,4,DDR4,RDIMM,ECC,1.2V,STD,1,,,is_encoded,c480-memory-guide.pdf,https://www.cisco.com/c/dam/en/us/products/collateral/servers-unified-computing/ucs-c-series-rack-servers/c480-memory-guide.pdf,https://www.cisco.com/c/dam/en/us/products/collateral/servers-unified-computing/ucs-c-series-rack-servers/c480-memory-guide.pdf,,,64D4ER24320012S1,2Rx4,"('1Rx4', '2Rx4')",,,,
Cisco,UCS-MR-X64G2RW,Cisco UCS C480 M5,Cisco,UCS,C480 M5,UCS-MR-X64G2RW2 64 GB DDR4-3200MHz RDIMM 2Rx4 (16Gb) 1.2 V 2,['24'],,,,,,memory,,"['UCS-MR-X64G2RW2', 'UCS-MR-X32G2RT-H', 'UCS-MR-X64G2RW', 'UCS-MR-X16G1RW2', 'UCS-MR-X64G2RT-H1', 'UCS-MR-X16G1RT-H1', 'UCS-MR-X32G2RT-H1', 'UCS-MR-X32G2RW2', 'UCS-MR-X16G1RT-H', 'UCS-MR-X64G2RT-H', 'UCS-MR-X32G2RW', 'UCS-MR-X16G1RW']",,,64GB,3200,2,4,DDR4,RDIMM,ECC,1.2V,STD,1,,,is_encoded,c480-memory-guide.pdf,https://www.cisco.com/c/dam/en/us/products/collateral/servers-unified-computing/ucs-c-series-rack-servers/c480-memory-guide.pdf,https://www.cisco.com/c/dam/en/us/products/collateral/servers-unified-computing/ucs-c-series-rack-servers/c480-memory-guide.pdf,,,64D4ER24320012S1,2Rx4,"('1Rx4', '2Rx4')",,,,
Cisco,UCS-MR-X64G2RW,Cisco UCS C480 M5,Cisco,UCS,C480 M5,UCS-MR-X64G2RW 64GB DDR4-3200MHz RDIMM 2Rx4 (16Gb)/1.2v,['24'],,,,,,memory,,"['UCS-MR-X64G2RW2', 'UCS-MR-X32G2RT-H', 'UCS-MR-X64G2RW', 'UCS-MR-X16G1RW2', 'UCS-MR-X64G2RT-H1', 'UCS-MR-X16G1RT-H1', 'UCS-MR-X32G2RT-H1', 'UCS-MR-X32G2RW2', 'UCS-MR-X16G1RT-H', 'UCS-MR-X64G2RT-H', 'UCS-MR-X32G2RW', 'UCS-MR-X16G1RW']",,,64GB,3200,2,4,DDR4,RDIMM,ECC,1.2V,STD,1,,,is_encoded,c480-memory-guide.pdf,https://www.cisco.com/c/dam/en/us/products/collateral/servers-unified-computing/ucs-c-series-rack-servers/c480-memory-guide.pdf,https://www.cisco.com/c/dam/en/us/products/collateral/servers-unified-computing/ucs-c-series-rack-servers/c480-memory-guide.pdf,,,64D4ER24320012S1,2Rx4,"('1Rx4', '2Rx4')",,,,
Cisco,UCS-MR-X64G2RT-H,Cisco UCS C480 M5,Cisco,UCS,C480 M5,UCS-MR-X64G2RT-H 64GB DDR4-2933MHz RDIMM 2Rx4 (16Gb)/1.2v,['24'],,,,,,memory,,"['UCS-MR-X64G2RW2', 'UCS-MR-X32G2RT-H', 'UCS-MR-X64G2RW', 'UCS-MR-X16G1RW2', 'UCS-MR-X64G2RT-H1', 'UCS-MR-X16G1RT-H1', 'UCS-MR-X32G2RT-H1', 'UCS-MR-X32G2RW2', 'UCS-MR-X16G1RT-H', 'UCS-MR-X64G2RT-H', 'UCS-MR-X32G2RW', 'UCS-MR-X16G1RW']",,,64GB,2933,2,4,DDR4,RDIMM,ECC,1.2V,STD,1,,,is_encoded,c480-memory-guide.pdf,https://www.cisco.com/c/dam/en/us/products/collateral/servers-unified-computing/ucs-c-series-rack-servers/c480-memory-guide.pdf,https://www.cisco.com/c/dam/en/us/products/collateral/servers-unified-computing/ucs-c-series-rack-servers/c480-memory-guide.pdf,,,64D4ER24293312S1,2Rx4,"('1Rx4', '2Rx4')",,,,
Cisco,UCS-MR-X64G2RT-H,Cisco UCS C480 M5,Cisco,UCS,C480 M5,UCS-MR-X64G2RT-H1 64 GB DDR4-2933MHz RDIMM/2Rx4 (16Gb) 1.2 V 2,['24'],,,,,,memory,,"['UCS-MR-X64G2RW2', 'UCS-MR-X32G2RT-H', 'UCS-MR-X64G2RW', 'UCS-MR-X16G1RW2', 'UCS-MR-X64G2RT-H1', 'UCS-MR-X16G1RT-H1', 'UCS-MR-X32G2RT-H1', 'UCS-MR-X32G2RW2', 'UCS-MR-X16G1RT-H', 'UCS-MR-X64G2RT-H', 'UCS-MR-X32G2RW', 'UCS-MR-X16G1RW']",,,64GB,2933,2,4,DDR4,RDIMM,ECC,1.2V,STD,1,,,is_encoded,c480-memory-guide.pdf,https://www.cisco.com/c/dam/en/us/products/collateral/servers-unified-computing/ucs-c-series-rack-servers/c480-memory-guide.pdf,https://www.cisco.com/c/dam/en/us/products/collateral/servers-unified-computing/ucs-c-series-rack-servers/c480-memory-guide.pdf,,,64D4ER24293312S1,2Rx4,"('1Rx4', '2Rx4')",,,,
Cisco,UCS-MR-X32G2RW,Cisco UCS C480 M5,Cisco,UCS,C480 M5,UCS-MR-X32G2RW2 32 GB DDR4-3200MHz RDIMM 2Rx4 (8Gb) 1.2 V 2,['24'],,,,,,memory,,"['UCS-MR-X64G2RW2', 'UCS-MR-X32G2RT-H', 'UCS-MR-X64G2RW', 'UCS-MR-X16G1RW2', 'UCS-MR-X64G2RT-H1', 'UCS-MR-X16G1RT-H1', 'UCS-MR-X32G2RT-H1', 'UCS-MR-X32G2RW2', 'UCS-MR-X16G1RT-H', 'UCS-MR-X64G2RT-H', 'UCS-MR-X32G2RW', 'UCS-MR-X16G1RW']",,,32GB,3200,2,4,DDR4,RDIMM,ECC,1.2V,STD,1,,,is_encoded,c480-memory-guide.pdf,https://www.cisco.com/c/dam/en/us/products/collateral/servers-unified-computing/ucs-c-series-rack-servers/c480-memory-guide.pdf,https://www.cisco.com/c/dam/en/us/products/collateral/servers-unified-computing/ucs-c-series-rack-servers/c480-memory-guide.pdf,,,32D4ER24320012S1,2Rx4,"('1Rx4', '2Rx4')",,,,
Cisco,UCS-MR-X32G2RW,Cisco UCS C480 M5,Cisco,UCS,C480 M5,UCS-MR-X32G2RW 32GB DDR4-3200MHz RDIMM 2Rx4 (8Gb)/1.2v,['24'],,,,,,memory,,"['UCS-MR-X64G2RW2', 'UCS-MR-X32G2RT-H', 'UCS-MR-X64G2RW', 'UCS-MR-X16G1RW2', 'UCS-MR-X64G2RT-H1', 'UCS-MR-X16G1RT-H1', 'UCS-MR-X32G2RT-H1', 'UCS-MR-X32G2RW2', 'UCS-MR-X16G1RT-H', 'UCS-MR-X64G2RT-H', 'UCS-MR-X32G2RW', 'UCS-MR-X16G1RW']",,,32GB,3200,2,4,DDR4,RDIMM,ECC,1.2V,STD,1,,,is_encoded,c480-memory-guide.pdf,https://www.cisco.com/c/dam/en/us/products/collateral/servers-unified-computing/ucs-c-series-rack-servers/c480-memory-guide.pdf,https://www.cisco.com/c/dam/en/us/products/collateral/servers-unified-computing/ucs-c-series-rack-servers/c480-memory-guide.pdf,,,32D4ER24320012S1,2Rx4,"('1Rx4', '2Rx4')",,,,
Cisco,UCS-MR-X32G2RT-H,Cisco UCS C480 M5,Cisco,UCS,C480 M5,UCS-MR-X32G2RT-H 32GB DDR4-2933MHz RDIMM 2Rx4 (8Gb)/1.2v,['24'],,,,,,memory,,"['UCS-MR-X64G2RW2', 'UCS-MR-X32G2RT-H', 'UCS-MR-X64G2RW', 'UCS-MR-X16G1RW2', 'UCS-MR-X64G2RT-H1', 'UCS-MR-X16G1RT-H1', 'UCS-MR-X32G2RT-H1', 'UCS-MR-X32G2RW2', 'UCS-MR-X16G1RT-H', 'UCS-MR-X64G2RT-H', 'UCS-MR-X32G2RW', 'UCS-MR-X16G1RW']",,,32GB,2933,2,4,DDR4,RDIMM,ECC,1.2V,STD,1,,,is_encoded,c480-memory-guide.pdf,https://www.cisco.com/c/dam/en/us/products/collateral/servers-unified-computing/ucs-c-series-rack-servers/c480-memory-guide.pdf,https://www.cisco.com/c/dam/en/us/products/collateral/servers-unified-computing/ucs-c-series-rack-servers/c480-memory-guide.pdf,,,32D4ER24293312S1,2Rx4,"('1Rx4', '2Rx4')",,,,
Cisco,UCS-MR-X32G2RT-H,Cisco UCS C480 M5,Cisco,UCS,C480 M5,UCS-MR-X32G2RT-H1 32 GB DDR4-2933MHz RDIMM/2Rx4 (8Gb) 1.2 V 2,['24'],,,,,,memory,,"['UCS-MR-X64G2RW2', 'UCS-MR-X32G2RT-H', 'UCS-MR-X64G2RW', 'UCS-MR-X16G1RW2', 'UCS-MR-X64G2RT-H1', 'UCS-MR-X16G1RT-H1', 'UCS-MR-X32G2RT-H1', 'UCS-MR-X32G2RW2', 'UCS-MR-X16G1RT-H', 'UCS-MR-X64G2RT-H', 'UCS-MR-X32G2RW', 'UCS-MR-X16G1RW']",,,32GB,2933,2,4,DDR4,RDIMM,ECC,1.2V,STD,1,,,is_encoded,c480-memory-guide.pdf,https://www.cisco.com/c/dam/en/us/products/collateral/servers-unified-computing/ucs-c-series-rack-servers/c480-memory-guide.pdf,https://www.cisco.com/c/dam/en/us/products/collateral/servers-unified-computing/ucs-c-series-rack-servers/c480-memory-guide.pdf,,,32D4ER24293312S1,2Rx4,"('1Rx4', '2Rx4')",,,,
Cisco,UCS-MR-X64G2RW,Cisco UCS C480 M5,Cisco,UCS,C480 M5,UCS-MR-X64G2RW 64GB DDR4-3200MHz RDIMM 2Rx4 (16Gb)/1.2v,['24'],,,,,,memory,,"['UCS-MR-X64G2RW2', 'UCS-MR-X32G2RT-H', 'UCS-MR-X64G2RW', 'UCS-MR-X16G1RW2', 'UCS-MR-X64G2RT-H1', 'UCS-MR-X16G1RT-H1', 'UCS-MR-X32G2RT-H1', 'UCS-MR-X32G2RW2', 'UCS-MR-X16G1RT-H', 'UCS-MR-X64G2RT-H', 'UCS-MR-X32G2RW', 'UCS-MR-X16G1RW']",,,164GB,3200,2,4,DDR4,RDIMM,ECC,1.2V,STD,1,,,is_encoded,c480-memory-guide.pdf,https://www.cisco.com/c/dam/en/us/products/collateral/servers-unified-computing/ucs-c-series-rack-servers/c480-memory-guide.pdf,https://www.cisco.com/c/dam/en/us/products/collateral/servers-unified-computing/ucs-c-series-rack-servers/c480-memory-guide.pdf,,,164D4ER24320012S1,2Rx4,"('1Rx4', '2Rx4')",,,,
Cisco,UCS-MR-X64G2RW,Cisco UCS C480 M5,Cisco,UCS,C480 M5,UCS-MR-X64G2RW 164GB DDR4-3200MHz RDIMM 2Rx4 (16Gb)/1.2v,['24'],,,,,,memory,,"['UCS-MR-X64G2RW2', 'UCS-MR-X32G2RT-H', 'UCS-MR-X64G2RW', 'UCS-MR-X16G1RW2', 'UCS-MR-X64G2RT-H1', 'UCS-MR-X16G1RT-H1', 'UCS-MR-X32G2RT-H1', 'UCS-MR-X32G2RW2', 'UCS-MR-X16G1RT-H', 'UCS-MR-X64G2RT-H', 'UCS-MR-X32G2RW', 'UCS-MR-X16G1RW']",,,164GB,3200,2,4,DDR4,RDIMM,ECC,1.2V,STD,1,,,is_encoded,c480-memory-guide.pdf,https://www.cisco.com/c/dam/en/us/products/collateral/servers-unified-computing/ucs-c-series-rack-servers/c480-memory-guide.pdf,https://www.cisco.com/c/dam/en/us/products/collateral/servers-unified-computing/ucs-c-series-rack-servers/c480-memory-guide.pdf,,,164D4ER24320012S1,2Rx4,"('1Rx4', '2Rx4')",,,,
Cisco,UCS-MR-X16G1RW,Cisco UCS C480 M5  Server,Cisco,UCS,C480 M5,UCS-MR-X16G1RW1 16 GB DDR4-3200MHz RDIMM 1Rx4 (8Gb) 1.2 V 1 Intel® Optane™ Persistent,['24'],,,,,,memory,"['6226', '6238', '6238L=', '8276L', '5222', '8280L=', '5218=', '8260M', '8276', '6262V', '8260L', '8280M', '8260', '8280L', '6240Y', '6240M', '8268', '8276=', '6234=', '8260Y=', '5222=', '6246', '6250', '6240Y=', '6252=', '8270', '6252N', '8270=', '6244', '6242=', '6240', '8260=', '8280', '8276L=', '5215M', '5215=', '5217', '5218', '5220', '8276M', '5220=', '5220S=', '6238M', '6240L', '6262V=', '6254', '8253', '6246=', '6222V=', '4214Y', '6252', '6242', '5220S', '5215L=', '8253=', '6248', '6230', '6240L=', '6240=', '6238=', '6230=', '5215', '8260Y', '6226=', '6222V', '8280=', '3204', '6244=', '6234', '8268=', '6248=', '5217=', '6238L', '6254=', '8260L=', '5215L']","['UCS-MR-X16G1RW=', 'UCS-MR-128G8RS-H', 'UCS-MR-X64G2RW=', 'UCS-MR-X32G2RT-H', 'UCS-MR-X16G1RS-H', 'UCS-MR-X16G1RW1', 'UCS-MR-X64G2RT-H', 'UCS-MR-X32G2RS-H', 'UCS-MR-X32G2RW1', 'UCS-MR-X16G2RS-H', 'UCS-MR-X32G2RW=', 'UCS-MR-X32G2RSHM', 'UCS-MR-X64G4RS-H', 'UCS-MR-X16G1RSHM', 'UCS-MR-X16G1RT-H', 'UCS-MR-X64G2RW1', 'UCS-MR-X32G2RSHS']","['UCS-SD240GBM1X-EV=', 'UCS-SD800GBKNK9=', 'UCS-SD38T6I1X-EV=', 'UCS-SD19T63X-EP', 'UCS-SD150G61X-EV=', 'UCS-SD38TBM1X-EV', 'UCS-SD16T61X-EV', 'UCS-SD38TBE1NK9', 'UCS-SD19TBM1X-EV', 'UCS-SD16TBM1X-EV=', 'UCS-SD16TB12TX-EP', 'UCS-SD480G121X-EV', 'UCS-SD400H123X-EP', 'UCS-SD76TBKNK9=', 'UCS-SD38T61X-EV', 'UCS-SD76TK1X-EV=', 'UCS-SD38TBM1X-EV=', 'UCS-SD32TKA3X-EP', 'UCS-SD240GBM1X-EV', 'UCS-SD960GBM2NK9', 'UCS-SD38TH61X-EV', 'UCS-SD38TM1X-EV', 'UCS-SD76TBEM2NK9', 'UCS-SD480GBM1X-EV', 'UCS-SD38TK1X-EV', 'UCS-SD240G61X-EV', 'UCS-SD800GBKNK9', 'UCS-SD76TK1X-EV', 'UCS-SD16T123X-EP', 'UCS-SD960GK1X-EV=', 'UCS-SD32T123X-EP', 'UCS-SD800G123X-EP', 'UCS-SD960G121X-EV', 'UCS-SD120GM1X-EV=', 'UCS-SD480G61X-EV', 'UCS-SD960G6I1X-EV', 'UCS-SD38TB121X-EV', 'UCS-SD15TK1X-EV', 'UCS-SD960G63X-EP=', 'UCS-SD76T61X-EV', 'UCS-SD800G12TX-EP', 'UCS-SD480G6I1X-EV=', 'UCS-SD38TBKNK9=', 'UCS-SD240GBE1NK9', 'UCS-SD76TBM1X-EV', 'UCS-SD38T6I1X-EV', 'UCS-SD960GK1X-EV', 'UCS-SD480G61X-EV=', 'UCS-SD960GH61X-EV', 'UCS-SD960GBKNK9=', 'UCS-SD19T63X-EP=', 'UCS-SD16TM1X-EV', 'UCS-SD480G63X-EP', 'UCS-SD76TM1X-EV', 'UCS-SD19TBM1X-EV=', 'UCS-SD19T61X-EV', 'UCS-SD76TBKNK9', 'UCS-SD960G63X-EP', 'UCS-SD19TB121X-EV', 'UCS-SD32H123X-EP', 'UCS-SD76TBM1X-EV=', 'UCS-SD120GM1X-EV', 'UCS-SD38TBKNK9', 'UCS-SD38T61X-EV=', 'UCS-SD400G123X-EP', 'UCS-SD480G121X-EV=', 'UCS-SD240GM1X-EV', 'UCS-SD480GM1X-EV', 'UCS-SD960GBM1X-EV', 'UCS-SD960G61X-EV', 'UCS-SD960G2HTNK9', 'UCS-SD150G61X-EV', 'UCS-SD16TBKNK9', 'UCS-SD16TBM1X-EV', 'UCS-SD960GBM1X-EV=', 'UCS-SD16TM1X-EV=', 'UCS-SD38TK1X-EV=', 'UCS-SD16H123X-EP', 'UCS-SD480GBM1X-EV=', 'UCS-SD480G6I1X-EV', 'UCS-SD400G12TX-EP', 'UCS-SD800H123X-EP', 'UCS-SD16TBKNK9=', 'UCS-SD19TK1X-EV', 'UCS-SD960GBKNK9', 'UCS-SD19TK1X-EV=', 'UCS-SD960G6I1X-EV=', 'UCS-SD19T61X-EV=', 'UCS-SD15TK1X-EV=']","['UCS-HD600G15NK9=', 'UCS-HD1T7K12N=', 'UCS-HD900G15K12N', 'UCS-HD18TB10K4KN=', 'UCS-HD24TB10K4KN', 'UCS-HD2T7K12N', 'UCS-HD1T7K12N', 'UCS-HD18T10NK9=', 'UCS-HD300G15K12N=', 'UCS-HD12T10NK9', 'UCS-HD12TB10K12N', 'UCS-HD600G10K12N=', 'UCS-HD24T10NK9', 'UCS-HD12T10NK9=', 'UCS-HD600G10K12N', 'UCS-HD600G15NK9', 'UCS-HD600G15K12N=', 'UCS-HD18TB10K4KN', 'UCS-HD600G15K12N', 'UCS-HD300G10K12N=', 'UCS-HD300G15K12N', 'UCS-HD18T10NK9', 'UCS-HD12TB10K12N=', 'UCS-HD24T10NK9=', 'UCS-HD300G10K12N', 'UCS-HD900G15K12N=', 'UCS-HD24TB10K4KN=', 'UCS-HD2T7K12N=']",16GB,3200,1,4,DDR4,RDIMM,ECC,1.2V,STD,1,,,is_encoded,c480-m5-high-performance-specsheet.pdf,https://www.cisco.com/c/dam/en/us/products/collateral/servers-unified-computing/ucs-c-series-rack-servers/c480-m5-high-performance-specsheet.pdf,https://www.cisco.com/c/dam/en/us/products/collateral/servers-unified-computing/ucs-c-series-rack-servers/c480-m5-high-performance-specsheet.pdf,,,16D4ER14320012S1,1Rx4,"('1Rx4', '2Rx4', '8Rx4')",,,,
Cisco,UCS-MR-X16G1RW,Cisco UCS C480 M5  Server,Cisco,UCS,C480 M5,UCS-MR-X16G1RW 16GB DDR4-3200MHz RDIMM 1Rx4 (8Gb),['24'],,,,,,memory,"['6226', '6238', '6238L=', '8276L', '5222', '8280L=', '5218=', '8260M', '8276', '6262V', '8260L', '8280M', '8260', '8280L', '6240Y', '6240M', '8268', '8276=', '6234=', '8260Y=', '5222=', '6246', '6250', '6240Y=', '6252=', '8270', '6252N', '8270=', '6244', '6242=', '6240', '8260=', '8280', '8276L=', '5215M', '5215=', '5217', '5218', '5220', '8276M', '5220=', '5220S=', '6238M', '6240L', '6262V=', '6254', '8253', '6246=', '6222V=', '4214Y', '6252', '6242', '5220S', '5215L=', '8253=', '6248', '6230', '6240L=', '6240=', '6238=', '6230=', '5215', '8260Y', '6226=', '6222V', '8280=', '3204', '6244=', '6234', '8268=', '6248=', '5217=', '6238L', '6254=', '8260L=', '5215L']","['UCS-MR-X16G1RW=', 'UCS-MR-128G8RS-H', 'UCS-MR-X64G2RW=', 'UCS-MR-X32G2RT-H', 'UCS-MR-X16G1RS-H', 'UCS-MR-X16G1RW1', 'UCS-MR-X64G2RT-H', 'UCS-MR-X32G2RS-H', 'UCS-MR-X32G2RW1', 'UCS-MR-X16G2RS-H', 'UCS-MR-X32G2RW=', 'UCS-MR-X32G2RSHM', 'UCS-MR-X64G4RS-H', 'UCS-MR-X16G1RSHM', 'UCS-MR-X16G1RT-H', 'UCS-MR-X64G2RW1', 'UCS-MR-X32G2RSHS']","['UCS-SD240GBM1X-EV=', 'UCS-SD800GBKNK9=', 'UCS-SD38T6I1X-EV=', 'UCS-SD19T63X-EP', 'UCS-SD150G61X-EV=', 'UCS-SD38TBM1X-EV', 'UCS-SD16T61X-EV', 'UCS-SD38TBE1NK9', 'UCS-SD19TBM1X-EV', 'UCS-SD16TBM1X-EV=', 'UCS-SD16TB12TX-EP', 'UCS-SD480G121X-EV', 'UCS-SD400H123X-EP', 'UCS-SD76TBKNK9=', 'UCS-SD38T61X-EV', 'UCS-SD76TK1X-EV=', 'UCS-SD38TBM1X-EV=', 'UCS-SD32TKA3X-EP', 'UCS-SD240GBM1X-EV', 'UCS-SD960GBM2NK9', 'UCS-SD38TH61X-EV', 'UCS-SD38TM1X-EV', 'UCS-SD76TBEM2NK9', 'UCS-SD480GBM1X-EV', 'UCS-SD38TK1X-EV', 'UCS-SD240G61X-EV', 'UCS-SD800GBKNK9', 'UCS-SD76TK1X-EV', 'UCS-SD16T123X-EP', 'UCS-SD960GK1X-EV=', 'UCS-SD32T123X-EP', 'UCS-SD800G123X-EP', 'UCS-SD960G121X-EV', 'UCS-SD120GM1X-EV=', 'UCS-SD480G61X-EV', 'UCS-SD960G6I1X-EV', 'UCS-SD38TB121X-EV', 'UCS-SD15TK1X-EV', 'UCS-SD960G63X-EP=', 'UCS-SD76T61X-EV', 'UCS-SD800G12TX-EP', 'UCS-SD480G6I1X-EV=', 'UCS-SD38TBKNK9=', 'UCS-SD240GBE1NK9', 'UCS-SD76TBM1X-EV', 'UCS-SD38T6I1X-EV', 'UCS-SD960GK1X-EV', 'UCS-SD480G61X-EV=', 'UCS-SD960GH61X-EV', 'UCS-SD960GBKNK9=', 'UCS-SD19T63X-EP=', 'UCS-SD16TM1X-EV', 'UCS-SD480G63X-EP', 'UCS-SD76TM1X-EV', 'UCS-SD19TBM1X-EV=', 'UCS-SD19T61X-EV', 'UCS-SD76TBKNK9', 'UCS-SD960G63X-EP', 'UCS-SD19TB121X-EV', 'UCS-SD32H123X-EP', 'UCS-SD76TBM1X-EV=', 'UCS-SD120GM1X-EV', 'UCS-SD38TBKNK9', 'UCS-SD38T61X-EV=', 'UCS-SD400G123X-EP', 'UCS-SD480G121X-EV=', 'UCS-SD240GM1X-EV', 'UCS-SD480GM1X-EV', 'UCS-SD960GBM1X-EV', 'UCS-SD960G61X-EV', 'UCS-SD960G2HTNK9', 'UCS-SD150G61X-EV', 'UCS-SD16TBKNK9', 'UCS-SD16TBM1X-EV', 'UCS-SD960GBM1X-EV=', 'UCS-SD16TM1X-EV=', 'UCS-SD38TK1X-EV=', 'UCS-SD16H123X-EP', 'UCS-SD480GBM1X-EV=', 'UCS-SD480G6I1X-EV', 'UCS-SD400G12TX-EP', 'UCS-SD800H123X-EP', 'UCS-SD16TBKNK9=', 'UCS-SD19TK1X-EV', 'UCS-SD960GBKNK9', 'UCS-SD19TK1X-EV=', 'UCS-SD960G6I1X-EV=', 'UCS-SD19T61X-EV=', 'UCS-SD15TK1X-EV=']","['UCS-HD600G15NK9=', 'UCS-HD1T7K12N=', 'UCS-HD900G15K12N', 'UCS-HD18TB10K4KN=', 'UCS-HD24TB10K4KN', 'UCS-HD2T7K12N', 'UCS-HD1T7K12N', 'UCS-HD18T10NK9=', 'UCS-HD300G15K12N=', 'UCS-HD12T10NK9', 'UCS-HD12TB10K12N', 'UCS-HD600G10K12N=', 'UCS-HD24T10NK9', 'UCS-HD12T10NK9=', 'UCS-HD600G10K12N', 'UCS-HD600G15NK9', 'UCS-HD600G15K12N=', 'UCS-HD18TB10K4KN', 'UCS-HD600G15K12N', 'UCS-HD300G10K12N=', 'UCS-HD300G15K12N', 'UCS-HD18T10NK9', 'UCS-HD12TB10K12N=', 'UCS-HD24T10NK9=', 'UCS-HD300G10K12N', 'UCS-HD900G15K12N=', 'UCS-HD24TB10K4KN=', 'UCS-HD2T7K12N=']",16GB,3200,1,4,DDR4,RDIMM,ECC,1.2V,STD,1,,,is_encoded,c480-m5-high-performance-specsheet.pdf,https://www.cisco.com/c/dam/en/us/products/collateral/servers-unified-computing/ucs-c-series-rack-servers/c480-m5-high-performance-specsheet.pdf,https://www.cisco.com/c/dam/en/us/products/collateral/servers-unified-computing/ucs-c-series-rack-servers/c480-m5-high-performance-specsheet.pdf,,,16D4ER14320012S1,1Rx4,"('1Rx4', '2Rx4', '8Rx4')",,,,
Cisco,UCS-MR-X16G1RT-H,Cisco UCS C480 M5  Server,Cisco,UCS,C480 M5,UCS-MR-X16G1RT-H 16GB DDR4-2933MHz RDIMM 1Rx4 (8Gb)/1.2v,['24'],,,,,,memory,"['6226', '6238', '6238L=', '8276L', '5222', '8280L=', '5218=', '8260M', '8276', '6262V', '8260L', '8280M', '8260', '8280L', '6240Y', '6240M', '8268', '8276=', '6234=', '8260Y=', '5222=', '6246', '6250', '6240Y=', '6252=', '8270', '6252N', '8270=', '6244', '6242=', '6240', '8260=', '8280', '8276L=', '5215M', '5215=', '5217', '5218', '5220', '8276M', '5220=', '5220S=', '6238M', '6240L', '6262V=', '6254', '8253', '6246=', '6222V=', '4214Y', '6252', '6242', '5220S', '5215L=', '8253=', '6248', '6230', '6240L=', '6240=', '6238=', '6230=', '5215', '8260Y', '6226=', '6222V', '8280=', '3204', '6244=', '6234', '8268=', '6248=', '5217=', '6238L', '6254=', '8260L=', '5215L']","['UCS-MR-X16G1RW=', 'UCS-MR-128G8RS-H', 'UCS-MR-X64G2RW=', 'UCS-MR-X32G2RT-H', 'UCS-MR-X16G1RS-H', 'UCS-MR-X16G1RW1', 'UCS-MR-X64G2RT-H', 'UCS-MR-X32G2RS-H', 'UCS-MR-X32G2RW1', 'UCS-MR-X16G2RS-H', 'UCS-MR-X32G2RW=', 'UCS-MR-X32G2RSHM', 'UCS-MR-X64G4RS-H', 'UCS-MR-X16G1RSHM', 'UCS-MR-X16G1RT-H', 'UCS-MR-X64G2RW1', 'UCS-MR-X32G2RSHS']","['UCS-SD240GBM1X-EV=', 'UCS-SD800GBKNK9=', 'UCS-SD38T6I1X-EV=', 'UCS-SD19T63X-EP', 'UCS-SD150G61X-EV=', 'UCS-SD38TBM1X-EV', 'UCS-SD16T61X-EV', 'UCS-SD38TBE1NK9', 'UCS-SD19TBM1X-EV', 'UCS-SD16TBM1X-EV=', 'UCS-SD16TB12TX-EP', 'UCS-SD480G121X-EV', 'UCS-SD400H123X-EP', 'UCS-SD76TBKNK9=', 'UCS-SD38T61X-EV', 'UCS-SD76TK1X-EV=', 'UCS-SD38TBM1X-EV=', 'UCS-SD32TKA3X-EP', 'UCS-SD240GBM1X-EV', 'UCS-SD960GBM2NK9', 'UCS-SD38TH61X-EV', 'UCS-SD38TM1X-EV', 'UCS-SD76TBEM2NK9', 'UCS-SD480GBM1X-EV', 'UCS-SD38TK1X-EV', 'UCS-SD240G61X-EV', 'UCS-SD800GBKNK9', 'UCS-SD76TK1X-EV', 'UCS-SD16T123X-EP', 'UCS-SD960GK1X-EV=', 'UCS-SD32T123X-EP', 'UCS-SD800G123X-EP', 'UCS-SD960G121X-EV', 'UCS-SD120GM1X-EV=', 'UCS-SD480G61X-EV', 'UCS-SD960G6I1X-EV', 'UCS-SD38TB121X-EV', 'UCS-SD15TK1X-EV', 'UCS-SD960G63X-EP=', 'UCS-SD76T61X-EV', 'UCS-SD800G12TX-EP', 'UCS-SD480G6I1X-EV=', 'UCS-SD38TBKNK9=', 'UCS-SD240GBE1NK9', 'UCS-SD76TBM1X-EV', 'UCS-SD38T6I1X-EV', 'UCS-SD960GK1X-EV', 'UCS-SD480G61X-EV=', 'UCS-SD960GH61X-EV', 'UCS-SD960GBKNK9=', 'UCS-SD19T63X-EP=', 'UCS-SD16TM1X-EV', 'UCS-SD480G63X-EP', 'UCS-SD76TM1X-EV', 'UCS-SD19TBM1X-EV=', 'UCS-SD19T61X-EV', 'UCS-SD76TBKNK9', 'UCS-SD960G63X-EP', 'UCS-SD19TB121X-EV', 'UCS-SD32H123X-EP', 'UCS-SD76TBM1X-EV=', 'UCS-SD120GM1X-EV', 'UCS-SD38TBKNK9', 'UCS-SD38T61X-EV=', 'UCS-SD400G123X-EP', 'UCS-SD480G121X-EV=', 'UCS-SD240GM1X-EV', 'UCS-SD480GM1X-EV', 'UCS-SD960GBM1X-EV', 'UCS-SD960G61X-EV', 'UCS-SD960G2HTNK9', 'UCS-SD150G61X-EV', 'UCS-SD16TBKNK9', 'UCS-SD16TBM1X-EV', 'UCS-SD960GBM1X-EV=', 'UCS-SD16TM1X-EV=', 'UCS-SD38TK1X-EV=', 'UCS-SD16H123X-EP', 'UCS-SD480GBM1X-EV=', 'UCS-SD480G6I1X-EV', 'UCS-SD400G12TX-EP', 'UCS-SD800H123X-EP', 'UCS-SD16TBKNK9=', 'UCS-SD19TK1X-EV', 'UCS-SD960GBKNK9', 'UCS-SD19TK1X-EV=', 'UCS-SD960G6I1X-EV=', 'UCS-SD19T61X-EV=', 'UCS-SD15TK1X-EV=']","['UCS-HD600G15NK9=', 'UCS-HD1T7K12N=', 'UCS-HD900G15K12N', 'UCS-HD18TB10K4KN=', 'UCS-HD24TB10K4KN', 'UCS-HD2T7K12N', 'UCS-HD1T7K12N', 'UCS-HD18T10NK9=', 'UCS-HD300G15K12N=', 'UCS-HD12T10NK9', 'UCS-HD12TB10K12N', 'UCS-HD600G10K12N=', 'UCS-HD24T10NK9', 'UCS-HD12T10NK9=', 'UCS-HD600G10K12N', 'UCS-HD600G15NK9', 'UCS-HD600G15K12N=', 'UCS-HD18TB10K4KN', 'UCS-HD600G15K12N', 'UCS-HD300G10K12N=', 'UCS-HD300G15K12N', 'UCS-HD18T10NK9', 'UCS-HD12TB10K12N=', 'UCS-HD24T10NK9=', 'UCS-HD300G10K12N', 'UCS-HD900G15K12N=', 'UCS-HD24TB10K4KN=', 'UCS-HD2T7K12N=']",16GB,2933,1,4,DDR4,RDIMM,ECC,1.2V,STD,1,,,is_encoded,c480-m5-high-performance-specsheet.pdf,https://www.cisco.com/c/dam/en/us/products/collateral/servers-unified-computing/ucs-c-series-rack-servers/c480-m5-high-performance-specsheet.pdf,https://www.cisco.com/c/dam/en/us/products/collateral/servers-unified-computing/ucs-c-series-rack-servers/c480-m5-high-performance-specsheet.pdf,,,16D4ER14293312S1,1Rx4,"('1Rx4', '2Rx4', '8Rx4')",,,,
Cisco,UCS-MR-X16G1RS-H,Cisco UCS C480 M5  Server,Cisco,UCS,C480 M5,UCS-MR-X16G1RS-H 16GB DDR4-2666-MHz RDIMM/PC4-21300/single rank/x4/1.2v,['24'],,,,,,memory,"['6226', '6238', '6238L=', '8276L', '5222', '8280L=', '5218=', '8260M', '8276', '6262V', '8260L', '8280M', '8260', '8280L', '6240Y', '6240M', '8268', '8276=', '6234=', '8260Y=', '5222=', '6246', '6250', '6240Y=', '6252=', '8270', '6252N', '8270=', '6244', '6242=', '6240', '8260=', '8280', '8276L=', '5215M', '5215=', '5217', '5218', '5220', '8276M', '5220=', '5220S=', '6238M', '6240L', '6262V=', '6254', '8253', '6246=', '6222V=', '4214Y', '6252', '6242', '5220S', '5215L=', '8253=', '6248', '6230', '6240L=', '6240=', '6238=', '6230=', '5215', '8260Y', '6226=', '6222V', '8280=', '3204', '6244=', '6234', '8268=', '6248=', '5217=', '6238L', '6254=', '8260L=', '5215L']","['UCS-MR-X16G1RW=', 'UCS-MR-128G8RS-H', 'UCS-MR-X64G2RW=', 'UCS-MR-X32G2RT-H', 'UCS-MR-X16G1RS-H', 'UCS-MR-X16G1RW1', 'UCS-MR-X64G2RT-H', 'UCS-MR-X32G2RS-H', 'UCS-MR-X32G2RW1', 'UCS-MR-X16G2RS-H', 'UCS-MR-X32G2RW=', 'UCS-MR-X32G2RSHM', 'UCS-MR-X64G4RS-H', 'UCS-MR-X16G1RSHM', 'UCS-MR-X16G1RT-H', 'UCS-MR-X64G2RW1', 'UCS-MR-X32G2RSHS']","['UCS-SD240GBM1X-EV=', 'UCS-SD800GBKNK9=', 'UCS-SD38T6I1X-EV=', 'UCS-SD19T63X-EP', 'UCS-SD150G61X-EV=', 'UCS-SD38TBM1X-EV', 'UCS-SD16T61X-EV', 'UCS-SD38TBE1NK9', 'UCS-SD19TBM1X-EV', 'UCS-SD16TBM1X-EV=', 'UCS-SD16TB12TX-EP', 'UCS-SD480G121X-EV', 'UCS-SD400H123X-EP', 'UCS-SD76TBKNK9=', 'UCS-SD38T61X-EV', 'UCS-SD76TK1X-EV=', 'UCS-SD38TBM1X-EV=', 'UCS-SD32TKA3X-EP', 'UCS-SD240GBM1X-EV', 'UCS-SD960GBM2NK9', 'UCS-SD38TH61X-EV', 'UCS-SD38TM1X-EV', 'UCS-SD76TBEM2NK9', 'UCS-SD480GBM1X-EV', 'UCS-SD38TK1X-EV', 'UCS-SD240G61X-EV', 'UCS-SD800GBKNK9', 'UCS-SD76TK1X-EV', 'UCS-SD16T123X-EP', 'UCS-SD960GK1X-EV=', 'UCS-SD32T123X-EP', 'UCS-SD800G123X-EP', 'UCS-SD960G121X-EV', 'UCS-SD120GM1X-EV=', 'UCS-SD480G61X-EV', 'UCS-SD960G6I1X-EV', 'UCS-SD38TB121X-EV', 'UCS-SD15TK1X-EV', 'UCS-SD960G63X-EP=', 'UCS-SD76T61X-EV', 'UCS-SD800G12TX-EP', 'UCS-SD480G6I1X-EV=', 'UCS-SD38TBKNK9=', 'UCS-SD240GBE1NK9', 'UCS-SD76TBM1X-EV', 'UCS-SD38T6I1X-EV', 'UCS-SD960GK1X-EV', 'UCS-SD480G61X-EV=', 'UCS-SD960GH61X-EV', 'UCS-SD960GBKNK9=', 'UCS-SD19T63X-EP=', 'UCS-SD16TM1X-EV', 'UCS-SD480G63X-EP', 'UCS-SD76TM1X-EV', 'UCS-SD19TBM1X-EV=', 'UCS-SD19T61X-EV', 'UCS-SD76TBKNK9', 'UCS-SD960G63X-EP', 'UCS-SD19TB121X-EV', 'UCS-SD32H123X-EP', 'UCS-SD76TBM1X-EV=', 'UCS-SD120GM1X-EV', 'UCS-SD38TBKNK9', 'UCS-SD38T61X-EV=', 'UCS-SD400G123X-EP', 'UCS-SD480G121X-EV=', 'UCS-SD240GM1X-EV', 'UCS-SD480GM1X-EV', 'UCS-SD960GBM1X-EV', 'UCS-SD960G61X-EV', 'UCS-SD960G2HTNK9', 'UCS-SD150G61X-EV', 'UCS-SD16TBKNK9', 'UCS-SD16TBM1X-EV', 'UCS-SD960GBM1X-EV=', 'UCS-SD16TM1X-EV=', 'UCS-SD38TK1X-EV=', 'UCS-SD16H123X-EP', 'UCS-SD480GBM1X-EV=', 'UCS-SD480G6I1X-EV', 'UCS-SD400G12TX-EP', 'UCS-SD800H123X-EP', 'UCS-SD16TBKNK9=', 'UCS-SD19TK1X-EV', 'UCS-SD960GBKNK9', 'UCS-SD19TK1X-EV=', 'UCS-SD960G6I1X-EV=', 'UCS-SD19T61X-EV=', 'UCS-SD15TK1X-EV=']","['UCS-HD600G15NK9=', 'UCS-HD1T7K12N=', 'UCS-HD900G15K12N', 'UCS-HD18TB10K4KN=', 'UCS-HD24TB10K4KN', 'UCS-HD2T7K12N', 'UCS-HD1T7K12N', 'UCS-HD18T10NK9=', 'UCS-HD300G15K12N=', 'UCS-HD12T10NK9', 'UCS-HD12TB10K12N', 'UCS-HD600G10K12N=', 'UCS-HD24T10NK9', 'UCS-HD12T10NK9=', 'UCS-HD600G10K12N', 'UCS-HD600G15NK9', 'UCS-HD600G15K12N=', 'UCS-HD18TB10K4KN', 'UCS-HD600G15K12N', 'UCS-HD300G10K12N=', 'UCS-HD300G15K12N', 'UCS-HD18T10NK9', 'UCS-HD12TB10K12N=', 'UCS-HD24T10NK9=', 'UCS-HD300G10K12N', 'UCS-HD900G15K12N=', 'UCS-HD24TB10K4KN=', 'UCS-HD2T7K12N=']",16GB,2666,1,4,DDR4,RDIMM,ECC,1.2V,STD,1,,,is_encoded,c480-m5-high-performance-specsheet.pdf,https://www.cisco.com/c/dam/en/us/products/collateral/servers-unified-computing/ucs-c-series-rack-servers/c480-m5-high-performance-specsheet.pdf,https://www.cisco.com/c/dam/en/us/products/collateral/servers-unified-computing/ucs-c-series-rack-servers/c480-m5-high-performance-specsheet.pdf,,,16D4ER14266612S1,1Rx4,"('1Rx4', '2Rx4', '8Rx4')",,,,
Cisco,UCS-MR-X16G1RSHM,Cisco UCS C480 M5  Server,Cisco,UCS,C480 M5,UCS-MR-X16G1RSHM 16GB DDR4-2666-MHz RDIMM/single rank/x4/1.2v. Micron only,['24'],,,,,,memory,"['6226', '6238', '6238L=', '8276L', '5222', '8280L=', '5218=', '8260M', '8276', '6262V', '8260L', '8280M', '8260', '8280L', '6240Y', '6240M', '8268', '8276=', '6234=', '8260Y=', '5222=', '6246', '6250', '6240Y=', '6252=', '8270', '6252N', '8270=', '6244', '6242=', '6240', '8260=', '8280', '8276L=', '5215M', '5215=', '5217', '5218', '5220', '8276M', '5220=', '5220S=', '6238M', '6240L', '6262V=', '6254', '8253', '6246=', '6222V=', '4214Y', '6252', '6242', '5220S', '5215L=', '8253=', '6248', '6230', '6240L=', '6240=', '6238=', '6230=', '5215', '8260Y', '6226=', '6222V', '8280=', '3204', '6244=', '6234', '8268=', '6248=', '5217=', '6238L', '6254=', '8260L=', '5215L']","['UCS-MR-X16G1RW=', 'UCS-MR-128G8RS-H', 'UCS-MR-X64G2RW=', 'UCS-MR-X32G2RT-H', 'UCS-MR-X16G1RS-H', 'UCS-MR-X16G1RW1', 'UCS-MR-X64G2RT-H', 'UCS-MR-X32G2RS-H', 'UCS-MR-X32G2RW1', 'UCS-MR-X16G2RS-H', 'UCS-MR-X32G2RW=', 'UCS-MR-X32G2RSHM', 'UCS-MR-X64G4RS-H', 'UCS-MR-X16G1RSHM', 'UCS-MR-X16G1RT-H', 'UCS-MR-X64G2RW1', 'UCS-MR-X32G2RSHS']","['UCS-SD240GBM1X-EV=', 'UCS-SD800GBKNK9=', 'UCS-SD38T6I1X-EV=', 'UCS-SD19T63X-EP', 'UCS-SD150G61X-EV=', 'UCS-SD38TBM1X-EV', 'UCS-SD16T61X-EV', 'UCS-SD38TBE1NK9', 'UCS-SD19TBM1X-EV', 'UCS-SD16TBM1X-EV=', 'UCS-SD16TB12TX-EP', 'UCS-SD480G121X-EV', 'UCS-SD400H123X-EP', 'UCS-SD76TBKNK9=', 'UCS-SD38T61X-EV', 'UCS-SD76TK1X-EV=', 'UCS-SD38TBM1X-EV=', 'UCS-SD32TKA3X-EP', 'UCS-SD240GBM1X-EV', 'UCS-SD960GBM2NK9', 'UCS-SD38TH61X-EV', 'UCS-SD38TM1X-EV', 'UCS-SD76TBEM2NK9', 'UCS-SD480GBM1X-EV', 'UCS-SD38TK1X-EV', 'UCS-SD240G61X-EV', 'UCS-SD800GBKNK9', 'UCS-SD76TK1X-EV', 'UCS-SD16T123X-EP', 'UCS-SD960GK1X-EV=', 'UCS-SD32T123X-EP', 'UCS-SD800G123X-EP', 'UCS-SD960G121X-EV', 'UCS-SD120GM1X-EV=', 'UCS-SD480G61X-EV', 'UCS-SD960G6I1X-EV', 'UCS-SD38TB121X-EV', 'UCS-SD15TK1X-EV', 'UCS-SD960G63X-EP=', 'UCS-SD76T61X-EV', 'UCS-SD800G12TX-EP', 'UCS-SD480G6I1X-EV=', 'UCS-SD38TBKNK9=', 'UCS-SD240GBE1NK9', 'UCS-SD76TBM1X-EV', 'UCS-SD38T6I1X-EV', 'UCS-SD960GK1X-EV', 'UCS-SD480G61X-EV=', 'UCS-SD960GH61X-EV', 'UCS-SD960GBKNK9=', 'UCS-SD19T63X-EP=', 'UCS-SD16TM1X-EV', 'UCS-SD480G63X-EP', 'UCS-SD76TM1X-EV', 'UCS-SD19TBM1X-EV=', 'UCS-SD19T61X-EV', 'UCS-SD76TBKNK9', 'UCS-SD960G63X-EP', 'UCS-SD19TB121X-EV', 'UCS-SD32H123X-EP', 'UCS-SD76TBM1X-EV=', 'UCS-SD120GM1X-EV', 'UCS-SD38TBKNK9', 'UCS-SD38T61X-EV=', 'UCS-SD400G123X-EP', 'UCS-SD480G121X-EV=', 'UCS-SD240GM1X-EV', 'UCS-SD480GM1X-EV', 'UCS-SD960GBM1X-EV', 'UCS-SD960G61X-EV', 'UCS-SD960G2HTNK9', 'UCS-SD150G61X-EV', 'UCS-SD16TBKNK9', 'UCS-SD16TBM1X-EV', 'UCS-SD960GBM1X-EV=', 'UCS-SD16TM1X-EV=', 'UCS-SD38TK1X-EV=', 'UCS-SD16H123X-EP', 'UCS-SD480GBM1X-EV=', 'UCS-SD480G6I1X-EV', 'UCS-SD400G12TX-EP', 'UCS-SD800H123X-EP', 'UCS-SD16TBKNK9=', 'UCS-SD19TK1X-EV', 'UCS-SD960GBKNK9', 'UCS-SD19TK1X-EV=', 'UCS-SD960G6I1X-EV=', 'UCS-SD19T61X-EV=', 'UCS-SD15TK1X-EV=']","['UCS-HD600G15NK9=', 'UCS-HD1T7K12N=', 'UCS-HD900G15K12N', 'UCS-HD18TB10K4KN=', 'UCS-HD24TB10K4KN', 'UCS-HD2T7K12N', 'UCS-HD1T7K12N', 'UCS-HD18T10NK9=', 'UCS-HD300G15K12N=', 'UCS-HD12T10NK9', 'UCS-HD12TB10K12N', 'UCS-HD600G10K12N=', 'UCS-HD24T10NK9', 'UCS-HD12T10NK9=', 'UCS-HD600G10K12N', 'UCS-HD600G15NK9', 'UCS-HD600G15K12N=', 'UCS-HD18TB10K4KN', 'UCS-HD600G15K12N', 'UCS-HD300G10K12N=', 'UCS-HD300G15K12N', 'UCS-HD18T10NK9', 'UCS-HD12TB10K12N=', 'UCS-HD24T10NK9=', 'UCS-HD300G10K12N', 'UCS-HD900G15K12N=', 'UCS-HD24TB10K4KN=', 'UCS-HD2T7K12N=']",16GB,2666,1,4,DDR4,RDIMM,ECC,1.2V,STD,1,,,is_encoded,c480-m5-high-performance-specsheet.pdf,https://www.cisco.com/c/dam/en/us/products/collateral/servers-unified-computing/ucs-c-series-rack-servers/c480-m5-high-performance-specsheet.pdf,https://www.cisco.com/c/dam/en/us/products/collateral/servers-unified-computing/ucs-c-series-rack-servers/c480-m5-high-performance-specsheet.pdf,,,16D4ER14266612S1,1Rx4,"('1Rx4', '2Rx4', '8Rx4')",,,,
Cisco,UCS-MR-X64G2RW,Cisco UCS C480 M5  Server,Cisco,UCS,C480 M5,UCS-MR-X64G2RW1 64 GB DDR4-3200MHz RDIMM 2Rx4 (16Gb) 1.2 V 2,['24'],,,,,,memory,"['6226', '6238', '6238L=', '8276L', '5222', '8280L=', '5218=', '8260M', '8276', '6262V', '8260L', '8280M', '8260', '8280L', '6240Y', '6240M', '8268', '8276=', '6234=', '8260Y=', '5222=', '6246', '6250', '6240Y=', '6252=', '8270', '6252N', '8270=', '6244', '6242=', '6240', '8260=', '8280', '8276L=', '5215M', '5215=', '5217', '5218', '5220', '8276M', '5220=', '5220S=', '6238M', '6240L', '6262V=', '6254', '8253', '6246=', '6222V=', '4214Y', '6252', '6242', '5220S', '5215L=', '8253=', '6248', '6230', '6240L=', '6240=', '6238=', '6230=', '5215', '8260Y', '6226=', '6222V', '8280=', '3204', '6244=', '6234', '8268=', '6248=', '5217=', '6238L', '6254=', '8260L=', '5215L']","['UCS-MR-X16G1RW=', 'UCS-MR-128G8RS-H', 'UCS-MR-X64G2RW=', 'UCS-MR-X32G2RT-H', 'UCS-MR-X16G1RS-H', 'UCS-MR-X16G1RW1', 'UCS-MR-X64G2RT-H', 'UCS-MR-X32G2RS-H', 'UCS-MR-X32G2RW1', 'UCS-MR-X16G2RS-H', 'UCS-MR-X32G2RW=', 'UCS-MR-X32G2RSHM', 'UCS-MR-X64G4RS-H', 'UCS-MR-X16G1RSHM', 'UCS-MR-X16G1RT-H', 'UCS-MR-X64G2RW1', 'UCS-MR-X32G2RSHS']","['UCS-SD240GBM1X-EV=', 'UCS-SD800GBKNK9=', 'UCS-SD38T6I1X-EV=', 'UCS-SD19T63X-EP', 'UCS-SD150G61X-EV=', 'UCS-SD38TBM1X-EV', 'UCS-SD16T61X-EV', 'UCS-SD38TBE1NK9', 'UCS-SD19TBM1X-EV', 'UCS-SD16TBM1X-EV=', 'UCS-SD16TB12TX-EP', 'UCS-SD480G121X-EV', 'UCS-SD400H123X-EP', 'UCS-SD76TBKNK9=', 'UCS-SD38T61X-EV', 'UCS-SD76TK1X-EV=', 'UCS-SD38TBM1X-EV=', 'UCS-SD32TKA3X-EP', 'UCS-SD240GBM1X-EV', 'UCS-SD960GBM2NK9', 'UCS-SD38TH61X-EV', 'UCS-SD38TM1X-EV', 'UCS-SD76TBEM2NK9', 'UCS-SD480GBM1X-EV', 'UCS-SD38TK1X-EV', 'UCS-SD240G61X-EV', 'UCS-SD800GBKNK9', 'UCS-SD76TK1X-EV', 'UCS-SD16T123X-EP', 'UCS-SD960GK1X-EV=', 'UCS-SD32T123X-EP', 'UCS-SD800G123X-EP', 'UCS-SD960G121X-EV', 'UCS-SD120GM1X-EV=', 'UCS-SD480G61X-EV', 'UCS-SD960G6I1X-EV', 'UCS-SD38TB121X-EV', 'UCS-SD15TK1X-EV', 'UCS-SD960G63X-EP=', 'UCS-SD76T61X-EV', 'UCS-SD800G12TX-EP', 'UCS-SD480G6I1X-EV=', 'UCS-SD38TBKNK9=', 'UCS-SD240GBE1NK9', 'UCS-SD76TBM1X-EV', 'UCS-SD38T6I1X-EV', 'UCS-SD960GK1X-EV', 'UCS-SD480G61X-EV=', 'UCS-SD960GH61X-EV', 'UCS-SD960GBKNK9=', 'UCS-SD19T63X-EP=', 'UCS-SD16TM1X-EV', 'UCS-SD480G63X-EP', 'UCS-SD76TM1X-EV', 'UCS-SD19TBM1X-EV=', 'UCS-SD19T61X-EV', 'UCS-SD76TBKNK9', 'UCS-SD960G63X-EP', 'UCS-SD19TB121X-EV', 'UCS-SD32H123X-EP', 'UCS-SD76TBM1X-EV=', 'UCS-SD120GM1X-EV', 'UCS-SD38TBKNK9', 'UCS-SD38T61X-EV=', 'UCS-SD400G123X-EP', 'UCS-SD480G121X-EV=', 'UCS-SD240GM1X-EV', 'UCS-SD480GM1X-EV', 'UCS-SD960GBM1X-EV', 'UCS-SD960G61X-EV', 'UCS-SD960G2HTNK9', 'UCS-SD150G61X-EV', 'UCS-SD16TBKNK9', 'UCS-SD16TBM1X-EV', 'UCS-SD960GBM1X-EV=', 'UCS-SD16TM1X-EV=', 'UCS-SD38TK1X-EV=', 'UCS-SD16H123X-EP', 'UCS-SD480GBM1X-EV=', 'UCS-SD480G6I1X-EV', 'UCS-SD400G12TX-EP', 'UCS-SD800H123X-EP', 'UCS-SD16TBKNK9=', 'UCS-SD19TK1X-EV', 'UCS-SD960GBKNK9', 'UCS-SD19TK1X-EV=', 'UCS-SD960G6I1X-EV=', 'UCS-SD19T61X-EV=', 'UCS-SD15TK1X-EV=']","['UCS-HD600G15NK9=', 'UCS-HD1T7K12N=', 'UCS-HD900G15K12N', 'UCS-HD18TB10K4KN=', 'UCS-HD24TB10K4KN', 'UCS-HD2T7K12N', 'UCS-HD1T7K12N', 'UCS-HD18T10NK9=', 'UCS-HD300G15K12N=', 'UCS-HD12T10NK9', 'UCS-HD12TB10K12N', 'UCS-HD600G10K12N=', 'UCS-HD24T10NK9', 'UCS-HD12T10NK9=', 'UCS-HD600G10K12N', 'UCS-HD600G15NK9', 'UCS-HD600G15K12N=', 'UCS-HD18TB10K4KN', 'UCS-HD600G15K12N', 'UCS-HD300G10K12N=', 'UCS-HD300G15K12N', 'UCS-HD18T10NK9', 'UCS-HD12TB10K12N=', 'UCS-HD24T10NK9=', 'UCS-HD300G10K12N', 'UCS-HD900G15K12N=', 'UCS-HD24TB10K4KN=', 'UCS-HD2T7K12N=']",64GB,3200,2,4,DDR4,RDIMM,ECC,1.2V,STD,1,,,is_encoded,c480-m5-high-performance-specsheet.pdf,https://www.cisco.com/c/dam/en/us/products/collateral/servers-unified-computing/ucs-c-series-rack-servers/c480-m5-high-performance-specsheet.pdf,https://www.cisco.com/c/dam/en/us/products/collateral/servers-unified-computing/ucs-c-series-rack-servers/c480-m5-high-performance-specsheet.pdf,,,64D4ER24320012S1,2Rx4,"('1Rx4', '2Rx4', '8Rx4')",,,,
Cisco,UCS-MR-X64G2RW,Cisco UCS C480 M5  Server,Cisco,UCS,C480 M5,UCS-MR-X64G2RW 64GB DDR4-3200MHz RDIMM 2Rx4 (16Gb),['24'],,,,,,memory,"['6226', '6238', '6238L=', '8276L', '5222', '8280L=', '5218=', '8260M', '8276', '6262V', '8260L', '8280M', '8260', '8280L', '6240Y', '6240M', '8268', '8276=', '6234=', '8260Y=', '5222=', '6246', '6250', '6240Y=', '6252=', '8270', '6252N', '8270=', '6244', '6242=', '6240', '8260=', '8280', '8276L=', '5215M', '5215=', '5217', '5218', '5220', '8276M', '5220=', '5220S=', '6238M', '6240L', '6262V=', '6254', '8253', '6246=', '6222V=', '4214Y', '6252', '6242', '5220S', '5215L=', '8253=', '6248', '6230', '6240L=', '6240=', '6238=', '6230=', '5215', '8260Y', '6226=', '6222V', '8280=', '3204', '6244=', '6234', '8268=', '6248=', '5217=', '6238L', '6254=', '8260L=', '5215L']","['UCS-MR-X16G1RW=', 'UCS-MR-128G8RS-H', 'UCS-MR-X64G2RW=', 'UCS-MR-X32G2RT-H', 'UCS-MR-X16G1RS-H', 'UCS-MR-X16G1RW1', 'UCS-MR-X64G2RT-H', 'UCS-MR-X32G2RS-H', 'UCS-MR-X32G2RW1', 'UCS-MR-X16G2RS-H', 'UCS-MR-X32G2RW=', 'UCS-MR-X32G2RSHM', 'UCS-MR-X64G4RS-H', 'UCS-MR-X16G1RSHM', 'UCS-MR-X16G1RT-H', 'UCS-MR-X64G2RW1', 'UCS-MR-X32G2RSHS']","['UCS-SD240GBM1X-EV=', 'UCS-SD800GBKNK9=', 'UCS-SD38T6I1X-EV=', 'UCS-SD19T63X-EP', 'UCS-SD150G61X-EV=', 'UCS-SD38TBM1X-EV', 'UCS-SD16T61X-EV', 'UCS-SD38TBE1NK9', 'UCS-SD19TBM1X-EV', 'UCS-SD16TBM1X-EV=', 'UCS-SD16TB12TX-EP', 'UCS-SD480G121X-EV', 'UCS-SD400H123X-EP', 'UCS-SD76TBKNK9=', 'UCS-SD38T61X-EV', 'UCS-SD76TK1X-EV=', 'UCS-SD38TBM1X-EV=', 'UCS-SD32TKA3X-EP', 'UCS-SD240GBM1X-EV', 'UCS-SD960GBM2NK9', 'UCS-SD38TH61X-EV', 'UCS-SD38TM1X-EV', 'UCS-SD76TBEM2NK9', 'UCS-SD480GBM1X-EV', 'UCS-SD38TK1X-EV', 'UCS-SD240G61X-EV', 'UCS-SD800GBKNK9', 'UCS-SD76TK1X-EV', 'UCS-SD16T123X-EP', 'UCS-SD960GK1X-EV=', 'UCS-SD32T123X-EP', 'UCS-SD800G123X-EP', 'UCS-SD960G121X-EV', 'UCS-SD120GM1X-EV=', 'UCS-SD480G61X-EV', 'UCS-SD960G6I1X-EV', 'UCS-SD38TB121X-EV', 'UCS-SD15TK1X-EV', 'UCS-SD960G63X-EP=', 'UCS-SD76T61X-EV', 'UCS-SD800G12TX-EP', 'UCS-SD480G6I1X-EV=', 'UCS-SD38TBKNK9=', 'UCS-SD240GBE1NK9', 'UCS-SD76TBM1X-EV', 'UCS-SD38T6I1X-EV', 'UCS-SD960GK1X-EV', 'UCS-SD480G61X-EV=', 'UCS-SD960GH61X-EV', 'UCS-SD960GBKNK9=', 'UCS-SD19T63X-EP=', 'UCS-SD16TM1X-EV', 'UCS-SD480G63X-EP', 'UCS-SD76TM1X-EV', 'UCS-SD19TBM1X-EV=', 'UCS-SD19T61X-EV', 'UCS-SD76TBKNK9', 'UCS-SD960G63X-EP', 'UCS-SD19TB121X-EV', 'UCS-SD32H123X-EP', 'UCS-SD76TBM1X-EV=', 'UCS-SD120GM1X-EV', 'UCS-SD38TBKNK9', 'UCS-SD38T61X-EV=', 'UCS-SD400G123X-EP', 'UCS-SD480G121X-EV=', 'UCS-SD240GM1X-EV', 'UCS-SD480GM1X-EV', 'UCS-SD960GBM1X-EV', 'UCS-SD960G61X-EV', 'UCS-SD960G2HTNK9', 'UCS-SD150G61X-EV', 'UCS-SD16TBKNK9', 'UCS-SD16TBM1X-EV', 'UCS-SD960GBM1X-EV=', 'UCS-SD16TM1X-EV=', 'UCS-SD38TK1X-EV=', 'UCS-SD16H123X-EP', 'UCS-SD480GBM1X-EV=', 'UCS-SD480G6I1X-EV', 'UCS-SD400G12TX-EP', 'UCS-SD800H123X-EP', 'UCS-SD16TBKNK9=', 'UCS-SD19TK1X-EV', 'UCS-SD960GBKNK9', 'UCS-SD19TK1X-EV=', 'UCS-SD960G6I1X-EV=', 'UCS-SD19T61X-EV=', 'UCS-SD15TK1X-EV=']","['UCS-HD600G15NK9=', 'UCS-HD1T7K12N=', 'UCS-HD900G15K12N', 'UCS-HD18TB10K4KN=', 'UCS-HD24TB10K4KN', 'UCS-HD2T7K12N', 'UCS-HD1T7K12N', 'UCS-HD18T10NK9=', 'UCS-HD300G15K12N=', 'UCS-HD12T10NK9', 'UCS-HD12TB10K12N', 'UCS-HD600G10K12N=', 'UCS-HD24T10NK9', 'UCS-HD12T10NK9=', 'UCS-HD600G10K12N', 'UCS-HD600G15NK9', 'UCS-HD600G15K12N=', 'UCS-HD18TB10K4KN', 'UCS-HD600G15K12N', 'UCS-HD300G10K12N=', 'UCS-HD300G15K12N', 'UCS-HD18T10NK9', 'UCS-HD12TB10K12N=', 'UCS-HD24T10NK9=', 'UCS-HD300G10K12N', 'UCS-HD900G15K12N=', 'UCS-HD24TB10K4KN=', 'UCS-HD2T7K12N=']",64GB,3200,2,4,DDR4,RDIMM,ECC,1.2V,STD,1,,,is_encoded,c480-m5-high-performance-specsheet.pdf,https://www.cisco.com/c/dam/en/us/products/collateral/servers-unified-computing/ucs-c-series-rack-servers/c480-m5-high-performance-specsheet.pdf,https://www.cisco.com/c/dam/en/us/products/collateral/servers-unified-computing/ucs-c-series-rack-servers/c480-m5-high-performance-specsheet.pdf,,,64D4ER24320012S1,2Rx4,"('1Rx4', '2Rx4', '8Rx4')",,,,
Cisco,UCS-MR-X64G2RT-H,Cisco UCS C480 M5  Server,Cisco,UCS,C480 M5,UCS-MR-X64G2RT-H 64GB DDR4-2933MHz RDIMM 2Rx4 (16Gb)/1.2v,['24'],,,,,,memory,"['6226', '6238', '6238L=', '8276L', '5222', '8280L=', '5218=', '8260M', '8276', '6262V', '8260L', '8280M', '8260', '8280L', '6240Y', '6240M', '8268', '8276=', '6234=', '8260Y=', '5222=', '6246', '6250', '6240Y=', '6252=', '8270', '6252N', '8270=', '6244', '6242=', '6240', '8260=', '8280', '8276L=', '5215M', '5215=', '5217', '5218', '5220', '8276M', '5220=', '5220S=', '6238M', '6240L', '6262V=', '6254', '8253', '6246=', '6222V=', '4214Y', '6252', '6242', '5220S', '5215L=', '8253=', '6248', '6230', '6240L=', '6240=', '6238=', '6230=', '5215', '8260Y', '6226=', '6222V', '8280=', '3204', '6244=', '6234', '8268=', '6248=', '5217=', '6238L', '6254=', '8260L=', '5215L']","['UCS-MR-X16G1RW=', 'UCS-MR-128G8RS-H', 'UCS-MR-X64G2RW=', 'UCS-MR-X32G2RT-H', 'UCS-MR-X16G1RS-H', 'UCS-MR-X16G1RW1', 'UCS-MR-X64G2RT-H', 'UCS-MR-X32G2RS-H', 'UCS-MR-X32G2RW1', 'UCS-MR-X16G2RS-H', 'UCS-MR-X32G2RW=', 'UCS-MR-X32G2RSHM', 'UCS-MR-X64G4RS-H', 'UCS-MR-X16G1RSHM', 'UCS-MR-X16G1RT-H', 'UCS-MR-X64G2RW1', 'UCS-MR-X32G2RSHS']","['UCS-SD240GBM1X-EV=', 'UCS-SD800GBKNK9=', 'UCS-SD38T6I1X-EV=', 'UCS-SD19T63X-EP', 'UCS-SD150G61X-EV=', 'UCS-SD38TBM1X-EV', 'UCS-SD16T61X-EV', 'UCS-SD38TBE1NK9', 'UCS-SD19TBM1X-EV', 'UCS-SD16TBM1X-EV=', 'UCS-SD16TB12TX-EP', 'UCS-SD480G121X-EV', 'UCS-SD400H123X-EP', 'UCS-SD76TBKNK9=', 'UCS-SD38T61X-EV', 'UCS-SD76TK1X-EV=', 'UCS-SD38TBM1X-EV=', 'UCS-SD32TKA3X-EP', 'UCS-SD240GBM1X-EV', 'UCS-SD960GBM2NK9', 'UCS-SD38TH61X-EV', 'UCS-SD38TM1X-EV', 'UCS-SD76TBEM2NK9', 'UCS-SD480GBM1X-EV', 'UCS-SD38TK1X-EV', 'UCS-SD240G61X-EV', 'UCS-SD800GBKNK9', 'UCS-SD76TK1X-EV', 'UCS-SD16T123X-EP', 'UCS-SD960GK1X-EV=', 'UCS-SD32T123X-EP', 'UCS-SD800G123X-EP', 'UCS-SD960G121X-EV', 'UCS-SD120GM1X-EV=', 'UCS-SD480G61X-EV', 'UCS-SD960G6I1X-EV', 'UCS-SD38TB121X-EV', 'UCS-SD15TK1X-EV', 'UCS-SD960G63X-EP=', 'UCS-SD76T61X-EV', 'UCS-SD800G12TX-EP', 'UCS-SD480G6I1X-EV=', 'UCS-SD38TBKNK9=', 'UCS-SD240GBE1NK9', 'UCS-SD76TBM1X-EV', 'UCS-SD38T6I1X-EV', 'UCS-SD960GK1X-EV', 'UCS-SD480G61X-EV=', 'UCS-SD960GH61X-EV', 'UCS-SD960GBKNK9=', 'UCS-SD19T63X-EP=', 'UCS-SD16TM1X-EV', 'UCS-SD480G63X-EP', 'UCS-SD76TM1X-EV', 'UCS-SD19TBM1X-EV=', 'UCS-SD19T61X-EV', 'UCS-SD76TBKNK9', 'UCS-SD960G63X-EP', 'UCS-SD19TB121X-EV', 'UCS-SD32H123X-EP', 'UCS-SD76TBM1X-EV=', 'UCS-SD120GM1X-EV', 'UCS-SD38TBKNK9', 'UCS-SD38T61X-EV=', 'UCS-SD400G123X-EP', 'UCS-SD480G121X-EV=', 'UCS-SD240GM1X-EV', 'UCS-SD480GM1X-EV', 'UCS-SD960GBM1X-EV', 'UCS-SD960G61X-EV', 'UCS-SD960G2HTNK9', 'UCS-SD150G61X-EV', 'UCS-SD16TBKNK9', 'UCS-SD16TBM1X-EV', 'UCS-SD960GBM1X-EV=', 'UCS-SD16TM1X-EV=', 'UCS-SD38TK1X-EV=', 'UCS-SD16H123X-EP', 'UCS-SD480GBM1X-EV=', 'UCS-SD480G6I1X-EV', 'UCS-SD400G12TX-EP', 'UCS-SD800H123X-EP', 'UCS-SD16TBKNK9=', 'UCS-SD19TK1X-EV', 'UCS-SD960GBKNK9', 'UCS-SD19TK1X-EV=', 'UCS-SD960G6I1X-EV=', 'UCS-SD19T61X-EV=', 'UCS-SD15TK1X-EV=']","['UCS-HD600G15NK9=', 'UCS-HD1T7K12N=', 'UCS-HD900G15K12N', 'UCS-HD18TB10K4KN=', 'UCS-HD24TB10K4KN', 'UCS-HD2T7K12N', 'UCS-HD1T7K12N', 'UCS-HD18T10NK9=', 'UCS-HD300G15K12N=', 'UCS-HD12T10NK9', 'UCS-HD12TB10K12N', 'UCS-HD600G10K12N=', 'UCS-HD24T10NK9', 'UCS-HD12T10NK9=', 'UCS-HD600G10K12N', 'UCS-HD600G15NK9', 'UCS-HD600G15K12N=', 'UCS-HD18TB10K4KN', 'UCS-HD600G15K12N', 'UCS-HD300G10K12N=', 'UCS-HD300G15K12N', 'UCS-HD18T10NK9', 'UCS-HD12TB10K12N=', 'UCS-HD24T10NK9=', 'UCS-HD300G10K12N', 'UCS-HD900G15K12N=', 'UCS-HD24TB10K4KN=', 'UCS-HD2T7K12N=']",64GB,2933,2,4,DDR4,RDIMM,ECC,1.2V,STD,1,,,is_encoded,c480-m5-high-performance-specsheet.pdf,https://www.cisco.com/c/dam/en/us/products/collateral/servers-unified-computing/ucs-c-series-rack-servers/c480-m5-high-performance-specsheet.pdf,https://www.cisco.com/c/dam/en/us/products/collateral/servers-unified-computing/ucs-c-series-rack-servers/c480-m5-high-performance-specsheet.pdf,,,64D4ER24293312S1,2Rx4,"('1Rx4', '2Rx4', '8Rx4')",,,,
Cisco,UCS-MR-X32G2RW,Cisco UCS C480 M5  Server,Cisco,UCS,C480 M5,UCS-MR-X32G2RW1 32 GB DDR4-3200MHz RDIMM 2Rx4 (8Gb) 1.2 V 2,['24'],,,,,,memory,"['6226', '6238', '6238L=', '8276L', '5222', '8280L=', '5218=', '8260M', '8276', '6262V', '8260L', '8280M', '8260', '8280L', '6240Y', '6240M', '8268', '8276=', '6234=', '8260Y=', '5222=', '6246', '6250', '6240Y=', '6252=', '8270', '6252N', '8270=', '6244', '6242=', '6240', '8260=', '8280', '8276L=', '5215M', '5215=', '5217', '5218', '5220', '8276M', '5220=', '5220S=', '6238M', '6240L', '6262V=', '6254', '8253', '6246=', '6222V=', '4214Y', '6252', '6242', '5220S', '5215L=', '8253=', '6248', '6230', '6240L=', '6240=', '6238=', '6230=', '5215', '8260Y', '6226=', '6222V', '8280=', '3204', '6244=', '6234', '8268=', '6248=', '5217=', '6238L', '6254=', '8260L=', '5215L']","['UCS-MR-X16G1RW=', 'UCS-MR-128G8RS-H', 'UCS-MR-X64G2RW=', 'UCS-MR-X32G2RT-H', 'UCS-MR-X16G1RS-H', 'UCS-MR-X16G1RW1', 'UCS-MR-X64G2RT-H', 'UCS-MR-X32G2RS-H', 'UCS-MR-X32G2RW1', 'UCS-MR-X16G2RS-H', 'UCS-MR-X32G2RW=', 'UCS-MR-X32G2RSHM', 'UCS-MR-X64G4RS-H', 'UCS-MR-X16G1RSHM', 'UCS-MR-X16G1RT-H', 'UCS-MR-X64G2RW1', 'UCS-MR-X32G2RSHS']","['UCS-SD240GBM1X-EV=', 'UCS-SD800GBKNK9=', 'UCS-SD38T6I1X-EV=', 'UCS-SD19T63X-EP', 'UCS-SD150G61X-EV=', 'UCS-SD38TBM1X-EV', 'UCS-SD16T61X-EV', 'UCS-SD38TBE1NK9', 'UCS-SD19TBM1X-EV', 'UCS-SD16TBM1X-EV=', 'UCS-SD16TB12TX-EP', 'UCS-SD480G121X-EV', 'UCS-SD400H123X-EP', 'UCS-SD76TBKNK9=', 'UCS-SD38T61X-EV', 'UCS-SD76TK1X-EV=', 'UCS-SD38TBM1X-EV=', 'UCS-SD32TKA3X-EP', 'UCS-SD240GBM1X-EV', 'UCS-SD960GBM2NK9', 'UCS-SD38TH61X-EV', 'UCS-SD38TM1X-EV', 'UCS-SD76TBEM2NK9', 'UCS-SD480GBM1X-EV', 'UCS-SD38TK1X-EV', 'UCS-SD240G61X-EV', 'UCS-SD800GBKNK9', 'UCS-SD76TK1X-EV', 'UCS-SD16T123X-EP', 'UCS-SD960GK1X-EV=', 'UCS-SD32T123X-EP', 'UCS-SD800G123X-EP', 'UCS-SD960G121X-EV', 'UCS-SD120GM1X-EV=', 'UCS-SD480G61X-EV', 'UCS-SD960G6I1X-EV', 'UCS-SD38TB121X-EV', 'UCS-SD15TK1X-EV', 'UCS-SD960G63X-EP=', 'UCS-SD76T61X-EV', 'UCS-SD800G12TX-EP', 'UCS-SD480G6I1X-EV=', 'UCS-SD38TBKNK9=', 'UCS-SD240GBE1NK9', 'UCS-SD76TBM1X-EV', 'UCS-SD38T6I1X-EV', 'UCS-SD960GK1X-EV', 'UCS-SD480G61X-EV=', 'UCS-SD960GH61X-EV', 'UCS-SD960GBKNK9=', 'UCS-SD19T63X-EP=', 'UCS-SD16TM1X-EV', 'UCS-SD480G63X-EP', 'UCS-SD76TM1X-EV', 'UCS-SD19TBM1X-EV=', 'UCS-SD19T61X-EV', 'UCS-SD76TBKNK9', 'UCS-SD960G63X-EP', 'UCS-SD19TB121X-EV', 'UCS-SD32H123X-EP', 'UCS-SD76TBM1X-EV=', 'UCS-SD120GM1X-EV', 'UCS-SD38TBKNK9', 'UCS-SD38T61X-EV=', 'UCS-SD400G123X-EP', 'UCS-SD480G121X-EV=', 'UCS-SD240GM1X-EV', 'UCS-SD480GM1X-EV', 'UCS-SD960GBM1X-EV', 'UCS-SD960G61X-EV', 'UCS-SD960G2HTNK9', 'UCS-SD150G61X-EV', 'UCS-SD16TBKNK9', 'UCS-SD16TBM1X-EV', 'UCS-SD960GBM1X-EV=', 'UCS-SD16TM1X-EV=', 'UCS-SD38TK1X-EV=', 'UCS-SD16H123X-EP', 'UCS-SD480GBM1X-EV=', 'UCS-SD480G6I1X-EV', 'UCS-SD400G12TX-EP', 'UCS-SD800H123X-EP', 'UCS-SD16TBKNK9=', 'UCS-SD19TK1X-EV', 'UCS-SD960GBKNK9', 'UCS-SD19TK1X-EV=', 'UCS-SD960G6I1X-EV=', 'UCS-SD19T61X-EV=', 'UCS-SD15TK1X-EV=']","['UCS-HD600G15NK9=', 'UCS-HD1T7K12N=', 'UCS-HD900G15K12N', 'UCS-HD18TB10K4KN=', 'UCS-HD24TB10K4KN', 'UCS-HD2T7K12N', 'UCS-HD1T7K12N', 'UCS-HD18T10NK9=', 'UCS-HD300G15K12N=', 'UCS-HD12T10NK9', 'UCS-HD12TB10K12N', 'UCS-HD600G10K12N=', 'UCS-HD24T10NK9', 'UCS-HD12T10NK9=', 'UCS-HD600G10K12N', 'UCS-HD600G15NK9', 'UCS-HD600G15K12N=', 'UCS-HD18TB10K4KN', 'UCS-HD600G15K12N', 'UCS-HD300G10K12N=', 'UCS-HD300G15K12N', 'UCS-HD18T10NK9', 'UCS-HD12TB10K12N=', 'UCS-HD24T10NK9=', 'UCS-HD300G10K12N', 'UCS-HD900G15K12N=', 'UCS-HD24TB10K4KN=', 'UCS-HD2T7K12N=']",32GB,3200,2,4,DDR4,RDIMM,ECC,1.2V,STD,1,,,is_encoded,c480-m5-high-performance-specsheet.pdf,https://www.cisco.com/c/dam/en/us/products/collateral/servers-unified-computing/ucs-c-series-rack-servers/c480-m5-high-performance-specsheet.pdf,https://www.cisco.com/c/dam/en/us/products/collateral/servers-unified-computing/ucs-c-series-rack-servers/c480-m5-high-performance-specsheet.pdf,,,32D4ER24320012S1,2Rx4,"('1Rx4', '2Rx4', '8Rx4')",,,,
Cisco,UCS-MR-X32G2RW,Cisco UCS C480 M5  Server,Cisco,UCS,C480 M5,UCS-MR-X32G2RW 32GB DDR4-3200MHz RDIMM 2Rx4 (8Gb),['24'],,,,,,memory,"['6226', '6238', '6238L=', '8276L', '5222', '8280L=', '5218=', '8260M', '8276', '6262V', '8260L', '8280M', '8260', '8280L', '6240Y', '6240M', '8268', '8276=', '6234=', '8260Y=', '5222=', '6246', '6250', '6240Y=', '6252=', '8270', '6252N', '8270=', '6244', '6242=', '6240', '8260=', '8280', '8276L=', '5215M', '5215=', '5217', '5218', '5220', '8276M', '5220=', '5220S=', '6238M', '6240L', '6262V=', '6254', '8253', '6246=', '6222V=', '4214Y', '6252', '6242', '5220S', '5215L=', '8253=', '6248', '6230', '6240L=', '6240=', '6238=', '6230=', '5215', '8260Y', '6226=', '6222V', '8280=', '3204', '6244=', '6234', '8268=', '6248=', '5217=', '6238L', '6254=', '8260L=', '5215L']","['UCS-MR-X16G1RW=', 'UCS-MR-128G8RS-H', 'UCS-MR-X64G2RW=', 'UCS-MR-X32G2RT-H', 'UCS-MR-X16G1RS-H', 'UCS-MR-X16G1RW1', 'UCS-MR-X64G2RT-H', 'UCS-MR-X32G2RS-H', 'UCS-MR-X32G2RW1', 'UCS-MR-X16G2RS-H', 'UCS-MR-X32G2RW=', 'UCS-MR-X32G2RSHM', 'UCS-MR-X64G4RS-H', 'UCS-MR-X16G1RSHM', 'UCS-MR-X16G1RT-H', 'UCS-MR-X64G2RW1', 'UCS-MR-X32G2RSHS']","['UCS-SD240GBM1X-EV=', 'UCS-SD800GBKNK9=', 'UCS-SD38T6I1X-EV=', 'UCS-SD19T63X-EP', 'UCS-SD150G61X-EV=', 'UCS-SD38TBM1X-EV', 'UCS-SD16T61X-EV', 'UCS-SD38TBE1NK9', 'UCS-SD19TBM1X-EV', 'UCS-SD16TBM1X-EV=', 'UCS-SD16TB12TX-EP', 'UCS-SD480G121X-EV', 'UCS-SD400H123X-EP', 'UCS-SD76TBKNK9=', 'UCS-SD38T61X-EV', 'UCS-SD76TK1X-EV=', 'UCS-SD38TBM1X-EV=', 'UCS-SD32TKA3X-EP', 'UCS-SD240GBM1X-EV', 'UCS-SD960GBM2NK9', 'UCS-SD38TH61X-EV', 'UCS-SD38TM1X-EV', 'UCS-SD76TBEM2NK9', 'UCS-SD480GBM1X-EV', 'UCS-SD38TK1X-EV', 'UCS-SD240G61X-EV', 'UCS-SD800GBKNK9', 'UCS-SD76TK1X-EV', 'UCS-SD16T123X-EP', 'UCS-SD960GK1X-EV=', 'UCS-SD32T123X-EP', 'UCS-SD800G123X-EP', 'UCS-SD960G121X-EV', 'UCS-SD120GM1X-EV=', 'UCS-SD480G61X-EV', 'UCS-SD960G6I1X-EV', 'UCS-SD38TB121X-EV', 'UCS-SD15TK1X-EV', 'UCS-SD960G63X-EP=', 'UCS-SD76T61X-EV', 'UCS-SD800G12TX-EP', 'UCS-SD480G6I1X-EV=', 'UCS-SD38TBKNK9=', 'UCS-SD240GBE1NK9', 'UCS-SD76TBM1X-EV', 'UCS-SD38T6I1X-EV', 'UCS-SD960GK1X-EV', 'UCS-SD480G61X-EV=', 'UCS-SD960GH61X-EV', 'UCS-SD960GBKNK9=', 'UCS-SD19T63X-EP=', 'UCS-SD16TM1X-EV', 'UCS-SD480G63X-EP', 'UCS-SD76TM1X-EV', 'UCS-SD19TBM1X-EV=', 'UCS-SD19T61X-EV', 'UCS-SD76TBKNK9', 'UCS-SD960G63X-EP', 'UCS-SD19TB121X-EV', 'UCS-SD32H123X-EP', 'UCS-SD76TBM1X-EV=', 'UCS-SD120GM1X-EV', 'UCS-SD38TBKNK9', 'UCS-SD38T61X-EV=', 'UCS-SD400G123X-EP', 'UCS-SD480G121X-EV=', 'UCS-SD240GM1X-EV', 'UCS-SD480GM1X-EV', 'UCS-SD960GBM1X-EV', 'UCS-SD960G61X-EV', 'UCS-SD960G2HTNK9', 'UCS-SD150G61X-EV', 'UCS-SD16TBKNK9', 'UCS-SD16TBM1X-EV', 'UCS-SD960GBM1X-EV=', 'UCS-SD16TM1X-EV=', 'UCS-SD38TK1X-EV=', 'UCS-SD16H123X-EP', 'UCS-SD480GBM1X-EV=', 'UCS-SD480G6I1X-EV', 'UCS-SD400G12TX-EP', 'UCS-SD800H123X-EP', 'UCS-SD16TBKNK9=', 'UCS-SD19TK1X-EV', 'UCS-SD960GBKNK9', 'UCS-SD19TK1X-EV=', 'UCS-SD960G6I1X-EV=', 'UCS-SD19T61X-EV=', 'UCS-SD15TK1X-EV=']","['UCS-HD600G15NK9=', 'UCS-HD1T7K12N=', 'UCS-HD900G15K12N', 'UCS-HD18TB10K4KN=', 'UCS-HD24TB10K4KN', 'UCS-HD2T7K12N', 'UCS-HD1T7K12N', 'UCS-HD18T10NK9=', 'UCS-HD300G15K12N=', 'UCS-HD12T10NK9', 'UCS-HD12TB10K12N', 'UCS-HD600G10K12N=', 'UCS-HD24T10NK9', 'UCS-HD12T10NK9=', 'UCS-HD600G10K12N', 'UCS-HD600G15NK9', 'UCS-HD600G15K12N=', 'UCS-HD18TB10K4KN', 'UCS-HD600G15K12N', 'UCS-HD300G10K12N=', 'UCS-HD300G15K12N', 'UCS-HD18T10NK9', 'UCS-HD12TB10K12N=', 'UCS-HD24T10NK9=', 'UCS-HD300G10K12N', 'UCS-HD900G15K12N=', 'UCS-HD24TB10K4KN=', 'UCS-HD2T7K12N=']",32GB,3200,2,4,DDR4,RDIMM,ECC,1.2V,STD,1,,,is_encoded,c480-m5-high-performance-specsheet.pdf,https://www.cisco.com/c/dam/en/us/products/collateral/servers-unified-computing/ucs-c-series-rack-servers/c480-m5-high-performance-specsheet.pdf,https://www.cisco.com/c/dam/en/us/products/collateral/servers-unified-computing/ucs-c-series-rack-servers/c480-m5-high-performance-specsheet.pdf,,,32D4ER24320012S1,2Rx4,"('1Rx4', '2Rx4', '8Rx4')",,,,
Cisco,UCS-MR-X32G2RT-H,Cisco UCS C480 M5  Server,Cisco,UCS,C480 M5,UCS-MR-X32G2RT-H 32GB DDR4-2933MHz RDIMM 2Rx4 (8Gb)/1.2v,['24'],,,,,,memory,"['6226', '6238', '6238L=', '8276L', '5222', '8280L=', '5218=', '8260M', '8276', '6262V', '8260L', '8280M', '8260', '8280L', '6240Y', '6240M', '8268', '8276=', '6234=', '8260Y=', '5222=', '6246', '6250', '6240Y=', '6252=', '8270', '6252N', '8270=', '6244', '6242=', '6240', '8260=', '8280', '8276L=', '5215M', '5215=', '5217', '5218', '5220', '8276M', '5220=', '5220S=', '6238M', '6240L', '6262V=', '6254', '8253', '6246=', '6222V=', '4214Y', '6252', '6242', '5220S', '5215L=', '8253=', '6248', '6230', '6240L=', '6240=', '6238=', '6230=', '5215', '8260Y', '6226=', '6222V', '8280=', '3204', '6244=', '6234', '8268=', '6248=', '5217=', '6238L', '6254=', '8260L=', '5215L']","['UCS-MR-X16G1RW=', 'UCS-MR-128G8RS-H', 'UCS-MR-X64G2RW=', 'UCS-MR-X32G2RT-H', 'UCS-MR-X16G1RS-H', 'UCS-MR-X16G1RW1', 'UCS-MR-X64G2RT-H', 'UCS-MR-X32G2RS-H', 'UCS-MR-X32G2RW1', 'UCS-MR-X16G2RS-H', 'UCS-MR-X32G2RW=', 'UCS-MR-X32G2RSHM', 'UCS-MR-X64G4RS-H', 'UCS-MR-X16G1RSHM', 'UCS-MR-X16G1RT-H', 'UCS-MR-X64G2RW1', 'UCS-MR-X32G2RSHS']","['UCS-SD240GBM1X-EV=', 'UCS-SD800GBKNK9=', 'UCS-SD38T6I1X-EV=', 'UCS-SD19T63X-EP', 'UCS-SD150G61X-EV=', 'UCS-SD38TBM1X-EV', 'UCS-SD16T61X-EV', 'UCS-SD38TBE1NK9', 'UCS-SD19TBM1X-EV', 'UCS-SD16TBM1X-EV=', 'UCS-SD16TB12TX-EP', 'UCS-SD480G121X-EV', 'UCS-SD400H123X-EP', 'UCS-SD76TBKNK9=', 'UCS-SD38T61X-EV', 'UCS-SD76TK1X-EV=', 'UCS-SD38TBM1X-EV=', 'UCS-SD32TKA3X-EP', 'UCS-SD240GBM1X-EV', 'UCS-SD960GBM2NK9', 'UCS-SD38TH61X-EV', 'UCS-SD38TM1X-EV', 'UCS-SD76TBEM2NK9', 'UCS-SD480GBM1X-EV', 'UCS-SD38TK1X-EV', 'UCS-SD240G61X-EV', 'UCS-SD800GBKNK9', 'UCS-SD76TK1X-EV', 'UCS-SD16T123X-EP', 'UCS-SD960GK1X-EV=', 'UCS-SD32T123X-EP', 'UCS-SD800G123X-EP', 'UCS-SD960G121X-EV', 'UCS-SD120GM1X-EV=', 'UCS-SD480G61X-EV', 'UCS-SD960G6I1X-EV', 'UCS-SD38TB121X-EV', 'UCS-SD15TK1X-EV', 'UCS-SD960G63X-EP=', 'UCS-SD76T61X-EV', 'UCS-SD800G12TX-EP', 'UCS-SD480G6I1X-EV=', 'UCS-SD38TBKNK9=', 'UCS-SD240GBE1NK9', 'UCS-SD76TBM1X-EV', 'UCS-SD38T6I1X-EV', 'UCS-SD960GK1X-EV', 'UCS-SD480G61X-EV=', 'UCS-SD960GH61X-EV', 'UCS-SD960GBKNK9=', 'UCS-SD19T63X-EP=', 'UCS-SD16TM1X-EV', 'UCS-SD480G63X-EP', 'UCS-SD76TM1X-EV', 'UCS-SD19TBM1X-EV=', 'UCS-SD19T61X-EV', 'UCS-SD76TBKNK9', 'UCS-SD960G63X-EP', 'UCS-SD19TB121X-EV', 'UCS-SD32H123X-EP', 'UCS-SD76TBM1X-EV=', 'UCS-SD120GM1X-EV', 'UCS-SD38TBKNK9', 'UCS-SD38T61X-EV=', 'UCS-SD400G123X-EP', 'UCS-SD480G121X-EV=', 'UCS-SD240GM1X-EV', 'UCS-SD480GM1X-EV', 'UCS-SD960GBM1X-EV', 'UCS-SD960G61X-EV', 'UCS-SD960G2HTNK9', 'UCS-SD150G61X-EV', 'UCS-SD16TBKNK9', 'UCS-SD16TBM1X-EV', 'UCS-SD960GBM1X-EV=', 'UCS-SD16TM1X-EV=', 'UCS-SD38TK1X-EV=', 'UCS-SD16H123X-EP', 'UCS-SD480GBM1X-EV=', 'UCS-SD480G6I1X-EV', 'UCS-SD400G12TX-EP', 'UCS-SD800H123X-EP', 'UCS-SD16TBKNK9=', 'UCS-SD19TK1X-EV', 'UCS-SD960GBKNK9', 'UCS-SD19TK1X-EV=', 'UCS-SD960G6I1X-EV=', 'UCS-SD19T61X-EV=', 'UCS-SD15TK1X-EV=']","['UCS-HD600G15NK9=', 'UCS-HD1T7K12N=', 'UCS-HD900G15K12N', 'UCS-HD18TB10K4KN=', 'UCS-HD24TB10K4KN', 'UCS-HD2T7K12N', 'UCS-HD1T7K12N', 'UCS-HD18T10NK9=', 'UCS-HD300G15K12N=', 'UCS-HD12T10NK9', 'UCS-HD12TB10K12N', 'UCS-HD600G10K12N=', 'UCS-HD24T10NK9', 'UCS-HD12T10NK9=', 'UCS-HD600G10K12N', 'UCS-HD600G15NK9', 'UCS-HD600G15K12N=', 'UCS-HD18TB10K4KN', 'UCS-HD600G15K12N', 'UCS-HD300G10K12N=', 'UCS-HD300G15K12N', 'UCS-HD18T10NK9', 'UCS-HD12TB10K12N=', 'UCS-HD24T10NK9=', 'UCS-HD300G10K12N', 'UCS-HD900G15K12N=', 'UCS-HD24TB10K4KN=', 'UCS-HD2T7K12N=']",32GB,2933,2,4,DDR4,RDIMM,ECC,1.2V,STD,1,,,is_encoded,c480-m5-high-performance-specsheet.pdf,https://www.cisco.com/c/dam/en/us/products/collateral/servers-unified-computing/ucs-c-series-rack-servers/c480-m5-high-performance-specsheet.pdf,https://www.cisco.com/c/dam/en/us/products/collateral/servers-unified-computing/ucs-c-series-rack-servers/c480-m5-high-performance-specsheet.pdf,,,32D4ER24293312S1,2Rx4,"('1Rx4', '2Rx4', '8Rx4')",,,,
Cisco,UCS-MR-X32G2RS-H,Cisco UCS C480 M5  Server,Cisco,UCS,C480 M5,UCS-MR-X32G2RS-H 32GB DDR4-2666-MHz RDIMM/PC4-21300/dual rank/x4/1.2v,['24'],,,,,,memory,"['6226', '6238', '6238L=', '8276L', '5222', '8280L=', '5218=', '8260M', '8276', '6262V', '8260L', '8280M', '8260', '8280L', '6240Y', '6240M', '8268', '8276=', '6234=', '8260Y=', '5222=', '6246', '6250', '6240Y=', '6252=', '8270', '6252N', '8270=', '6244', '6242=', '6240', '8260=', '8280', '8276L=', '5215M', '5215=', '5217', '5218', '5220', '8276M', '5220=', '5220S=', '6238M', '6240L', '6262V=', '6254', '8253', '6246=', '6222V=', '4214Y', '6252', '6242', '5220S', '5215L=', '8253=', '6248', '6230', '6240L=', '6240=', '6238=', '6230=', '5215', '8260Y', '6226=', '6222V', '8280=', '3204', '6244=', '6234', '8268=', '6248=', '5217=', '6238L', '6254=', '8260L=', '5215L']","['UCS-MR-X16G1RW=', 'UCS-MR-128G8RS-H', 'UCS-MR-X64G2RW=', 'UCS-MR-X32G2RT-H', 'UCS-MR-X16G1RS-H', 'UCS-MR-X16G1RW1', 'UCS-MR-X64G2RT-H', 'UCS-MR-X32G2RS-H', 'UCS-MR-X32G2RW1', 'UCS-MR-X16G2RS-H', 'UCS-MR-X32G2RW=', 'UCS-MR-X32G2RSHM', 'UCS-MR-X64G4RS-H', 'UCS-MR-X16G1RSHM', 'UCS-MR-X16G1RT-H', 'UCS-MR-X64G2RW1', 'UCS-MR-X32G2RSHS']","['UCS-SD240GBM1X-EV=', 'UCS-SD800GBKNK9=', 'UCS-SD38T6I1X-EV=', 'UCS-SD19T63X-EP', 'UCS-SD150G61X-EV=', 'UCS-SD38TBM1X-EV', 'UCS-SD16T61X-EV', 'UCS-SD38TBE1NK9', 'UCS-SD19TBM1X-EV', 'UCS-SD16TBM1X-EV=', 'UCS-SD16TB12TX-EP', 'UCS-SD480G121X-EV', 'UCS-SD400H123X-EP', 'UCS-SD76TBKNK9=', 'UCS-SD38T61X-EV', 'UCS-SD76TK1X-EV=', 'UCS-SD38TBM1X-EV=', 'UCS-SD32TKA3X-EP', 'UCS-SD240GBM1X-EV', 'UCS-SD960GBM2NK9', 'UCS-SD38TH61X-EV', 'UCS-SD38TM1X-EV', 'UCS-SD76TBEM2NK9', 'UCS-SD480GBM1X-EV', 'UCS-SD38TK1X-EV', 'UCS-SD240G61X-EV', 'UCS-SD800GBKNK9', 'UCS-SD76TK1X-EV', 'UCS-SD16T123X-EP', 'UCS-SD960GK1X-EV=', 'UCS-SD32T123X-EP', 'UCS-SD800G123X-EP', 'UCS-SD960G121X-EV', 'UCS-SD120GM1X-EV=', 'UCS-SD480G61X-EV', 'UCS-SD960G6I1X-EV', 'UCS-SD38TB121X-EV', 'UCS-SD15TK1X-EV', 'UCS-SD960G63X-EP=', 'UCS-SD76T61X-EV', 'UCS-SD800G12TX-EP', 'UCS-SD480G6I1X-EV=', 'UCS-SD38TBKNK9=', 'UCS-SD240GBE1NK9', 'UCS-SD76TBM1X-EV', 'UCS-SD38T6I1X-EV', 'UCS-SD960GK1X-EV', 'UCS-SD480G61X-EV=', 'UCS-SD960GH61X-EV', 'UCS-SD960GBKNK9=', 'UCS-SD19T63X-EP=', 'UCS-SD16TM1X-EV', 'UCS-SD480G63X-EP', 'UCS-SD76TM1X-EV', 'UCS-SD19TBM1X-EV=', 'UCS-SD19T61X-EV', 'UCS-SD76TBKNK9', 'UCS-SD960G63X-EP', 'UCS-SD19TB121X-EV', 'UCS-SD32H123X-EP', 'UCS-SD76TBM1X-EV=', 'UCS-SD120GM1X-EV', 'UCS-SD38TBKNK9', 'UCS-SD38T61X-EV=', 'UCS-SD400G123X-EP', 'UCS-SD480G121X-EV=', 'UCS-SD240GM1X-EV', 'UCS-SD480GM1X-EV', 'UCS-SD960GBM1X-EV', 'UCS-SD960G61X-EV', 'UCS-SD960G2HTNK9', 'UCS-SD150G61X-EV', 'UCS-SD16TBKNK9', 'UCS-SD16TBM1X-EV', 'UCS-SD960GBM1X-EV=', 'UCS-SD16TM1X-EV=', 'UCS-SD38TK1X-EV=', 'UCS-SD16H123X-EP', 'UCS-SD480GBM1X-EV=', 'UCS-SD480G6I1X-EV', 'UCS-SD400G12TX-EP', 'UCS-SD800H123X-EP', 'UCS-SD16TBKNK9=', 'UCS-SD19TK1X-EV', 'UCS-SD960GBKNK9', 'UCS-SD19TK1X-EV=', 'UCS-SD960G6I1X-EV=', 'UCS-SD19T61X-EV=', 'UCS-SD15TK1X-EV=']","['UCS-HD600G15NK9=', 'UCS-HD1T7K12N=', 'UCS-HD900G15K12N', 'UCS-HD18TB10K4KN=', 'UCS-HD24TB10K4KN', 'UCS-HD2T7K12N', 'UCS-HD1T7K12N', 'UCS-HD18T10NK9=', 'UCS-HD300G15K12N=', 'UCS-HD12T10NK9', 'UCS-HD12TB10K12N', 'UCS-HD600G10K12N=', 'UCS-HD24T10NK9', 'UCS-HD12T10NK9=', 'UCS-HD600G10K12N', 'UCS-HD600G15NK9', 'UCS-HD600G15K12N=', 'UCS-HD18TB10K4KN', 'UCS-HD600G15K12N', 'UCS-HD300G10K12N=', 'UCS-HD300G15K12N', 'UCS-HD18T10NK9', 'UCS-HD12TB10K12N=', 'UCS-HD24T10NK9=', 'UCS-HD300G10K12N', 'UCS-HD900G15K12N=', 'UCS-HD24TB10K4KN=', 'UCS-HD2T7K12N=']",32GB,2666,2,4,DDR4,RDIMM,ECC,1.2V,STD,1,,,is_encoded,c480-m5-high-performance-specsheet.pdf,https://www.cisco.com/c/dam/en/us/products/collateral/servers-unified-computing/ucs-c-series-rack-servers/c480-m5-high-performance-specsheet.pdf,https://www.cisco.com/c/dam/en/us/products/collateral/servers-unified-computing/ucs-c-series-rack-servers/c480-m5-high-performance-specsheet.pdf,,,32D4ER24266612S1,2Rx4,"('1Rx4', '2Rx4', '8Rx4')",,,,
Cisco,UCS-MR-X32G2RSHS,Cisco UCS C480 M5  Server,Cisco,UCS,C480 M5,UCS-MR-X32G2RSHS 32GB DDR4-2666-MHz RDIMM/dual rank/x4/1.2v. Samsung only,['24'],,,,,,memory,"['6226', '6238', '6238L=', '8276L', '5222', '8280L=', '5218=', '8260M', '8276', '6262V', '8260L', '8280M', '8260', '8280L', '6240Y', '6240M', '8268', '8276=', '6234=', '8260Y=', '5222=', '6246', '6250', '6240Y=', '6252=', '8270', '6252N', '8270=', '6244', '6242=', '6240', '8260=', '8280', '8276L=', '5215M', '5215=', '5217', '5218', '5220', '8276M', '5220=', '5220S=', '6238M', '6240L', '6262V=', '6254', '8253', '6246=', '6222V=', '4214Y', '6252', '6242', '5220S', '5215L=', '8253=', '6248', '6230', '6240L=', '6240=', '6238=', '6230=', '5215', '8260Y', '6226=', '6222V', '8280=', '3204', '6244=', '6234', '8268=', '6248=', '5217=', '6238L', '6254=', '8260L=', '5215L']","['UCS-MR-X16G1RW=', 'UCS-MR-128G8RS-H', 'UCS-MR-X64G2RW=', 'UCS-MR-X32G2RT-H', 'UCS-MR-X16G1RS-H', 'UCS-MR-X16G1RW1', 'UCS-MR-X64G2RT-H', 'UCS-MR-X32G2RS-H', 'UCS-MR-X32G2RW1', 'UCS-MR-X16G2RS-H', 'UCS-MR-X32G2RW=', 'UCS-MR-X32G2RSHM', 'UCS-MR-X64G4RS-H', 'UCS-MR-X16G1RSHM', 'UCS-MR-X16G1RT-H', 'UCS-MR-X64G2RW1', 'UCS-MR-X32G2RSHS']","['UCS-SD240GBM1X-EV=', 'UCS-SD800GBKNK9=', 'UCS-SD38T6I1X-EV=', 'UCS-SD19T63X-EP', 'UCS-SD150G61X-EV=', 'UCS-SD38TBM1X-EV', 'UCS-SD16T61X-EV', 'UCS-SD38TBE1NK9', 'UCS-SD19TBM1X-EV', 'UCS-SD16TBM1X-EV=', 'UCS-SD16TB12TX-EP', 'UCS-SD480G121X-EV', 'UCS-SD400H123X-EP', 'UCS-SD76TBKNK9=', 'UCS-SD38T61X-EV', 'UCS-SD76TK1X-EV=', 'UCS-SD38TBM1X-EV=', 'UCS-SD32TKA3X-EP', 'UCS-SD240GBM1X-EV', 'UCS-SD960GBM2NK9', 'UCS-SD38TH61X-EV', 'UCS-SD38TM1X-EV', 'UCS-SD76TBEM2NK9', 'UCS-SD480GBM1X-EV', 'UCS-SD38TK1X-EV', 'UCS-SD240G61X-EV', 'UCS-SD800GBKNK9', 'UCS-SD76TK1X-EV', 'UCS-SD16T123X-EP', 'UCS-SD960GK1X-EV=', 'UCS-SD32T123X-EP', 'UCS-SD800G123X-EP', 'UCS-SD960G121X-EV', 'UCS-SD120GM1X-EV=', 'UCS-SD480G61X-EV', 'UCS-SD960G6I1X-EV', 'UCS-SD38TB121X-EV', 'UCS-SD15TK1X-EV', 'UCS-SD960G63X-EP=', 'UCS-SD76T61X-EV', 'UCS-SD800G12TX-EP', 'UCS-SD480G6I1X-EV=', 'UCS-SD38TBKNK9=', 'UCS-SD240GBE1NK9', 'UCS-SD76TBM1X-EV', 'UCS-SD38T6I1X-EV', 'UCS-SD960GK1X-EV', 'UCS-SD480G61X-EV=', 'UCS-SD960GH61X-EV', 'UCS-SD960GBKNK9=', 'UCS-SD19T63X-EP=', 'UCS-SD16TM1X-EV', 'UCS-SD480G63X-EP', 'UCS-SD76TM1X-EV', 'UCS-SD19TBM1X-EV=', 'UCS-SD19T61X-EV', 'UCS-SD76TBKNK9', 'UCS-SD960G63X-EP', 'UCS-SD19TB121X-EV', 'UCS-SD32H123X-EP', 'UCS-SD76TBM1X-EV=', 'UCS-SD120GM1X-EV', 'UCS-SD38TBKNK9', 'UCS-SD38T61X-EV=', 'UCS-SD400G123X-EP', 'UCS-SD480G121X-EV=', 'UCS-SD240GM1X-EV', 'UCS-SD480GM1X-EV', 'UCS-SD960GBM1X-EV', 'UCS-SD960G61X-EV', 'UCS-SD960G2HTNK9', 'UCS-SD150G61X-EV', 'UCS-SD16TBKNK9', 'UCS-SD16TBM1X-EV', 'UCS-SD960GBM1X-EV=', 'UCS-SD16TM1X-EV=', 'UCS-SD38TK1X-EV=', 'UCS-SD16H123X-EP', 'UCS-SD480GBM1X-EV=', 'UCS-SD480G6I1X-EV', 'UCS-SD400G12TX-EP', 'UCS-SD800H123X-EP', 'UCS-SD16TBKNK9=', 'UCS-SD19TK1X-EV', 'UCS-SD960GBKNK9', 'UCS-SD19TK1X-EV=', 'UCS-SD960G6I1X-EV=', 'UCS-SD19T61X-EV=', 'UCS-SD15TK1X-EV=']","['UCS-HD600G15NK9=', 'UCS-HD1T7K12N=', 'UCS-HD900G15K12N', 'UCS-HD18TB10K4KN=', 'UCS-HD24TB10K4KN', 'UCS-HD2T7K12N', 'UCS-HD1T7K12N', 'UCS-HD18T10NK9=', 'UCS-HD300G15K12N=', 'UCS-HD12T10NK9', 'UCS-HD12TB10K12N', 'UCS-HD600G10K12N=', 'UCS-HD24T10NK9', 'UCS-HD12T10NK9=', 'UCS-HD600G10K12N', 'UCS-HD600G15NK9', 'UCS-HD600G15K12N=', 'UCS-HD18TB10K4KN', 'UCS-HD600G15K12N', 'UCS-HD300G10K12N=', 'UCS-HD300G15K12N', 'UCS-HD18T10NK9', 'UCS-HD12TB10K12N=', 'UCS-HD24T10NK9=', 'UCS-HD300G10K12N', 'UCS-HD900G15K12N=', 'UCS-HD24TB10K4KN=', 'UCS-HD2T7K12N=']",32GB,2666,2,4,DDR4,RDIMM,ECC,1.2V,STD,1,,,is_encoded,c480-m5-high-performance-specsheet.pdf,https://www.cisco.com/c/dam/en/us/products/collateral/servers-unified-computing/ucs-c-series-rack-servers/c480-m5-high-performance-specsheet.pdf,https://www.cisco.com/c/dam/en/us/products/collateral/servers-unified-computing/ucs-c-series-rack-servers/c480-m5-high-performance-specsheet.pdf,,,32D4ER24266612S1,2Rx4,"('1Rx4', '2Rx4', '8Rx4')",,,,
Cisco,UCS-MR-X32G2RSHM,Cisco UCS C480 M5  Server,Cisco,UCS,C480 M5,UCS-MR-X32G2RSHM 32GB DDR4-2666-MHz RDIMM/dual rank/x4/1.2v. Micron only,['24'],,,,,,memory,"['6226', '6238', '6238L=', '8276L', '5222', '8280L=', '5218=', '8260M', '8276', '6262V', '8260L', '8280M', '8260', '8280L', '6240Y', '6240M', '8268', '8276=', '6234=', '8260Y=', '5222=', '6246', '6250', '6240Y=', '6252=', '8270', '6252N', '8270=', '6244', '6242=', '6240', '8260=', '8280', '8276L=', '5215M', '5215=', '5217', '5218', '5220', '8276M', '5220=', '5220S=', '6238M', '6240L', '6262V=', '6254', '8253', '6246=', '6222V=', '4214Y', '6252', '6242', '5220S', '5215L=', '8253=', '6248', '6230', '6240L=', '6240=', '6238=', '6230=', '5215', '8260Y', '6226=', '6222V', '8280=', '3204', '6244=', '6234', '8268=', '6248=', '5217=', '6238L', '6254=', '8260L=', '5215L']","['UCS-MR-X16G1RW=', 'UCS-MR-128G8RS-H', 'UCS-MR-X64G2RW=', 'UCS-MR-X32G2RT-H', 'UCS-MR-X16G1RS-H', 'UCS-MR-X16G1RW1', 'UCS-MR-X64G2RT-H', 'UCS-MR-X32G2RS-H', 'UCS-MR-X32G2RW1', 'UCS-MR-X16G2RS-H', 'UCS-MR-X32G2RW=', 'UCS-MR-X32G2RSHM', 'UCS-MR-X64G4RS-H', 'UCS-MR-X16G1RSHM', 'UCS-MR-X16G1RT-H', 'UCS-MR-X64G2RW1', 'UCS-MR-X32G2RSHS']","['UCS-SD240GBM1X-EV=', 'UCS-SD800GBKNK9=', 'UCS-SD38T6I1X-EV=', 'UCS-SD19T63X-EP', 'UCS-SD150G61X-EV=', 'UCS-SD38TBM1X-EV', 'UCS-SD16T61X-EV', 'UCS-SD38TBE1NK9', 'UCS-SD19TBM1X-EV', 'UCS-SD16TBM1X-EV=', 'UCS-SD16TB12TX-EP', 'UCS-SD480G121X-EV', 'UCS-SD400H123X-EP', 'UCS-SD76TBKNK9=', 'UCS-SD38T61X-EV', 'UCS-SD76TK1X-EV=', 'UCS-SD38TBM1X-EV=', 'UCS-SD32TKA3X-EP', 'UCS-SD240GBM1X-EV', 'UCS-SD960GBM2NK9', 'UCS-SD38TH61X-EV', 'UCS-SD38TM1X-EV', 'UCS-SD76TBEM2NK9', 'UCS-SD480GBM1X-EV', 'UCS-SD38TK1X-EV', 'UCS-SD240G61X-EV', 'UCS-SD800GBKNK9', 'UCS-SD76TK1X-EV', 'UCS-SD16T123X-EP', 'UCS-SD960GK1X-EV=', 'UCS-SD32T123X-EP', 'UCS-SD800G123X-EP', 'UCS-SD960G121X-EV', 'UCS-SD120GM1X-EV=', 'UCS-SD480G61X-EV', 'UCS-SD960G6I1X-EV', 'UCS-SD38TB121X-EV', 'UCS-SD15TK1X-EV', 'UCS-SD960G63X-EP=', 'UCS-SD76T61X-EV', 'UCS-SD800G12TX-EP', 'UCS-SD480G6I1X-EV=', 'UCS-SD38TBKNK9=', 'UCS-SD240GBE1NK9', 'UCS-SD76TBM1X-EV', 'UCS-SD38T6I1X-EV', 'UCS-SD960GK1X-EV', 'UCS-SD480G61X-EV=', 'UCS-SD960GH61X-EV', 'UCS-SD960GBKNK9=', 'UCS-SD19T63X-EP=', 'UCS-SD16TM1X-EV', 'UCS-SD480G63X-EP', 'UCS-SD76TM1X-EV', 'UCS-SD19TBM1X-EV=', 'UCS-SD19T61X-EV', 'UCS-SD76TBKNK9', 'UCS-SD960G63X-EP', 'UCS-SD19TB121X-EV', 'UCS-SD32H123X-EP', 'UCS-SD76TBM1X-EV=', 'UCS-SD120GM1X-EV', 'UCS-SD38TBKNK9', 'UCS-SD38T61X-EV=', 'UCS-SD400G123X-EP', 'UCS-SD480G121X-EV=', 'UCS-SD240GM1X-EV', 'UCS-SD480GM1X-EV', 'UCS-SD960GBM1X-EV', 'UCS-SD960G61X-EV', 'UCS-SD960G2HTNK9', 'UCS-SD150G61X-EV', 'UCS-SD16TBKNK9', 'UCS-SD16TBM1X-EV', 'UCS-SD960GBM1X-EV=', 'UCS-SD16TM1X-EV=', 'UCS-SD38TK1X-EV=', 'UCS-SD16H123X-EP', 'UCS-SD480GBM1X-EV=', 'UCS-SD480G6I1X-EV', 'UCS-SD400G12TX-EP', 'UCS-SD800H123X-EP', 'UCS-SD16TBKNK9=', 'UCS-SD19TK1X-EV', 'UCS-SD960GBKNK9', 'UCS-SD19TK1X-EV=', 'UCS-SD960G6I1X-EV=', 'UCS-SD19T61X-EV=', 'UCS-SD15TK1X-EV=']","['UCS-HD600G15NK9=', 'UCS-HD1T7K12N=', 'UCS-HD900G15K12N', 'UCS-HD18TB10K4KN=', 'UCS-HD24TB10K4KN', 'UCS-HD2T7K12N', 'UCS-HD1T7K12N', 'UCS-HD18T10NK9=', 'UCS-HD300G15K12N=', 'UCS-HD12T10NK9', 'UCS-HD12TB10K12N', 'UCS-HD600G10K12N=', 'UCS-HD24T10NK9', 'UCS-HD12T10NK9=', 'UCS-HD600G10K12N', 'UCS-HD600G15NK9', 'UCS-HD600G15K12N=', 'UCS-HD18TB10K4KN', 'UCS-HD600G15K12N', 'UCS-HD300G10K12N=', 'UCS-HD300G15K12N', 'UCS-HD18T10NK9', 'UCS-HD12TB10K12N=', 'UCS-HD24T10NK9=', 'UCS-HD300G10K12N', 'UCS-HD900G15K12N=', 'UCS-HD24TB10K4KN=', 'UCS-HD2T7K12N=']",32GB,2666,2,4,DDR4,RDIMM,ECC,1.2V,STD,1,,,is_encoded,c480-m5-high-performance-specsheet.pdf,https://www.cisco.com/c/dam/en/us/products/collateral/servers-unified-computing/ucs-c-series-rack-servers/c480-m5-high-performance-specsheet.pdf,https://www.cisco.com/c/dam/en/us/products/collateral/servers-unified-computing/ucs-c-series-rack-servers/c480-m5-high-performance-specsheet.pdf,,,32D4ER24266612S1,2Rx4,"('1Rx4', '2Rx4', '8Rx4')",,,,
Cisco,UCS-MR-X16G2RS-H,Cisco UCS C480 M5  Server,Cisco,UCS,C480 M5,UCS-MR-X16G2RS-H 16GB DDR4-2666-MHz RDIMM/PC4-21300/dual rank/x4/1.2v,['24'],,,,,,memory,"['6226', '6238', '6238L=', '8276L', '5222', '8280L=', '5218=', '8260M', '8276', '6262V', '8260L', '8280M', '8260', '8280L', '6240Y', '6240M', '8268', '8276=', '6234=', '8260Y=', '5222=', '6246', '6250', '6240Y=', '6252=', '8270', '6252N', '8270=', '6244', '6242=', '6240', '8260=', '8280', '8276L=', '5215M', '5215=', '5217', '5218', '5220', '8276M', '5220=', '5220S=', '6238M', '6240L', '6262V=', '6254', '8253', '6246=', '6222V=', '4214Y', '6252', '6242', '5220S', '5215L=', '8253=', '6248', '6230', '6240L=', '6240=', '6238=', '6230=', '5215', '8260Y', '6226=', '6222V', '8280=', '3204', '6244=', '6234', '8268=', '6248=', '5217=', '6238L', '6254=', '8260L=', '5215L']","['UCS-MR-X16G1RW=', 'UCS-MR-128G8RS-H', 'UCS-MR-X64G2RW=', 'UCS-MR-X32G2RT-H', 'UCS-MR-X16G1RS-H', 'UCS-MR-X16G1RW1', 'UCS-MR-X64G2RT-H', 'UCS-MR-X32G2RS-H', 'UCS-MR-X32G2RW1', 'UCS-MR-X16G2RS-H', 'UCS-MR-X32G2RW=', 'UCS-MR-X32G2RSHM', 'UCS-MR-X64G4RS-H', 'UCS-MR-X16G1RSHM', 'UCS-MR-X16G1RT-H', 'UCS-MR-X64G2RW1', 'UCS-MR-X32G2RSHS']","['UCS-SD240GBM1X-EV=', 'UCS-SD800GBKNK9=', 'UCS-SD38T6I1X-EV=', 'UCS-SD19T63X-EP', 'UCS-SD150G61X-EV=', 'UCS-SD38TBM1X-EV', 'UCS-SD16T61X-EV', 'UCS-SD38TBE1NK9', 'UCS-SD19TBM1X-EV', 'UCS-SD16TBM1X-EV=', 'UCS-SD16TB12TX-EP', 'UCS-SD480G121X-EV', 'UCS-SD400H123X-EP', 'UCS-SD76TBKNK9=', 'UCS-SD38T61X-EV', 'UCS-SD76TK1X-EV=', 'UCS-SD38TBM1X-EV=', 'UCS-SD32TKA3X-EP', 'UCS-SD240GBM1X-EV', 'UCS-SD960GBM2NK9', 'UCS-SD38TH61X-EV', 'UCS-SD38TM1X-EV', 'UCS-SD76TBEM2NK9', 'UCS-SD480GBM1X-EV', 'UCS-SD38TK1X-EV', 'UCS-SD240G61X-EV', 'UCS-SD800GBKNK9', 'UCS-SD76TK1X-EV', 'UCS-SD16T123X-EP', 'UCS-SD960GK1X-EV=', 'UCS-SD32T123X-EP', 'UCS-SD800G123X-EP', 'UCS-SD960G121X-EV', 'UCS-SD120GM1X-EV=', 'UCS-SD480G61X-EV', 'UCS-SD960G6I1X-EV', 'UCS-SD38TB121X-EV', 'UCS-SD15TK1X-EV', 'UCS-SD960G63X-EP=', 'UCS-SD76T61X-EV', 'UCS-SD800G12TX-EP', 'UCS-SD480G6I1X-EV=', 'UCS-SD38TBKNK9=', 'UCS-SD240GBE1NK9', 'UCS-SD76TBM1X-EV', 'UCS-SD38T6I1X-EV', 'UCS-SD960GK1X-EV', 'UCS-SD480G61X-EV=', 'UCS-SD960GH61X-EV', 'UCS-SD960GBKNK9=', 'UCS-SD19T63X-EP=', 'UCS-SD16TM1X-EV', 'UCS-SD480G63X-EP', 'UCS-SD76TM1X-EV', 'UCS-SD19TBM1X-EV=', 'UCS-SD19T61X-EV', 'UCS-SD76TBKNK9', 'UCS-SD960G63X-EP', 'UCS-SD19TB121X-EV', 'UCS-SD32H123X-EP', 'UCS-SD76TBM1X-EV=', 'UCS-SD120GM1X-EV', 'UCS-SD38TBKNK9', 'UCS-SD38T61X-EV=', 'UCS-SD400G123X-EP', 'UCS-SD480G121X-EV=', 'UCS-SD240GM1X-EV', 'UCS-SD480GM1X-EV', 'UCS-SD960GBM1X-EV', 'UCS-SD960G61X-EV', 'UCS-SD960G2HTNK9', 'UCS-SD150G61X-EV', 'UCS-SD16TBKNK9', 'UCS-SD16TBM1X-EV', 'UCS-SD960GBM1X-EV=', 'UCS-SD16TM1X-EV=', 'UCS-SD38TK1X-EV=', 'UCS-SD16H123X-EP', 'UCS-SD480GBM1X-EV=', 'UCS-SD480G6I1X-EV', 'UCS-SD400G12TX-EP', 'UCS-SD800H123X-EP', 'UCS-SD16TBKNK9=', 'UCS-SD19TK1X-EV', 'UCS-SD960GBKNK9', 'UCS-SD19TK1X-EV=', 'UCS-SD960G6I1X-EV=', 'UCS-SD19T61X-EV=', 'UCS-SD15TK1X-EV=']","['UCS-HD600G15NK9=', 'UCS-HD1T7K12N=', 'UCS-HD900G15K12N', 'UCS-HD18TB10K4KN=', 'UCS-HD24TB10K4KN', 'UCS-HD2T7K12N', 'UCS-HD1T7K12N', 'UCS-HD18T10NK9=', 'UCS-HD300G15K12N=', 'UCS-HD12T10NK9', 'UCS-HD12TB10K12N', 'UCS-HD600G10K12N=', 'UCS-HD24T10NK9', 'UCS-HD12T10NK9=', 'UCS-HD600G10K12N', 'UCS-HD600G15NK9', 'UCS-HD600G15K12N=', 'UCS-HD18TB10K4KN', 'UCS-HD600G15K12N', 'UCS-HD300G10K12N=', 'UCS-HD300G15K12N', 'UCS-HD18T10NK9', 'UCS-HD12TB10K12N=', 'UCS-HD24T10NK9=', 'UCS-HD300G10K12N', 'UCS-HD900G15K12N=', 'UCS-HD24TB10K4KN=', 'UCS-HD2T7K12N=']",16GB,2666,2,4,DDR4,RDIMM,ECC,1.2V,STD,1,,,is_encoded,c480-m5-high-performance-specsheet.pdf,https://www.cisco.com/c/dam/en/us/products/collateral/servers-unified-computing/ucs-c-series-rack-servers/c480-m5-high-performance-specsheet.pdf,https://www.cisco.com/c/dam/en/us/products/collateral/servers-unified-computing/ucs-c-series-rack-servers/c480-m5-high-performance-specsheet.pdf,,,16D4ER24266612S1,2Rx4,"('1Rx4', '2Rx4', '8Rx4')",,,,
Cisco,UCS-MR-X64G2RT-H,Cisco UCS C480 ML M5 Purpose Built Server for Deep Learning,Cisco,UCS,C480 ML M5 Purpose Built  for Deep Learning,UCS-MR-X64G2RT-H 64 GB DDR4-2933-MHz RDIMM/2Rx4 (16Gb) 1.2v 1.2 V 2,['24'],,,,,,memory,"['6248', '6230', '8280M', '5218', '8260M', '5220', '6254', '6244', '6242', '8280']","['UCS-MR-X32G2RT-H', 'UCS-MR-X16G2RS-H', 'UCS-MR-X16G1RT-H', 'UCS-MR-X64G2RT-H']","['UCS-SD76TK1X-EV', 'UCS-SD16T123X-EP', 'UCS-SD120GM1X-EV', 'UCS-SD480GM1X-EV', 'UCS-SD32TK3X-EP', 'UCS-SD38TM1X-EV', 'UCS-SD32T123X-EP', 'UCS-SD16TM1X-EV', 'UCS-SD19TM1X-EV', 'UCS-SD240GM1X-EV', 'UCS-SD76TM1X-EV', 'UCS-SD38TK1X-EV', 'UCS-SD19TK1X-EV', 'UCS-SD800GK3X-EP', 'UCS-SD960GK1X-EV', 'UCS-SD15TK1X-EV', 'UCS-SD960GM1X-EV', 'UCS-SD16TK3X-EP']","['UCS-HD18TB10K4KN', 'UCS-HD2T7K12N', 'UCS-HD900G15K12N', 'UCS-HD12TB10K12N']",64GB,2933,2,4,DDR4,RDIMM,ECC,1.2V,STD,1,,,is_encoded,c480m5-specsheet-ml-m5-server.pdf,https://www.cisco.com/c/dam/en/us/products/collateral/servers-unified-computing/ucs-c-series-rack-servers/c480m5-specsheet-ml-m5-server.pdf,https://www.cisco.com/c/dam/en/us/products/collateral/servers-unified-computing/ucs-c-series-rack-servers/c480m5-specsheet-ml-m5-server.pdf,,,64D4ER24293312S1,2Rx4,"('1Rx4', '2Rx4')",,,,
Cisco,UCS-MR-X32G2RT-H,Cisco UCS C480 ML M5 Purpose Built Server for Deep Learning,Cisco,UCS,C480 ML M5 Purpose Built  for Deep Learning,UCS-MR-X32G2RT-H 32GB DDR4-2933-MHz RDIMM/2Rx4 (8Gb) 1.2v 1.2 V 2,['24'],,,,,,memory,"['6248', '6230', '8280M', '5218', '8260M', '5220', '6254', '6244', '6242', '8280']","['UCS-MR-X32G2RT-H', 'UCS-MR-X16G2RS-H', 'UCS-MR-X16G1RT-H', 'UCS-MR-X64G2RT-H']","['UCS-SD76TK1X-EV', 'UCS-SD16T123X-EP', 'UCS-SD120GM1X-EV', 'UCS-SD480GM1X-EV', 'UCS-SD32TK3X-EP', 'UCS-SD38TM1X-EV', 'UCS-SD32T123X-EP', 'UCS-SD16TM1X-EV', 'UCS-SD19TM1X-EV', 'UCS-SD240GM1X-EV', 'UCS-SD76TM1X-EV', 'UCS-SD38TK1X-EV', 'UCS-SD19TK1X-EV', 'UCS-SD800GK3X-EP', 'UCS-SD960GK1X-EV', 'UCS-SD15TK1X-EV', 'UCS-SD960GM1X-EV', 'UCS-SD16TK3X-EP']","['UCS-HD18TB10K4KN', 'UCS-HD2T7K12N', 'UCS-HD900G15K12N', 'UCS-HD12TB10K12N']",32GB,2933,2,4,DDR4,RDIMM,ECC,1.2V,STD,1,,,is_encoded,c480m5-specsheet-ml-m5-server.pdf,https://www.cisco.com/c/dam/en/us/products/collateral/servers-unified-computing/ucs-c-series-rack-servers/c480m5-specsheet-ml-m5-server.pdf,https://www.cisco.com/c/dam/en/us/products/collateral/servers-unified-computing/ucs-c-series-rack-servers/c480m5-specsheet-ml-m5-server.pdf,,,32D4ER24293312S1,2Rx4,"('1Rx4', '2Rx4')",,,,
Cisco,UCS-MR-X16G2RS-H,Cisco UCS C480 ML M5 Purpose Built Server for Deep Learning,Cisco,UCS,C480 ML M5 Purpose Built  for Deep Learning,UCS-MR-X16G2RS-H 16GB DDR4-2666-MHz RDIMM/PC4-21300/dual rank/x4/1.2v,['24'],,,,,,memory,"['6248', '6230', '8280M', '5218', '8260M', '5220', '6254', '6244', '6242', '8280']","['UCS-MR-X32G2RT-H', 'UCS-MR-X16G2RS-H', 'UCS-MR-X16G1RT-H', 'UCS-MR-X64G2RT-H']","['UCS-SD76TK1X-EV', 'UCS-SD16T123X-EP', 'UCS-SD120GM1X-EV', 'UCS-SD480GM1X-EV', 'UCS-SD32TK3X-EP', 'UCS-SD38TM1X-EV', 'UCS-SD32T123X-EP', 'UCS-SD16TM1X-EV', 'UCS-SD19TM1X-EV', 'UCS-SD240GM1X-EV', 'UCS-SD76TM1X-EV', 'UCS-SD38TK1X-EV', 'UCS-SD19TK1X-EV', 'UCS-SD800GK3X-EP', 'UCS-SD960GK1X-EV', 'UCS-SD15TK1X-EV', 'UCS-SD960GM1X-EV', 'UCS-SD16TK3X-EP']","['UCS-HD18TB10K4KN', 'UCS-HD2T7K12N', 'UCS-HD900G15K12N', 'UCS-HD12TB10K12N']",16GB,2666,2,4,DDR4,RDIMM,ECC,1.2V,STD,1,,,is_encoded,c480m5-specsheet-ml-m5-server.pdf,https://www.cisco.com/c/dam/en/us/products/collateral/servers-unified-computing/ucs-c-series-rack-servers/c480m5-specsheet-ml-m5-server.pdf,https://www.cisco.com/c/dam/en/us/products/collateral/servers-unified-computing/ucs-c-series-rack-servers/c480m5-specsheet-ml-m5-server.pdf,,,16D4ER24266612S1,2Rx4,"('1Rx4', '2Rx4')",,,,
Cisco,UCS-MR-1X161RV-A,Cisco UCS S3260 Storage Server,Cisco,UCS,S3260,UCS-MR-1X161RV-A 16GB DDR4-2400-MHz RDIMM/PC4-19200/single rank/x4/1.2v CPUs,['7'],,,,,,memory,"['E5-2650 v4', '6226R', 'E5-2660 v2', '6230R', '6262V', '5218R', 'E5-2600 v4', '4216', 'E5-2640 v4', '4214R', '6240', '4214', 'E5-2620 v4', 'E5-2695 v2', '5220R', 'E5-2695 v4', '5220', 'E5-2620 v2', '6252', '4210', '6230', 'E5-2680 v4', '6222V', '4210R']","['UCS-MR-X64G2RW', 'UCS-MR-1X082RZ-A', 'UCS-MR-X16G1RW1', 'UCS-MR-1X322RV-A', 'UCS-MR-1X162RZ-A', 'UCS-MR-1X161RV-A', 'UCS-MR-X32G2RW1', 'UCS-MR-X64G2RW1', 'UCS-MR-X32G2RW', 'UCS-MR-X16G1RW']",,,8GB,2400,1,4,DDR4,RDIMM,ECC,1.2V,STD,1,,,is_encoded,s3260-specsheet.pdf,https://www.cisco.com/c/dam/en/us/products/collateral/servers-unified-computing/ucs-s-series-storage-servers/s3260-specsheet.pdf,https://www.cisco.com/c/dam/en/us/products/collateral/servers-unified-computing/ucs-s-series-storage-servers/s3260-specsheet.pdf,,,8D4ER14240012S1,1Rx4,"('1Rx4', '2Rx4')",,,,
Cisco,UCS-MR-X16G1RW,Cisco UCS S3260 Storage Server,Cisco,UCS,S3260,UCS-MR-X16G1RW1 16 GB DDR4-3200MHz RDIMM 1Rx4 (8Gb) 1.2 V 1 Intel® Optane™ Persistent,['7'],,,,,,memory,"['E5-2650 v4', '6226R', 'E5-2660 v2', '6230R', '6262V', '5218R', 'E5-2600 v4', '4216', 'E5-2640 v4', '4214R', '6240', '4214', 'E5-2620 v4', 'E5-2695 v2', '5220R', 'E5-2695 v4', '5220', 'E5-2620 v2', '6252', '4210', '6230', 'E5-2680 v4', '6222V', '4210R']","['UCS-MR-X64G2RW', 'UCS-MR-1X082RZ-A', 'UCS-MR-X16G1RW1', 'UCS-MR-1X322RV-A', 'UCS-MR-1X162RZ-A', 'UCS-MR-1X161RV-A', 'UCS-MR-X32G2RW1', 'UCS-MR-X64G2RW1', 'UCS-MR-X32G2RW', 'UCS-MR-X16G1RW']",,,16GB,3200,1,4,DDR4,RDIMM,ECC,1.2V,STD,1,,,is_encoded,s3260-specsheet.pdf,https://www.cisco.com/c/dam/en/us/products/collateral/servers-unified-computing/ucs-s-series-storage-servers/s3260-specsheet.pdf,https://www.cisco.com/c/dam/en/us/products/collateral/servers-unified-computing/ucs-s-series-storage-servers/s3260-specsheet.pdf,,,16D4ER14320012S1,1Rx4,"('1Rx4', '2Rx4')",,,,
Cisco,UCS-MR-X16G1RW,Cisco UCS S3260 Storage Server,Cisco,UCS,S3260,UCS-MR-X16G1RW 16GB DDR4-3200MHz RDIMM 1Rx4 (8Gb) IO Expander (For Add-on to Server Node)2,['7'],,,,,,memory,"['E5-2650 v4', '6226R', 'E5-2660 v2', '6230R', '6262V', '5218R', 'E5-2600 v4', '4216', 'E5-2640 v4', '4214R', '6240', '4214', 'E5-2620 v4', 'E5-2695 v2', '5220R', 'E5-2695 v4', '5220', 'E5-2620 v2', '6252', '4210', '6230', 'E5-2680 v4', '6222V', '4210R']","['UCS-MR-X64G2RW', 'UCS-MR-1X082RZ-A', 'UCS-MR-X16G1RW1', 'UCS-MR-1X322RV-A', 'UCS-MR-1X162RZ-A', 'UCS-MR-1X161RV-A', 'UCS-MR-X32G2RW1', 'UCS-MR-X64G2RW1', 'UCS-MR-X32G2RW', 'UCS-MR-X16G1RW']",,,16GB,3200,1,4,DDR4,RDIMM,ECC,1.2V,STD,1,,,is_encoded,s3260-specsheet.pdf,https://www.cisco.com/c/dam/en/us/products/collateral/servers-unified-computing/ucs-s-series-storage-servers/s3260-specsheet.pdf,https://www.cisco.com/c/dam/en/us/products/collateral/servers-unified-computing/ucs-s-series-storage-servers/s3260-specsheet.pdf,,,16D4ER14320012S1,1Rx4,"('1Rx4', '2Rx4')",,,,
Cisco,UCS-MR-1X322RV-A,Cisco UCS S3260 Storage Server,Cisco,UCS,S3260,UCS-MR-1X322RV-A 32GB DDR4-2400-MHz RDIMM/PC4-19200/dual rank/x4/1.2v,['7'],,,,,,memory,"['E5-2650 v4', '6226R', 'E5-2660 v2', '6230R', '6262V', '5218R', 'E5-2600 v4', '4216', 'E5-2640 v4', '4214R', '6240', '4214', 'E5-2620 v4', 'E5-2695 v2', '5220R', 'E5-2695 v4', '5220', 'E5-2620 v2', '6252', '4210', '6230', 'E5-2680 v4', '6222V', '4210R']","['UCS-MR-X64G2RW', 'UCS-MR-1X082RZ-A', 'UCS-MR-X16G1RW1', 'UCS-MR-1X322RV-A', 'UCS-MR-1X162RZ-A', 'UCS-MR-1X161RV-A', 'UCS-MR-X32G2RW1', 'UCS-MR-X64G2RW1', 'UCS-MR-X32G2RW', 'UCS-MR-X16G1RW']",,,16GB,2400,1,4,DDR4,RDIMM,ECC,1.2V,STD,1,,,is_encoded,s3260-specsheet.pdf,https://www.cisco.com/c/dam/en/us/products/collateral/servers-unified-computing/ucs-s-series-storage-servers/s3260-specsheet.pdf,https://www.cisco.com/c/dam/en/us/products/collateral/servers-unified-computing/ucs-s-series-storage-servers/s3260-specsheet.pdf,,,16D4ER14240012S1,1Rx4,"('1Rx4', '2Rx4')",,,,
Cisco,UCS-MR-1X161RV-A,Cisco UCS S3260 Storage Server,Cisco,UCS,S3260,UCS-MR-1X161RV-A 16GB DDR4-2400-MHz RDIMM/PC4-19200/single rank/x4/1.2v CPUs,['7'],,,,,,memory,"['E5-2650 v4', '6226R', 'E5-2660 v2', '6230R', '6262V', '5218R', 'E5-2600 v4', '4216', 'E5-2640 v4', '4214R', '6240', '4214', 'E5-2620 v4', 'E5-2695 v2', '5220R', 'E5-2695 v4', '5220', 'E5-2620 v2', '6252', '4210', '6230', 'E5-2680 v4', '6222V', '4210R']","['UCS-MR-X64G2RW', 'UCS-MR-1X082RZ-A', 'UCS-MR-X16G1RW1', 'UCS-MR-1X322RV-A', 'UCS-MR-1X162RZ-A', 'UCS-MR-1X161RV-A', 'UCS-MR-X32G2RW1', 'UCS-MR-X64G2RW1', 'UCS-MR-X32G2RW', 'UCS-MR-X16G1RW']",,,16GB,2400,1,4,DDR4,RDIMM,ECC,1.2V,STD,1,,,is_encoded,s3260-specsheet.pdf,https://www.cisco.com/c/dam/en/us/products/collateral/servers-unified-computing/ucs-s-series-storage-servers/s3260-specsheet.pdf,https://www.cisco.com/c/dam/en/us/products/collateral/servers-unified-computing/ucs-s-series-storage-servers/s3260-specsheet.pdf,,,16D4ER14240012S1,1Rx4,"('1Rx4', '2Rx4')",,,,
Cisco,UCS-MR-1X082RZ-A,Cisco UCS S3260 Storage Server,Cisco,UCS,S3260,UCS-MR-1X082RZ-A 8GB DDR3-1866-MHz RDIMM/PC 3-14900/dual rank/x4/1.5v,['7'],,,,,,memory,"['E5-2650 v4', '6226R', 'E5-2660 v2', '6230R', '6262V', '5218R', 'E5-2600 v4', '4216', 'E5-2640 v4', '4214R', '6240', '4214', 'E5-2620 v4', 'E5-2695 v2', '5220R', 'E5-2695 v4', '5220', 'E5-2620 v2', '6252', '4210', '6230', 'E5-2680 v4', '6222V', '4210R']","['UCS-MR-X64G2RW', 'UCS-MR-1X082RZ-A', 'UCS-MR-X16G1RW1', 'UCS-MR-1X322RV-A', 'UCS-MR-1X162RZ-A', 'UCS-MR-1X161RV-A', 'UCS-MR-X32G2RW1', 'UCS-MR-X64G2RW1', 'UCS-MR-X32G2RW', 'UCS-MR-X16G1RW']",,,8GB,1866,2,4,DDR3,RDIMM,ECC,1.5V,STD,1,,,is_encoded,s3260-specsheet.pdf,https://www.cisco.com/c/dam/en/us/products/collateral/servers-unified-computing/ucs-s-series-storage-servers/s3260-specsheet.pdf,https://www.cisco.com/c/dam/en/us/products/collateral/servers-unified-computing/ucs-s-series-storage-servers/s3260-specsheet.pdf,,,8D3ER24186615S1,2Rx4,"('1Rx4', '2Rx4')",,,,
Cisco,UCS-MR-X64G2RW,Cisco UCS S3260 Storage Server,Cisco,UCS,S3260,UCS-MR-X64G2RW 64GB DDR4-3200MHz RDIMM 2Rx4 (16Gb),['7'],,,,,,memory,"['E5-2650 v4', '6226R', 'E5-2660 v2', '6230R', '6262V', '5218R', 'E5-2600 v4', '4216', 'E5-2640 v4', '4214R', '6240', '4214', 'E5-2620 v4', 'E5-2695 v2', '5220R', 'E5-2695 v4', '5220', 'E5-2620 v2', '6252', '4210', '6230', 'E5-2680 v4', '6222V', '4210R']","['UCS-MR-X64G2RW', 'UCS-MR-1X082RZ-A', 'UCS-MR-X16G1RW1', 'UCS-MR-1X322RV-A', 'UCS-MR-1X162RZ-A', 'UCS-MR-1X161RV-A', 'UCS-MR-X32G2RW1', 'UCS-MR-X64G2RW1', 'UCS-MR-X32G2RW', 'UCS-MR-X16G1RW']",,,64GB,3200,2,4,DDR4,RDIMM,ECC,1.2V,STD,1,,,is_encoded,s3260-specsheet.pdf,https://www.cisco.com/c/dam/en/us/products/collateral/servers-unified-computing/ucs-s-series-storage-servers/s3260-specsheet.pdf,https://www.cisco.com/c/dam/en/us/products/collateral/servers-unified-computing/ucs-s-series-storage-servers/s3260-specsheet.pdf,,,64D4ER24320012S1,2Rx4,"('1Rx4', '2Rx4')",,,,
Cisco,UCS-MR-X64G2RW,Cisco UCS S3260 Storage Server,Cisco,UCS,S3260,UCS-MR-X64G2RW1 64 GB DDR4-3200MHz RDIMM 2Rx4 (16Gb) 1.2 V 2,['7'],,,,,,memory,"['E5-2650 v4', '6226R', 'E5-2660 v2', '6230R', '6262V', '5218R', 'E5-2600 v4', '4216', 'E5-2640 v4', '4214R', '6240', '4214', 'E5-2620 v4', 'E5-2695 v2', '5220R', 'E5-2695 v4', '5220', 'E5-2620 v2', '6252', '4210', '6230', 'E5-2680 v4', '6222V', '4210R']","['UCS-MR-X64G2RW', 'UCS-MR-1X082RZ-A', 'UCS-MR-X16G1RW1', 'UCS-MR-1X322RV-A', 'UCS-MR-1X162RZ-A', 'UCS-MR-1X161RV-A', 'UCS-MR-X32G2RW1', 'UCS-MR-X64G2RW1', 'UCS-MR-X32G2RW', 'UCS-MR-X16G1RW']",,,64GB,3200,2,4,DDR4,RDIMM,ECC,1.2V,STD,1,,,is_encoded,s3260-specsheet.pdf,https://www.cisco.com/c/dam/en/us/products/collateral/servers-unified-computing/ucs-s-series-storage-servers/s3260-specsheet.pdf,https://www.cisco.com/c/dam/en/us/products/collateral/servers-unified-computing/ucs-s-series-storage-servers/s3260-specsheet.pdf,,,64D4ER24320012S1,2Rx4,"('1Rx4', '2Rx4')",,,,
Cisco,UCS-MR-X32G2RW,Cisco UCS S3260 Storage Server,Cisco,UCS,S3260,UCS-MR-X32G2RW1 32 GB DDR4-3200MHz RDIMM 2Rx4 (8Gb) 1.2 V 2,['7'],,,,,,memory,"['E5-2650 v4', '6226R', 'E5-2660 v2', '6230R', '6262V', '5218R', 'E5-2600 v4', '4216', 'E5-2640 v4', '4214R', '6240', '4214', 'E5-2620 v4', 'E5-2695 v2', '5220R', 'E5-2695 v4', '5220', 'E5-2620 v2', '6252', '4210', '6230', 'E5-2680 v4', '6222V', '4210R']","['UCS-MR-X64G2RW', 'UCS-MR-1X082RZ-A', 'UCS-MR-X16G1RW1', 'UCS-MR-1X322RV-A', 'UCS-MR-1X162RZ-A', 'UCS-MR-1X161RV-A', 'UCS-MR-X32G2RW1', 'UCS-MR-X64G2RW1', 'UCS-MR-X32G2RW', 'UCS-MR-X16G1RW']",,,32GB,3200,2,4,DDR4,RDIMM,ECC,1.2V,STD,1,,,is_encoded,s3260-specsheet.pdf,https://www.cisco.com/c/dam/en/us/products/collateral/servers-unified-computing/ucs-s-series-storage-servers/s3260-specsheet.pdf,https://www.cisco.com/c/dam/en/us/products/collateral/servers-unified-computing/ucs-s-series-storage-servers/s3260-specsheet.pdf,,,32D4ER24320012S1,2Rx4,"('1Rx4', '2Rx4')",,,,
Cisco,UCS-MR-X32G2RW,Cisco UCS S3260 Storage Server,Cisco,UCS,S3260,UCS-MR-X32G2RW 32GB DDR4-3200MHz RDIMM 2Rx4 (8Gb),['7'],,,,,,memory,"['E5-2650 v4', '6226R', 'E5-2660 v2', '6230R', '6262V', '5218R', 'E5-2600 v4', '4216', 'E5-2640 v4', '4214R', '6240', '4214', 'E5-2620 v4', 'E5-2695 v2', '5220R', 'E5-2695 v4', '5220', 'E5-2620 v2', '6252', '4210', '6230', 'E5-2680 v4', '6222V', '4210R']","['UCS-MR-X64G2RW', 'UCS-MR-1X082RZ-A', 'UCS-MR-X16G1RW1', 'UCS-MR-1X322RV-A', 'UCS-MR-1X162RZ-A', 'UCS-MR-1X161RV-A', 'UCS-MR-X32G2RW1', 'UCS-MR-X64G2RW1', 'UCS-MR-X32G2RW', 'UCS-MR-X16G1RW']",,,32GB,3200,2,4,DDR4,RDIMM,ECC,1.2V,STD,1,,,is_encoded,s3260-specsheet.pdf,https://www.cisco.com/c/dam/en/us/products/collateral/servers-unified-computing/ucs-s-series-storage-servers/s3260-specsheet.pdf,https://www.cisco.com/c/dam/en/us/products/collateral/servers-unified-computing/ucs-s-series-storage-servers/s3260-specsheet.pdf,,,32D4ER24320012S1,2Rx4,"('1Rx4', '2Rx4')",,,,
Cisco,UCS-MR-1X322RV-A,Cisco UCS S3260 Storage Server,Cisco,UCS,S3260,UCS-MR-1X322RV-A 32GB DDR4-2400-MHz RDIMM/PC4-19200/dual rank/x4/1.2v,['7'],,,,,,memory,"['E5-2650 v4', '6226R', 'E5-2660 v2', '6230R', '6262V', '5218R', 'E5-2600 v4', '4216', 'E5-2640 v4', '4214R', '6240', '4214', 'E5-2620 v4', 'E5-2695 v2', '5220R', 'E5-2695 v4', '5220', 'E5-2620 v2', '6252', '4210', '6230', 'E5-2680 v4', '6222V', '4210R']","['UCS-MR-X64G2RW', 'UCS-MR-1X082RZ-A', 'UCS-MR-X16G1RW1', 'UCS-MR-1X322RV-A', 'UCS-MR-1X162RZ-A', 'UCS-MR-1X161RV-A', 'UCS-MR-X32G2RW1', 'UCS-MR-X64G2RW1', 'UCS-MR-X32G2RW', 'UCS-MR-X16G1RW']",,,32GB,2400,2,4,DDR4,RDIMM,ECC,1.2V,STD,1,,,is_encoded,s3260-specsheet.pdf,https://www.cisco.com/c/dam/en/us/products/collateral/servers-unified-computing/ucs-s-series-storage-servers/s3260-specsheet.pdf,https://www.cisco.com/c/dam/en/us/products/collateral/servers-unified-computing/ucs-s-series-storage-servers/s3260-specsheet.pdf,,,32D4ER24240012S1,2Rx4,"('1Rx4', '2Rx4')",,,,
Cisco,UCS-MR-1X162RZ-A,Cisco UCS S3260 Storage Server,Cisco,UCS,S3260,UCS-MR-1X162RZ-A 16GB DDR3-1866-MHz RDIMM/PC3-14900/dual rank/x4/1.5v,['7'],,,,,,memory,"['E5-2650 v4', '6226R', 'E5-2660 v2', '6230R', '6262V', '5218R', 'E5-2600 v4', '4216', 'E5-2640 v4', '4214R', '6240', '4214', 'E5-2620 v4', 'E5-2695 v2', '5220R', 'E5-2695 v4', '5220', 'E5-2620 v2', '6252', '4210', '6230', 'E5-2680 v4', '6222V', '4210R']","['UCS-MR-X64G2RW', 'UCS-MR-1X082RZ-A', 'UCS-MR-X16G1RW1', 'UCS-MR-1X322RV-A', 'UCS-MR-1X162RZ-A', 'UCS-MR-1X161RV-A', 'UCS-MR-X32G2RW1', 'UCS-MR-X64G2RW1', 'UCS-MR-X32G2RW', 'UCS-MR-X16G1RW']",,,256GB,1866,2,4,DDR3,RDIMM,ECC,1.5V,STD,6,,,is_encoded,s3260-specsheet.pdf,https://www.cisco.com/c/dam/en/us/products/collateral/servers-unified-computing/ucs-s-series-storage-servers/s3260-specsheet.pdf,https://www.cisco.com/c/dam/en/us/products/collateral/servers-unified-computing/ucs-s-series-storage-servers/s3260-specsheet.pdf,,,256D3ER24186615S6,2Rx4,"('1Rx4', '2Rx4')",,,,
Cisco,UCS-MR-1X162RZ-A,Cisco UCS S3260 Storage Server,Cisco,UCS,S3260,UCS-MR-1X162RZ-A 16GB DDR3-1866-MHz RDIMM/PC3-14900/dual rank/x4/1.5v,['7'],,,,,,memory,"['E5-2650 v4', '6226R', 'E5-2660 v2', '6230R', '6262V', '5218R', 'E5-2600 v4', '4216', 'E5-2640 v4', '4214R', '6240', '4214', 'E5-2620 v4', 'E5-2695 v2', '5220R', 'E5-2695 v4', '5220', 'E5-2620 v2', '6252', '4210', '6230', 'E5-2680 v4', '6222V', '4210R']","['UCS-MR-X64G2RW', 'UCS-MR-1X082RZ-A', 'UCS-MR-X16G1RW1', 'UCS-MR-1X322RV-A', 'UCS-MR-1X162RZ-A', 'UCS-MR-1X161RV-A', 'UCS-MR-X32G2RW1', 'UCS-MR-X64G2RW1', 'UCS-MR-X32G2RW', 'UCS-MR-X16G1RW']",,,256GB,1866,2,4,DDR3,RDIMM,ECC,1.5V,STD,1,,,is_encoded,s3260-specsheet.pdf,https://www.cisco.com/c/dam/en/us/products/collateral/servers-unified-computing/ucs-s-series-storage-servers/s3260-specsheet.pdf,https://www.cisco.com/c/dam/en/us/products/collateral/servers-unified-computing/ucs-s-series-storage-servers/s3260-specsheet.pdf,,,256D3ER24186615S1,2Rx4,"('1Rx4', '2Rx4')",,,,
Cisco,UCS-MR-1X162RZ-A,Cisco UCS S3260 Storage Server,Cisco,UCS,S3260,UCS-MR-1X162RZ-A 16GB DDR3-1866-MHz RDIMM/PC3-14900/dual rank/x4/1.5v,['7'],,,,,,memory,"['E5-2650 v4', '6226R', 'E5-2660 v2', '6230R', '6262V', '5218R', 'E5-2600 v4', '4216', 'E5-2640 v4', '4214R', '6240', '4214', 'E5-2620 v4', 'E5-2695 v2', '5220R', 'E5-2695 v4', '5220', 'E5-2620 v2', '6252', '4210', '6230', 'E5-2680 v4', '6222V', '4210R']","['UCS-MR-X64G2RW', 'UCS-MR-1X082RZ-A', 'UCS-MR-X16G1RW1', 'UCS-MR-1X322RV-A', 'UCS-MR-1X162RZ-A', 'UCS-MR-1X161RV-A', 'UCS-MR-X32G2RW1', 'UCS-MR-X64G2RW1', 'UCS-MR-X32G2RW', 'UCS-MR-X16G1RW']",,,16GB,1866,2,4,DDR3,RDIMM,ECC,1.5V,STD,1,,,is_encoded,s3260-specsheet.pdf,https://www.cisco.com/c/dam/en/us/products/collateral/servers-unified-computing/ucs-s-series-storage-servers/s3260-specsheet.pdf,https://www.cisco.com/c/dam/en/us/products/collateral/servers-unified-computing/ucs-s-series-storage-servers/s3260-specsheet.pdf,,,16D3ER24186615S1,2Rx4,"('1Rx4', '2Rx4')",,,,
Cisco,UCS-MR-X64G2RW,Cisco UCS S3260 Storage Server,Cisco,UCS,S3260,UCS-MR-X64G2RW 64GB DDR4-3200MHz RDIMM 2Rx4 (16Gb),['7'],,,,,,memory,"['E5-2650 v4', '6226R', 'E5-2660 v2', '6230R', '6262V', '5218R', 'E5-2600 v4', '4216', 'E5-2640 v4', '4214R', '6240', '4214', 'E5-2620 v4', 'E5-2695 v2', '5220R', 'E5-2695 v4', '5220', 'E5-2620 v2', '6252', '4210', '6230', 'E5-2680 v4', '6222V', '4210R']","['UCS-MR-X64G2RW', 'UCS-MR-1X082RZ-A', 'UCS-MR-X16G1RW1', 'UCS-MR-1X322RV-A', 'UCS-MR-1X162RZ-A', 'UCS-MR-1X161RV-A', 'UCS-MR-X32G2RW1', 'UCS-MR-X64G2RW1', 'UCS-MR-X32G2RW', 'UCS-MR-X16G1RW']",,,164GB,3200,2,4,DDR4,RDIMM,ECC,1.2V,STD,1,,,is_encoded,s3260-specsheet.pdf,https://www.cisco.com/c/dam/en/us/products/collateral/servers-unified-computing/ucs-s-series-storage-servers/s3260-specsheet.pdf,https://www.cisco.com/c/dam/en/us/products/collateral/servers-unified-computing/ucs-s-series-storage-servers/s3260-specsheet.pdf,,,164D4ER24320012S1,2Rx4,"('1Rx4', '2Rx4')",,,,
Cisco,UCS-MR-1X162RZ-A,Cisco UCS S3260 Storage Server,Cisco,UCS,S3260,UCS-MR-1X162RZ-A 16GB DDR3-1866-MHz RDIMM/PC3-14900/dual rank/x4/1.5v,['7'],,,,,,memory,"['E5-2650 v4', '6226R', 'E5-2660 v2', '6230R', '6262V', '5218R', 'E5-2600 v4', '4216', 'E5-2640 v4', '4214R', '6240', '4214', 'E5-2620 v4', 'E5-2695 v2', '5220R', 'E5-2695 v4', '5220', 'E5-2620 v2', '6252', '4210', '6230', 'E5-2680 v4', '6222V', '4210R']","['UCS-MR-X64G2RW', 'UCS-MR-1X082RZ-A', 'UCS-MR-X16G1RW1', 'UCS-MR-1X322RV-A', 'UCS-MR-1X162RZ-A', 'UCS-MR-1X161RV-A', 'UCS-MR-X32G2RW1', 'UCS-MR-X64G2RW1', 'UCS-MR-X32G2RW', 'UCS-MR-X16G1RW']",,,128GB,1866,2,4,DDR3,RDIMM,ECC,1.5V,STD,1,,,is_encoded,s3260-specsheet.pdf,https://www.cisco.com/c/dam/en/us/products/collateral/servers-unified-computing/ucs-s-series-storage-servers/s3260-specsheet.pdf,https://www.cisco.com/c/dam/en/us/products/collateral/servers-unified-computing/ucs-s-series-storage-servers/s3260-specsheet.pdf,,,128D3ER24186615S1,2Rx4,"('1Rx4', '2Rx4')",,,,
Cisco,UCSX-MRX48G1RF3,Cisco UCS X210c M7 Compute Node,Cisco,UCS,X210c M7 Compute Node,UCSX-MRX48G1RF33 48GB DDR5-5600 RDIMM 1Rx4 (24Gb),['32'],['8TB'],,,,,memory,"['I8468=', 'I6416H', 'I5416S', 'I6448Y=', 'I4514Y', 'I6442Y=', 'I8558=', 'I8458P=', 'I5418N', 'I4510=', 'I6428N=', 'I5512U=', 'I6416H=', 'I6426Y=', 'I6444Y=', 'I4416', 'I5411N', 'I8490H', 'I6444Y', 'I8562Y', 'I8592V=', 'I6418H=', 'I3408U=', 'I3508U', 'I8471N', 'I4514Y=', 'I4509Y=', 'I4410Y=', 'I8558P', 'I5415', 'I3408U', 'I4410T=', 'I8460Y', 'I6434=', 'I6548Y', 'I8462Y', 'I8558', 'I6526Y', 'I5416S=', 'I8450H=', 'I6430', 'I5515', 'I8568Y', 'I6534', 'I6554S=', 'I6434', 'I8571N', 'I6526Y=', 'I8450H', 'I5418Y', 'I8558U=', 'I6426Y', 'I5418N=', 'I4516Y', 'I4509Y', 'I6448H', 'I5418Y=', 'I5412U=', 'I6434H', 'I6421N', 'I8490H=', 'I6438M', 'I8471N=', 'I8468V=', 'I8570=', 'I5412U', 'I8558U', 'I6428N', 'I6448Y', 'I8470=', 'I5512U', 'I8592', 'I8580', 'I8468H=', 'I4410T', 'I8444H=', 'I6421N=', 'I6538N=', 'I6454S', 'I6530', 'I4410Y', 'I6438N=', 'I8468', 'I8454H', 'I8470', 'I6434H=', 'I6442Y', 'I8444H', 'I8452Y', 'I5411N=', 'I6414U=', 'I8470N', 'I6438M=', 'I8580=', 'I8570', 'I8592V', 'I8454H=', 'I4510', 'I8458P', 'I6454S=', 'I6538N', 'I8470N=', 'I8452Y=', 'I6538Y', 'I8460H', 'I6418H', 'I4510T', 'I8460H=', 'I8558P=', 'I6548N', 'I6448H=', 'I8571N=', 'I4510T=', 'I6548N=', 'I6430=', 'I6554S', 'I8468V', 'I8480', 'I8461V', 'I6414U', 'I6544Y', 'I8461V=', 'I6542Y', 'I6438Y', 'I6438N', 'I5520', 'I8581V=', 'I8581V', 'I5420', 'I8468H']","['UCSX-MRX32G1RE1', 'UCSX-MRX32G1RE3=', 'UCSX-MRX48G1RF33', 'UCSX-MRX64G2RE1=', 'UCSX-MRX16G1RE3=', 'UCSX-MR128G4RE1', 'UCSX-MRX64G2RE3=', 'UCSX-MRX96G2RF3=', 'UCSX-MRX32G1RE3', 'UCSX-MR256G8RE31,3256GB', 'UCSX-MRX64G2RE3', 'UCSX-MRX16G1RE1', 'UCSX-MR256G8RE11', 'UCSX-MR128G4RE1=', 'UCSX-MRX16G1RE1=', 'UCSX-MRX96G2RF3', 'UCSX-MRX16G1RE3', 'UCSX-MR128G4RE3', 'UCSX-MR256G8RE3=', 'UCSX-MR128G4RE3=', 'UCSX-MRX48G1RF3=', 'UCSX-MRX64G2RE1', 'UCSX-MR256G8RE1=', 'UCSX-MRX32G1RE1=']","['UCSX-SD16TBM1XEVD=', 'UCSX-SD19T63XEP-D', 'UCSX-SD76TM1XEV-D', 'UCSXS960G6S1XEV-D=', 'UCSXS960G6I1XEV-D', 'UCSX-SD19TKA1XEVD=', 'UCSXSD480G63XEP-D=', 'UCSXSD960GK1XEV-D', 'UCSX-SD19TKA1XEVD', 'UCSXSD38T6I1XEV-D=', 'UCSXSD960GBM1XEVD', 'UCSX-SD38T63XEP-D=', 'UCSX-SD19TBM3XEPD=', 'UCSX-SD16TKA3XEPD=', 'UCSX-SD16TBKNK9-D', 'UCSXSD480GBM1XEVD=', 'UCSXSD960GBM1XEVD=', 'UCSX-SD16TKA3XEPD', 'UCSXSD240GM1XEV-D', 'UCSX-SD38TBKNK9-D=', 'UCSX-SDB3T8SA1VD=', 'UCSX-SD16TBKANK9D', 'UCSXSD960G63XEP-D', 'UCSXSD480G63XEP-D', 'UCSXSD960GK1XEV-D=', 'UCSXSD19T6S1XEV-D', 'UCSX-SD19TEM2NK9D', 'UCSXS480G6I1XEV-D=', 'UCSX-SDB1T9SA1VD=', 'UCSX-SD76TBKNK9-D', 'UCSX-SD16TK3XEP-D', 'UCSXSD960GBKNK9-D', 'UCSX-SD76TBM1XEVD', 'UCSXSD960GBKNK9-D=', 'UCSXSD800GBKNK9-D', 'UCSXSD38T6I1XEV-D', 'UCSX-SD19TBM1XEVD', 'UCSX-SDB7T6SA1VD', 'UCSX-SD16TBKANK9D=', 'UCSXSD76T6S1XEV-D', 'UCSX-SD19TK1XEV-D=', 'UCSXSD960GBM3XEPD=', 'UCSX-SD76TEM2NK9D', 'UCSX-SD19T63XEP-D=', 'UCSX-SD38TBKNK9-D', 'UCSXSD480GM1XEV-D', 'UCSX-SD16TK3XEP-D=', 'UCSX-SD16TBKNK9-D=', 'UCSXSD38T6S1XEV-D', 'UCSXSD240GBM1XEVD=', 'UCSX-SD38TBKANK9D=', 'UCSXSD38TKA1XEV-D', 'UCSXSD800GBKNK9-D=', 'UCSX-SD19TM1XEV-D', 'UCSXSD480GBM3XEPD', 'UCSX-SD19TEM2NK9D=', 'UCSX-SD15TKA1XEVD', 'UCSX-SD16TM1XEV-D', 'UCSX-SDB960SA1VD=', 'UCSX-SD76TK1XEV-D', 'UCSX-SD38TBM1XEVD=', 'UCSX-SD76TBM1XEVD=', 'UCSX-SD38TBM1XEVD', 'UCSXSD19T6S1XEV-D=', 'UCSX-SD15TK1XEV-D', 'UCSXS480G6I1XEV-D', 'UCSX-SD38TM1XEV-D', 'UCSXSD480GBM3XEPD=', 'UCSX-SD16TBM1XEVD', 'UCSX-SD19TK1XEV-D', 'UCSX-SD38TEM2NK9D=', 'UCSX-SD38T63XEP-D', 'UCSX-SD38TEM2NK9D', 'UCSX-SD76TKA1XEVD=', 'UCSX-SDB7T6SA1VD=', 'UCSX-SD15TKA1XEVD=', 'UCSXSD800GK3XEP-D=', 'UCSXS960G6S1XEV-D', 'UCSX-SD76TEM2NK9D=', 'UCSXSD32TKA3XEP-D=', 'UCSXSD32TKA3XEP-D', 'UCSX-SD960GM2NK9D', 'UCSX-SD76TKA1XEVD', 'UCSX-SD76TBKANK9D', 'UCSXSD76T6S1XEV-D=', 'UCSXSD800GK3XEP-D', 'UCSXSD38TKA1XEV-D=', 'UCSXSD480GBM1XEVD', 'UCSX-SDB3T8SA1VD', 'UCSX-SD19TM1XEV-D=', 'UCSX-SD38TK1XEV-D', 'UCSX-SD19TBM3XEPD', 'UCSXSD960GBM3XEPD', 'UCSXSD38T6S1XEV-D=', 'UCSX-SD76TBKANK9D=', 'UCSXSD240GBM1XEVD', 'UCSX-SDB1T9SA1VD', 'UCSX-SD19TBM1XEVD=', 'UCSX-SD38TBKANK9D', 'UCSXSD960G63XEP-D=', 'UCSX-SDB960SA1VD', 'UCSX-SD32TK3XEP-D']",,48GB,5600,1,4,DDR5,RDIMM,ECC,1.1V,STD,1,,,is_encoded,x210cm7-specsheet.pdf,https://www.cisco.com/c/dam/en/us/products/collateral/servers-unified-computing/ucs-x-series-modular-system/x210cm7-specsheet.pdf,https://www.cisco.com/c/dam/en/us/products/collateral/servers-unified-computing/ucs-x-series-modular-system/x210cm7-specsheet.pdf,,,48D5ER14560011S1,1Rx4,"('1Rx4', '1Rx8', '2Rx4', '4Rx4', '8Rx4')",,,,
Cisco,UCSX-MRX32G1RE3,Cisco UCS X210c M7 Compute Node,Cisco,UCS,X210c M7 Compute Node,UCSX-MRX32G1RE3 32GB DDR5-5600 RDIMM 1Rx4 (16Gb),['32'],['8TB'],,,,,memory,"['I8468=', 'I6416H', 'I5416S', 'I6448Y=', 'I4514Y', 'I6442Y=', 'I8558=', 'I8458P=', 'I5418N', 'I4510=', 'I6428N=', 'I5512U=', 'I6416H=', 'I6426Y=', 'I6444Y=', 'I4416', 'I5411N', 'I8490H', 'I6444Y', 'I8562Y', 'I8592V=', 'I6418H=', 'I3408U=', 'I3508U', 'I8471N', 'I4514Y=', 'I4509Y=', 'I4410Y=', 'I8558P', 'I5415', 'I3408U', 'I4410T=', 'I8460Y', 'I6434=', 'I6548Y', 'I8462Y', 'I8558', 'I6526Y', 'I5416S=', 'I8450H=', 'I6430', 'I5515', 'I8568Y', 'I6534', 'I6554S=', 'I6434', 'I8571N', 'I6526Y=', 'I8450H', 'I5418Y', 'I8558U=', 'I6426Y', 'I5418N=', 'I4516Y', 'I4509Y', 'I6448H', 'I5418Y=', 'I5412U=', 'I6434H', 'I6421N', 'I8490H=', 'I6438M', 'I8471N=', 'I8468V=', 'I8570=', 'I5412U', 'I8558U', 'I6428N', 'I6448Y', 'I8470=', 'I5512U', 'I8592', 'I8580', 'I8468H=', 'I4410T', 'I8444H=', 'I6421N=', 'I6538N=', 'I6454S', 'I6530', 'I4410Y', 'I6438N=', 'I8468', 'I8454H', 'I8470', 'I6434H=', 'I6442Y', 'I8444H', 'I8452Y', 'I5411N=', 'I6414U=', 'I8470N', 'I6438M=', 'I8580=', 'I8570', 'I8592V', 'I8454H=', 'I4510', 'I8458P', 'I6454S=', 'I6538N', 'I8470N=', 'I8452Y=', 'I6538Y', 'I8460H', 'I6418H', 'I4510T', 'I8460H=', 'I8558P=', 'I6548N', 'I6448H=', 'I8571N=', 'I4510T=', 'I6548N=', 'I6430=', 'I6554S', 'I8468V', 'I8480', 'I8461V', 'I6414U', 'I6544Y', 'I8461V=', 'I6542Y', 'I6438Y', 'I6438N', 'I5520', 'I8581V=', 'I8581V', 'I5420', 'I8468H']","['UCSX-MRX32G1RE1', 'UCSX-MRX32G1RE3=', 'UCSX-MRX48G1RF33', 'UCSX-MRX64G2RE1=', 'UCSX-MRX16G1RE3=', 'UCSX-MR128G4RE1', 'UCSX-MRX64G2RE3=', 'UCSX-MRX96G2RF3=', 'UCSX-MRX32G1RE3', 'UCSX-MR256G8RE31,3256GB', 'UCSX-MRX64G2RE3', 'UCSX-MRX16G1RE1', 'UCSX-MR256G8RE11', 'UCSX-MR128G4RE1=', 'UCSX-MRX16G1RE1=', 'UCSX-MRX96G2RF3', 'UCSX-MRX16G1RE3', 'UCSX-MR128G4RE3', 'UCSX-MR256G8RE3=', 'UCSX-MR128G4RE3=', 'UCSX-MRX48G1RF3=', 'UCSX-MRX64G2RE1', 'UCSX-MR256G8RE1=', 'UCSX-MRX32G1RE1=']","['UCSX-SD16TBM1XEVD=', 'UCSX-SD19T63XEP-D', 'UCSX-SD76TM1XEV-D', 'UCSXS960G6S1XEV-D=', 'UCSXS960G6I1XEV-D', 'UCSX-SD19TKA1XEVD=', 'UCSXSD480G63XEP-D=', 'UCSXSD960GK1XEV-D', 'UCSX-SD19TKA1XEVD', 'UCSXSD38T6I1XEV-D=', 'UCSXSD960GBM1XEVD', 'UCSX-SD38T63XEP-D=', 'UCSX-SD19TBM3XEPD=', 'UCSX-SD16TKA3XEPD=', 'UCSX-SD16TBKNK9-D', 'UCSXSD480GBM1XEVD=', 'UCSXSD960GBM1XEVD=', 'UCSX-SD16TKA3XEPD', 'UCSXSD240GM1XEV-D', 'UCSX-SD38TBKNK9-D=', 'UCSX-SDB3T8SA1VD=', 'UCSX-SD16TBKANK9D', 'UCSXSD960G63XEP-D', 'UCSXSD480G63XEP-D', 'UCSXSD960GK1XEV-D=', 'UCSXSD19T6S1XEV-D', 'UCSX-SD19TEM2NK9D', 'UCSXS480G6I1XEV-D=', 'UCSX-SDB1T9SA1VD=', 'UCSX-SD76TBKNK9-D', 'UCSX-SD16TK3XEP-D', 'UCSXSD960GBKNK9-D', 'UCSX-SD76TBM1XEVD', 'UCSXSD960GBKNK9-D=', 'UCSXSD800GBKNK9-D', 'UCSXSD38T6I1XEV-D', 'UCSX-SD19TBM1XEVD', 'UCSX-SDB7T6SA1VD', 'UCSX-SD16TBKANK9D=', 'UCSXSD76T6S1XEV-D', 'UCSX-SD19TK1XEV-D=', 'UCSXSD960GBM3XEPD=', 'UCSX-SD76TEM2NK9D', 'UCSX-SD19T63XEP-D=', 'UCSX-SD38TBKNK9-D', 'UCSXSD480GM1XEV-D', 'UCSX-SD16TK3XEP-D=', 'UCSX-SD16TBKNK9-D=', 'UCSXSD38T6S1XEV-D', 'UCSXSD240GBM1XEVD=', 'UCSX-SD38TBKANK9D=', 'UCSXSD38TKA1XEV-D', 'UCSXSD800GBKNK9-D=', 'UCSX-SD19TM1XEV-D', 'UCSXSD480GBM3XEPD', 'UCSX-SD19TEM2NK9D=', 'UCSX-SD15TKA1XEVD', 'UCSX-SD16TM1XEV-D', 'UCSX-SDB960SA1VD=', 'UCSX-SD76TK1XEV-D', 'UCSX-SD38TBM1XEVD=', 'UCSX-SD76TBM1XEVD=', 'UCSX-SD38TBM1XEVD', 'UCSXSD19T6S1XEV-D=', 'UCSX-SD15TK1XEV-D', 'UCSXS480G6I1XEV-D', 'UCSX-SD38TM1XEV-D', 'UCSXSD480GBM3XEPD=', 'UCSX-SD16TBM1XEVD', 'UCSX-SD19TK1XEV-D', 'UCSX-SD38TEM2NK9D=', 'UCSX-SD38T63XEP-D', 'UCSX-SD38TEM2NK9D', 'UCSX-SD76TKA1XEVD=', 'UCSX-SDB7T6SA1VD=', 'UCSX-SD15TKA1XEVD=', 'UCSXSD800GK3XEP-D=', 'UCSXS960G6S1XEV-D', 'UCSX-SD76TEM2NK9D=', 'UCSXSD32TKA3XEP-D=', 'UCSXSD32TKA3XEP-D', 'UCSX-SD960GM2NK9D', 'UCSX-SD76TKA1XEVD', 'UCSX-SD76TBKANK9D', 'UCSXSD76T6S1XEV-D=', 'UCSXSD800GK3XEP-D', 'UCSXSD38TKA1XEV-D=', 'UCSXSD480GBM1XEVD', 'UCSX-SDB3T8SA1VD', 'UCSX-SD19TM1XEV-D=', 'UCSX-SD38TK1XEV-D', 'UCSX-SD19TBM3XEPD', 'UCSXSD960GBM3XEPD', 'UCSXSD38T6S1XEV-D=', 'UCSX-SD76TBKANK9D=', 'UCSXSD240GBM1XEVD', 'UCSX-SDB1T9SA1VD', 'UCSX-SD19TBM1XEVD=', 'UCSX-SD38TBKANK9D', 'UCSXSD960G63XEP-D=', 'UCSX-SDB960SA1VD', 'UCSX-SD32TK3XEP-D']",,32GB,5600,1,4,DDR5,RDIMM,ECC,1.1V,STD,1,,,is_encoded,x210cm7-specsheet.pdf,https://www.cisco.com/c/dam/en/us/products/collateral/servers-unified-computing/ucs-x-series-modular-system/x210cm7-specsheet.pdf,https://www.cisco.com/c/dam/en/us/products/collateral/servers-unified-computing/ucs-x-series-modular-system/x210cm7-specsheet.pdf,,,32D5ER14560011S1,1Rx4,"('1Rx4', '1Rx8', '2Rx4', '4Rx4', '8Rx4')",,,,UCSX-MRX32G1RE3=
Cisco,UCSX-MRX32G1RE1,Cisco UCS X210c M7 Compute Node,Cisco,UCS,X210c M7 Compute Node,UCSX-MRX32G1RE1 32GB DDR5-4800 RDIMM 1Rx4 (16Gb),['32'],['8TB'],,,,,memory,"['I8468=', 'I6416H', 'I5416S', 'I6448Y=', 'I4514Y', 'I6442Y=', 'I8558=', 'I8458P=', 'I5418N', 'I4510=', 'I6428N=', 'I5512U=', 'I6416H=', 'I6426Y=', 'I6444Y=', 'I4416', 'I5411N', 'I8490H', 'I6444Y', 'I8562Y', 'I8592V=', 'I6418H=', 'I3408U=', 'I3508U', 'I8471N', 'I4514Y=', 'I4509Y=', 'I4410Y=', 'I8558P', 'I5415', 'I3408U', 'I4410T=', 'I8460Y', 'I6434=', 'I6548Y', 'I8462Y', 'I8558', 'I6526Y', 'I5416S=', 'I8450H=', 'I6430', 'I5515', 'I8568Y', 'I6534', 'I6554S=', 'I6434', 'I8571N', 'I6526Y=', 'I8450H', 'I5418Y', 'I8558U=', 'I6426Y', 'I5418N=', 'I4516Y', 'I4509Y', 'I6448H', 'I5418Y=', 'I5412U=', 'I6434H', 'I6421N', 'I8490H=', 'I6438M', 'I8471N=', 'I8468V=', 'I8570=', 'I5412U', 'I8558U', 'I6428N', 'I6448Y', 'I8470=', 'I5512U', 'I8592', 'I8580', 'I8468H=', 'I4410T', 'I8444H=', 'I6421N=', 'I6538N=', 'I6454S', 'I6530', 'I4410Y', 'I6438N=', 'I8468', 'I8454H', 'I8470', 'I6434H=', 'I6442Y', 'I8444H', 'I8452Y', 'I5411N=', 'I6414U=', 'I8470N', 'I6438M=', 'I8580=', 'I8570', 'I8592V', 'I8454H=', 'I4510', 'I8458P', 'I6454S=', 'I6538N', 'I8470N=', 'I8452Y=', 'I6538Y', 'I8460H', 'I6418H', 'I4510T', 'I8460H=', 'I8558P=', 'I6548N', 'I6448H=', 'I8571N=', 'I4510T=', 'I6548N=', 'I6430=', 'I6554S', 'I8468V', 'I8480', 'I8461V', 'I6414U', 'I6544Y', 'I8461V=', 'I6542Y', 'I6438Y', 'I6438N', 'I5520', 'I8581V=', 'I8581V', 'I5420', 'I8468H']","['UCSX-MRX32G1RE1', 'UCSX-MRX32G1RE3=', 'UCSX-MRX48G1RF33', 'UCSX-MRX64G2RE1=', 'UCSX-MRX16G1RE3=', 'UCSX-MR128G4RE1', 'UCSX-MRX64G2RE3=', 'UCSX-MRX96G2RF3=', 'UCSX-MRX32G1RE3', 'UCSX-MR256G8RE31,3256GB', 'UCSX-MRX64G2RE3', 'UCSX-MRX16G1RE1', 'UCSX-MR256G8RE11', 'UCSX-MR128G4RE1=', 'UCSX-MRX16G1RE1=', 'UCSX-MRX96G2RF3', 'UCSX-MRX16G1RE3', 'UCSX-MR128G4RE3', 'UCSX-MR256G8RE3=', 'UCSX-MR128G4RE3=', 'UCSX-MRX48G1RF3=', 'UCSX-MRX64G2RE1', 'UCSX-MR256G8RE1=', 'UCSX-MRX32G1RE1=']","['UCSX-SD16TBM1XEVD=', 'UCSX-SD19T63XEP-D', 'UCSX-SD76TM1XEV-D', 'UCSXS960G6S1XEV-D=', 'UCSXS960G6I1XEV-D', 'UCSX-SD19TKA1XEVD=', 'UCSXSD480G63XEP-D=', 'UCSXSD960GK1XEV-D', 'UCSX-SD19TKA1XEVD', 'UCSXSD38T6I1XEV-D=', 'UCSXSD960GBM1XEVD', 'UCSX-SD38T63XEP-D=', 'UCSX-SD19TBM3XEPD=', 'UCSX-SD16TKA3XEPD=', 'UCSX-SD16TBKNK9-D', 'UCSXSD480GBM1XEVD=', 'UCSXSD960GBM1XEVD=', 'UCSX-SD16TKA3XEPD', 'UCSXSD240GM1XEV-D', 'UCSX-SD38TBKNK9-D=', 'UCSX-SDB3T8SA1VD=', 'UCSX-SD16TBKANK9D', 'UCSXSD960G63XEP-D', 'UCSXSD480G63XEP-D', 'UCSXSD960GK1XEV-D=', 'UCSXSD19T6S1XEV-D', 'UCSX-SD19TEM2NK9D', 'UCSXS480G6I1XEV-D=', 'UCSX-SDB1T9SA1VD=', 'UCSX-SD76TBKNK9-D', 'UCSX-SD16TK3XEP-D', 'UCSXSD960GBKNK9-D', 'UCSX-SD76TBM1XEVD', 'UCSXSD960GBKNK9-D=', 'UCSXSD800GBKNK9-D', 'UCSXSD38T6I1XEV-D', 'UCSX-SD19TBM1XEVD', 'UCSX-SDB7T6SA1VD', 'UCSX-SD16TBKANK9D=', 'UCSXSD76T6S1XEV-D', 'UCSX-SD19TK1XEV-D=', 'UCSXSD960GBM3XEPD=', 'UCSX-SD76TEM2NK9D', 'UCSX-SD19T63XEP-D=', 'UCSX-SD38TBKNK9-D', 'UCSXSD480GM1XEV-D', 'UCSX-SD16TK3XEP-D=', 'UCSX-SD16TBKNK9-D=', 'UCSXSD38T6S1XEV-D', 'UCSXSD240GBM1XEVD=', 'UCSX-SD38TBKANK9D=', 'UCSXSD38TKA1XEV-D', 'UCSXSD800GBKNK9-D=', 'UCSX-SD19TM1XEV-D', 'UCSXSD480GBM3XEPD', 'UCSX-SD19TEM2NK9D=', 'UCSX-SD15TKA1XEVD', 'UCSX-SD16TM1XEV-D', 'UCSX-SDB960SA1VD=', 'UCSX-SD76TK1XEV-D', 'UCSX-SD38TBM1XEVD=', 'UCSX-SD76TBM1XEVD=', 'UCSX-SD38TBM1XEVD', 'UCSXSD19T6S1XEV-D=', 'UCSX-SD15TK1XEV-D', 'UCSXS480G6I1XEV-D', 'UCSX-SD38TM1XEV-D', 'UCSXSD480GBM3XEPD=', 'UCSX-SD16TBM1XEVD', 'UCSX-SD19TK1XEV-D', 'UCSX-SD38TEM2NK9D=', 'UCSX-SD38T63XEP-D', 'UCSX-SD38TEM2NK9D', 'UCSX-SD76TKA1XEVD=', 'UCSX-SDB7T6SA1VD=', 'UCSX-SD15TKA1XEVD=', 'UCSXSD800GK3XEP-D=', 'UCSXS960G6S1XEV-D', 'UCSX-SD76TEM2NK9D=', 'UCSXSD32TKA3XEP-D=', 'UCSXSD32TKA3XEP-D', 'UCSX-SD960GM2NK9D', 'UCSX-SD76TKA1XEVD', 'UCSX-SD76TBKANK9D', 'UCSXSD76T6S1XEV-D=', 'UCSXSD800GK3XEP-D', 'UCSXSD38TKA1XEV-D=', 'UCSXSD480GBM1XEVD', 'UCSX-SDB3T8SA1VD', 'UCSX-SD19TM1XEV-D=', 'UCSX-SD38TK1XEV-D', 'UCSX-SD19TBM3XEPD', 'UCSXSD960GBM3XEPD', 'UCSXSD38T6S1XEV-D=', 'UCSX-SD76TBKANK9D=', 'UCSXSD240GBM1XEVD', 'UCSX-SDB1T9SA1VD', 'UCSX-SD19TBM1XEVD=', 'UCSX-SD38TBKANK9D', 'UCSXSD960G63XEP-D=', 'UCSX-SDB960SA1VD', 'UCSX-SD32TK3XEP-D']",,32GB,4800,1,4,DDR5,RDIMM,ECC,1.1V,STD,1,,,is_encoded,x210cm7-specsheet.pdf,https://www.cisco.com/c/dam/en/us/products/collateral/servers-unified-computing/ucs-x-series-modular-system/x210cm7-specsheet.pdf,https://www.cisco.com/c/dam/en/us/products/collateral/servers-unified-computing/ucs-x-series-modular-system/x210cm7-specsheet.pdf,,,32D5ER14480011S1,1Rx4,"('1Rx4', '1Rx8', '2Rx4', '4Rx4', '8Rx4')",,,,UCSX-MRX32G1RE1=
Cisco,UCSX-MRX16G1RE3,Cisco UCS X210c M7 Compute Node,Cisco,UCS,X210c M7 Compute Node,UCSX-MRX16G1RE3 16GB DDR5-5600 RDIMM 1Rx8 (16Gb),['32'],['8TB'],,,,,memory,"['I8468=', 'I6416H', 'I5416S', 'I6448Y=', 'I4514Y', 'I6442Y=', 'I8558=', 'I8458P=', 'I5418N', 'I4510=', 'I6428N=', 'I5512U=', 'I6416H=', 'I6426Y=', 'I6444Y=', 'I4416', 'I5411N', 'I8490H', 'I6444Y', 'I8562Y', 'I8592V=', 'I6418H=', 'I3408U=', 'I3508U', 'I8471N', 'I4514Y=', 'I4509Y=', 'I4410Y=', 'I8558P', 'I5415', 'I3408U', 'I4410T=', 'I8460Y', 'I6434=', 'I6548Y', 'I8462Y', 'I8558', 'I6526Y', 'I5416S=', 'I8450H=', 'I6430', 'I5515', 'I8568Y', 'I6534', 'I6554S=', 'I6434', 'I8571N', 'I6526Y=', 'I8450H', 'I5418Y', 'I8558U=', 'I6426Y', 'I5418N=', 'I4516Y', 'I4509Y', 'I6448H', 'I5418Y=', 'I5412U=', 'I6434H', 'I6421N', 'I8490H=', 'I6438M', 'I8471N=', 'I8468V=', 'I8570=', 'I5412U', 'I8558U', 'I6428N', 'I6448Y', 'I8470=', 'I5512U', 'I8592', 'I8580', 'I8468H=', 'I4410T', 'I8444H=', 'I6421N=', 'I6538N=', 'I6454S', 'I6530', 'I4410Y', 'I6438N=', 'I8468', 'I8454H', 'I8470', 'I6434H=', 'I6442Y', 'I8444H', 'I8452Y', 'I5411N=', 'I6414U=', 'I8470N', 'I6438M=', 'I8580=', 'I8570', 'I8592V', 'I8454H=', 'I4510', 'I8458P', 'I6454S=', 'I6538N', 'I8470N=', 'I8452Y=', 'I6538Y', 'I8460H', 'I6418H', 'I4510T', 'I8460H=', 'I8558P=', 'I6548N', 'I6448H=', 'I8571N=', 'I4510T=', 'I6548N=', 'I6430=', 'I6554S', 'I8468V', 'I8480', 'I8461V', 'I6414U', 'I6544Y', 'I8461V=', 'I6542Y', 'I6438Y', 'I6438N', 'I5520', 'I8581V=', 'I8581V', 'I5420', 'I8468H']","['UCSX-MRX32G1RE1', 'UCSX-MRX32G1RE3=', 'UCSX-MRX48G1RF33', 'UCSX-MRX64G2RE1=', 'UCSX-MRX16G1RE3=', 'UCSX-MR128G4RE1', 'UCSX-MRX64G2RE3=', 'UCSX-MRX96G2RF3=', 'UCSX-MRX32G1RE3', 'UCSX-MR256G8RE31,3256GB', 'UCSX-MRX64G2RE3', 'UCSX-MRX16G1RE1', 'UCSX-MR256G8RE11', 'UCSX-MR128G4RE1=', 'UCSX-MRX16G1RE1=', 'UCSX-MRX96G2RF3', 'UCSX-MRX16G1RE3', 'UCSX-MR128G4RE3', 'UCSX-MR256G8RE3=', 'UCSX-MR128G4RE3=', 'UCSX-MRX48G1RF3=', 'UCSX-MRX64G2RE1', 'UCSX-MR256G8RE1=', 'UCSX-MRX32G1RE1=']","['UCSX-SD16TBM1XEVD=', 'UCSX-SD19T63XEP-D', 'UCSX-SD76TM1XEV-D', 'UCSXS960G6S1XEV-D=', 'UCSXS960G6I1XEV-D', 'UCSX-SD19TKA1XEVD=', 'UCSXSD480G63XEP-D=', 'UCSXSD960GK1XEV-D', 'UCSX-SD19TKA1XEVD', 'UCSXSD38T6I1XEV-D=', 'UCSXSD960GBM1XEVD', 'UCSX-SD38T63XEP-D=', 'UCSX-SD19TBM3XEPD=', 'UCSX-SD16TKA3XEPD=', 'UCSX-SD16TBKNK9-D', 'UCSXSD480GBM1XEVD=', 'UCSXSD960GBM1XEVD=', 'UCSX-SD16TKA3XEPD', 'UCSXSD240GM1XEV-D', 'UCSX-SD38TBKNK9-D=', 'UCSX-SDB3T8SA1VD=', 'UCSX-SD16TBKANK9D', 'UCSXSD960G63XEP-D', 'UCSXSD480G63XEP-D', 'UCSXSD960GK1XEV-D=', 'UCSXSD19T6S1XEV-D', 'UCSX-SD19TEM2NK9D', 'UCSXS480G6I1XEV-D=', 'UCSX-SDB1T9SA1VD=', 'UCSX-SD76TBKNK9-D', 'UCSX-SD16TK3XEP-D', 'UCSXSD960GBKNK9-D', 'UCSX-SD76TBM1XEVD', 'UCSXSD960GBKNK9-D=', 'UCSXSD800GBKNK9-D', 'UCSXSD38T6I1XEV-D', 'UCSX-SD19TBM1XEVD', 'UCSX-SDB7T6SA1VD', 'UCSX-SD16TBKANK9D=', 'UCSXSD76T6S1XEV-D', 'UCSX-SD19TK1XEV-D=', 'UCSXSD960GBM3XEPD=', 'UCSX-SD76TEM2NK9D', 'UCSX-SD19T63XEP-D=', 'UCSX-SD38TBKNK9-D', 'UCSXSD480GM1XEV-D', 'UCSX-SD16TK3XEP-D=', 'UCSX-SD16TBKNK9-D=', 'UCSXSD38T6S1XEV-D', 'UCSXSD240GBM1XEVD=', 'UCSX-SD38TBKANK9D=', 'UCSXSD38TKA1XEV-D', 'UCSXSD800GBKNK9-D=', 'UCSX-SD19TM1XEV-D', 'UCSXSD480GBM3XEPD', 'UCSX-SD19TEM2NK9D=', 'UCSX-SD15TKA1XEVD', 'UCSX-SD16TM1XEV-D', 'UCSX-SDB960SA1VD=', 'UCSX-SD76TK1XEV-D', 'UCSX-SD38TBM1XEVD=', 'UCSX-SD76TBM1XEVD=', 'UCSX-SD38TBM1XEVD', 'UCSXSD19T6S1XEV-D=', 'UCSX-SD15TK1XEV-D', 'UCSXS480G6I1XEV-D', 'UCSX-SD38TM1XEV-D', 'UCSXSD480GBM3XEPD=', 'UCSX-SD16TBM1XEVD', 'UCSX-SD19TK1XEV-D', 'UCSX-SD38TEM2NK9D=', 'UCSX-SD38T63XEP-D', 'UCSX-SD38TEM2NK9D', 'UCSX-SD76TKA1XEVD=', 'UCSX-SDB7T6SA1VD=', 'UCSX-SD15TKA1XEVD=', 'UCSXSD800GK3XEP-D=', 'UCSXS960G6S1XEV-D', 'UCSX-SD76TEM2NK9D=', 'UCSXSD32TKA3XEP-D=', 'UCSXSD32TKA3XEP-D', 'UCSX-SD960GM2NK9D', 'UCSX-SD76TKA1XEVD', 'UCSX-SD76TBKANK9D', 'UCSXSD76T6S1XEV-D=', 'UCSXSD800GK3XEP-D', 'UCSXSD38TKA1XEV-D=', 'UCSXSD480GBM1XEVD', 'UCSX-SDB3T8SA1VD', 'UCSX-SD19TM1XEV-D=', 'UCSX-SD38TK1XEV-D', 'UCSX-SD19TBM3XEPD', 'UCSXSD960GBM3XEPD', 'UCSXSD38T6S1XEV-D=', 'UCSX-SD76TBKANK9D=', 'UCSXSD240GBM1XEVD', 'UCSX-SDB1T9SA1VD', 'UCSX-SD19TBM1XEVD=', 'UCSX-SD38TBKANK9D', 'UCSXSD960G63XEP-D=', 'UCSX-SDB960SA1VD', 'UCSX-SD32TK3XEP-D']",,16GB,5600,1,8,DDR5,RDIMM,ECC,1.1V,STD,1,,,is_encoded,x210cm7-specsheet.pdf,https://www.cisco.com/c/dam/en/us/products/collateral/servers-unified-computing/ucs-x-series-modular-system/x210cm7-specsheet.pdf,https://www.cisco.com/c/dam/en/us/products/collateral/servers-unified-computing/ucs-x-series-modular-system/x210cm7-specsheet.pdf,,,16D5ER18560011S1,1Rx8,"('1Rx4', '1Rx8', '2Rx4', '4Rx4', '8Rx4')",,,,UCSX-MRX16G1RE3=
Cisco,UCSX-MRX16G1RE1,Cisco UCS X210c M7 Compute Node,Cisco,UCS,X210c M7 Compute Node,UCSX-MRX16G1RE1 16GB DDR5-4800 RDIMM 1Rx8 (16Gb),['32'],['8TB'],,,,,memory,"['I8468=', 'I6416H', 'I5416S', 'I6448Y=', 'I4514Y', 'I6442Y=', 'I8558=', 'I8458P=', 'I5418N', 'I4510=', 'I6428N=', 'I5512U=', 'I6416H=', 'I6426Y=', 'I6444Y=', 'I4416', 'I5411N', 'I8490H', 'I6444Y', 'I8562Y', 'I8592V=', 'I6418H=', 'I3408U=', 'I3508U', 'I8471N', 'I4514Y=', 'I4509Y=', 'I4410Y=', 'I8558P', 'I5415', 'I3408U', 'I4410T=', 'I8460Y', 'I6434=', 'I6548Y', 'I8462Y', 'I8558', 'I6526Y', 'I5416S=', 'I8450H=', 'I6430', 'I5515', 'I8568Y', 'I6534', 'I6554S=', 'I6434', 'I8571N', 'I6526Y=', 'I8450H', 'I5418Y', 'I8558U=', 'I6426Y', 'I5418N=', 'I4516Y', 'I4509Y', 'I6448H', 'I5418Y=', 'I5412U=', 'I6434H', 'I6421N', 'I8490H=', 'I6438M', 'I8471N=', 'I8468V=', 'I8570=', 'I5412U', 'I8558U', 'I6428N', 'I6448Y', 'I8470=', 'I5512U', 'I8592', 'I8580', 'I8468H=', 'I4410T', 'I8444H=', 'I6421N=', 'I6538N=', 'I6454S', 'I6530', 'I4410Y', 'I6438N=', 'I8468', 'I8454H', 'I8470', 'I6434H=', 'I6442Y', 'I8444H', 'I8452Y', 'I5411N=', 'I6414U=', 'I8470N', 'I6438M=', 'I8580=', 'I8570', 'I8592V', 'I8454H=', 'I4510', 'I8458P', 'I6454S=', 'I6538N', 'I8470N=', 'I8452Y=', 'I6538Y', 'I8460H', 'I6418H', 'I4510T', 'I8460H=', 'I8558P=', 'I6548N', 'I6448H=', 'I8571N=', 'I4510T=', 'I6548N=', 'I6430=', 'I6554S', 'I8468V', 'I8480', 'I8461V', 'I6414U', 'I6544Y', 'I8461V=', 'I6542Y', 'I6438Y', 'I6438N', 'I5520', 'I8581V=', 'I8581V', 'I5420', 'I8468H']","['UCSX-MRX32G1RE1', 'UCSX-MRX32G1RE3=', 'UCSX-MRX48G1RF33', 'UCSX-MRX64G2RE1=', 'UCSX-MRX16G1RE3=', 'UCSX-MR128G4RE1', 'UCSX-MRX64G2RE3=', 'UCSX-MRX96G2RF3=', 'UCSX-MRX32G1RE3', 'UCSX-MR256G8RE31,3256GB', 'UCSX-MRX64G2RE3', 'UCSX-MRX16G1RE1', 'UCSX-MR256G8RE11', 'UCSX-MR128G4RE1=', 'UCSX-MRX16G1RE1=', 'UCSX-MRX96G2RF3', 'UCSX-MRX16G1RE3', 'UCSX-MR128G4RE3', 'UCSX-MR256G8RE3=', 'UCSX-MR128G4RE3=', 'UCSX-MRX48G1RF3=', 'UCSX-MRX64G2RE1', 'UCSX-MR256G8RE1=', 'UCSX-MRX32G1RE1=']","['UCSX-SD16TBM1XEVD=', 'UCSX-SD19T63XEP-D', 'UCSX-SD76TM1XEV-D', 'UCSXS960G6S1XEV-D=', 'UCSXS960G6I1XEV-D', 'UCSX-SD19TKA1XEVD=', 'UCSXSD480G63XEP-D=', 'UCSXSD960GK1XEV-D', 'UCSX-SD19TKA1XEVD', 'UCSXSD38T6I1XEV-D=', 'UCSXSD960GBM1XEVD', 'UCSX-SD38T63XEP-D=', 'UCSX-SD19TBM3XEPD=', 'UCSX-SD16TKA3XEPD=', 'UCSX-SD16TBKNK9-D', 'UCSXSD480GBM1XEVD=', 'UCSXSD960GBM1XEVD=', 'UCSX-SD16TKA3XEPD', 'UCSXSD240GM1XEV-D', 'UCSX-SD38TBKNK9-D=', 'UCSX-SDB3T8SA1VD=', 'UCSX-SD16TBKANK9D', 'UCSXSD960G63XEP-D', 'UCSXSD480G63XEP-D', 'UCSXSD960GK1XEV-D=', 'UCSXSD19T6S1XEV-D', 'UCSX-SD19TEM2NK9D', 'UCSXS480G6I1XEV-D=', 'UCSX-SDB1T9SA1VD=', 'UCSX-SD76TBKNK9-D', 'UCSX-SD16TK3XEP-D', 'UCSXSD960GBKNK9-D', 'UCSX-SD76TBM1XEVD', 'UCSXSD960GBKNK9-D=', 'UCSXSD800GBKNK9-D', 'UCSXSD38T6I1XEV-D', 'UCSX-SD19TBM1XEVD', 'UCSX-SDB7T6SA1VD', 'UCSX-SD16TBKANK9D=', 'UCSXSD76T6S1XEV-D', 'UCSX-SD19TK1XEV-D=', 'UCSXSD960GBM3XEPD=', 'UCSX-SD76TEM2NK9D', 'UCSX-SD19T63XEP-D=', 'UCSX-SD38TBKNK9-D', 'UCSXSD480GM1XEV-D', 'UCSX-SD16TK3XEP-D=', 'UCSX-SD16TBKNK9-D=', 'UCSXSD38T6S1XEV-D', 'UCSXSD240GBM1XEVD=', 'UCSX-SD38TBKANK9D=', 'UCSXSD38TKA1XEV-D', 'UCSXSD800GBKNK9-D=', 'UCSX-SD19TM1XEV-D', 'UCSXSD480GBM3XEPD', 'UCSX-SD19TEM2NK9D=', 'UCSX-SD15TKA1XEVD', 'UCSX-SD16TM1XEV-D', 'UCSX-SDB960SA1VD=', 'UCSX-SD76TK1XEV-D', 'UCSX-SD38TBM1XEVD=', 'UCSX-SD76TBM1XEVD=', 'UCSX-SD38TBM1XEVD', 'UCSXSD19T6S1XEV-D=', 'UCSX-SD15TK1XEV-D', 'UCSXS480G6I1XEV-D', 'UCSX-SD38TM1XEV-D', 'UCSXSD480GBM3XEPD=', 'UCSX-SD16TBM1XEVD', 'UCSX-SD19TK1XEV-D', 'UCSX-SD38TEM2NK9D=', 'UCSX-SD38T63XEP-D', 'UCSX-SD38TEM2NK9D', 'UCSX-SD76TKA1XEVD=', 'UCSX-SDB7T6SA1VD=', 'UCSX-SD15TKA1XEVD=', 'UCSXSD800GK3XEP-D=', 'UCSXS960G6S1XEV-D', 'UCSX-SD76TEM2NK9D=', 'UCSXSD32TKA3XEP-D=', 'UCSXSD32TKA3XEP-D', 'UCSX-SD960GM2NK9D', 'UCSX-SD76TKA1XEVD', 'UCSX-SD76TBKANK9D', 'UCSXSD76T6S1XEV-D=', 'UCSXSD800GK3XEP-D', 'UCSXSD38TKA1XEV-D=', 'UCSXSD480GBM1XEVD', 'UCSX-SDB3T8SA1VD', 'UCSX-SD19TM1XEV-D=', 'UCSX-SD38TK1XEV-D', 'UCSX-SD19TBM3XEPD', 'UCSXSD960GBM3XEPD', 'UCSXSD38T6S1XEV-D=', 'UCSX-SD76TBKANK9D=', 'UCSXSD240GBM1XEVD', 'UCSX-SDB1T9SA1VD', 'UCSX-SD19TBM1XEVD=', 'UCSX-SD38TBKANK9D', 'UCSXSD960G63XEP-D=', 'UCSX-SDB960SA1VD', 'UCSX-SD32TK3XEP-D']",,16GB,4800,1,8,DDR5,RDIMM,ECC,1.1V,STD,1,,,is_encoded,x210cm7-specsheet.pdf,https://www.cisco.com/c/dam/en/us/products/collateral/servers-unified-computing/ucs-x-series-modular-system/x210cm7-specsheet.pdf,https://www.cisco.com/c/dam/en/us/products/collateral/servers-unified-computing/ucs-x-series-modular-system/x210cm7-specsheet.pdf,,,16D5ER18480011S1,1Rx8,"('1Rx4', '1Rx8', '2Rx4', '4Rx4', '8Rx4')",,,,UCSX-MRX16G1RE1=
Cisco,UCSX-MRX96G2RF3,Cisco UCS X210c M7 Compute Node,Cisco,UCS,X210c M7 Compute Node,UCSX-MRX96G2RF3 96GB DDR5-5600 RDIMM 2Rx4 (24Gb),['32'],['8TB'],,,,,memory,"['I8468=', 'I6416H', 'I5416S', 'I6448Y=', 'I4514Y', 'I6442Y=', 'I8558=', 'I8458P=', 'I5418N', 'I4510=', 'I6428N=', 'I5512U=', 'I6416H=', 'I6426Y=', 'I6444Y=', 'I4416', 'I5411N', 'I8490H', 'I6444Y', 'I8562Y', 'I8592V=', 'I6418H=', 'I3408U=', 'I3508U', 'I8471N', 'I4514Y=', 'I4509Y=', 'I4410Y=', 'I8558P', 'I5415', 'I3408U', 'I4410T=', 'I8460Y', 'I6434=', 'I6548Y', 'I8462Y', 'I8558', 'I6526Y', 'I5416S=', 'I8450H=', 'I6430', 'I5515', 'I8568Y', 'I6534', 'I6554S=', 'I6434', 'I8571N', 'I6526Y=', 'I8450H', 'I5418Y', 'I8558U=', 'I6426Y', 'I5418N=', 'I4516Y', 'I4509Y', 'I6448H', 'I5418Y=', 'I5412U=', 'I6434H', 'I6421N', 'I8490H=', 'I6438M', 'I8471N=', 'I8468V=', 'I8570=', 'I5412U', 'I8558U', 'I6428N', 'I6448Y', 'I8470=', 'I5512U', 'I8592', 'I8580', 'I8468H=', 'I4410T', 'I8444H=', 'I6421N=', 'I6538N=', 'I6454S', 'I6530', 'I4410Y', 'I6438N=', 'I8468', 'I8454H', 'I8470', 'I6434H=', 'I6442Y', 'I8444H', 'I8452Y', 'I5411N=', 'I6414U=', 'I8470N', 'I6438M=', 'I8580=', 'I8570', 'I8592V', 'I8454H=', 'I4510', 'I8458P', 'I6454S=', 'I6538N', 'I8470N=', 'I8452Y=', 'I6538Y', 'I8460H', 'I6418H', 'I4510T', 'I8460H=', 'I8558P=', 'I6548N', 'I6448H=', 'I8571N=', 'I4510T=', 'I6548N=', 'I6430=', 'I6554S', 'I8468V', 'I8480', 'I8461V', 'I6414U', 'I6544Y', 'I8461V=', 'I6542Y', 'I6438Y', 'I6438N', 'I5520', 'I8581V=', 'I8581V', 'I5420', 'I8468H']","['UCSX-MRX32G1RE1', 'UCSX-MRX32G1RE3=', 'UCSX-MRX48G1RF33', 'UCSX-MRX64G2RE1=', 'UCSX-MRX16G1RE3=', 'UCSX-MR128G4RE1', 'UCSX-MRX64G2RE3=', 'UCSX-MRX96G2RF3=', 'UCSX-MRX32G1RE3', 'UCSX-MR256G8RE31,3256GB', 'UCSX-MRX64G2RE3', 'UCSX-MRX16G1RE1', 'UCSX-MR256G8RE11', 'UCSX-MR128G4RE1=', 'UCSX-MRX16G1RE1=', 'UCSX-MRX96G2RF3', 'UCSX-MRX16G1RE3', 'UCSX-MR128G4RE3', 'UCSX-MR256G8RE3=', 'UCSX-MR128G4RE3=', 'UCSX-MRX48G1RF3=', 'UCSX-MRX64G2RE1', 'UCSX-MR256G8RE1=', 'UCSX-MRX32G1RE1=']","['UCSX-SD16TBM1XEVD=', 'UCSX-SD19T63XEP-D', 'UCSX-SD76TM1XEV-D', 'UCSXS960G6S1XEV-D=', 'UCSXS960G6I1XEV-D', 'UCSX-SD19TKA1XEVD=', 'UCSXSD480G63XEP-D=', 'UCSXSD960GK1XEV-D', 'UCSX-SD19TKA1XEVD', 'UCSXSD38T6I1XEV-D=', 'UCSXSD960GBM1XEVD', 'UCSX-SD38T63XEP-D=', 'UCSX-SD19TBM3XEPD=', 'UCSX-SD16TKA3XEPD=', 'UCSX-SD16TBKNK9-D', 'UCSXSD480GBM1XEVD=', 'UCSXSD960GBM1XEVD=', 'UCSX-SD16TKA3XEPD', 'UCSXSD240GM1XEV-D', 'UCSX-SD38TBKNK9-D=', 'UCSX-SDB3T8SA1VD=', 'UCSX-SD16TBKANK9D', 'UCSXSD960G63XEP-D', 'UCSXSD480G63XEP-D', 'UCSXSD960GK1XEV-D=', 'UCSXSD19T6S1XEV-D', 'UCSX-SD19TEM2NK9D', 'UCSXS480G6I1XEV-D=', 'UCSX-SDB1T9SA1VD=', 'UCSX-SD76TBKNK9-D', 'UCSX-SD16TK3XEP-D', 'UCSXSD960GBKNK9-D', 'UCSX-SD76TBM1XEVD', 'UCSXSD960GBKNK9-D=', 'UCSXSD800GBKNK9-D', 'UCSXSD38T6I1XEV-D', 'UCSX-SD19TBM1XEVD', 'UCSX-SDB7T6SA1VD', 'UCSX-SD16TBKANK9D=', 'UCSXSD76T6S1XEV-D', 'UCSX-SD19TK1XEV-D=', 'UCSXSD960GBM3XEPD=', 'UCSX-SD76TEM2NK9D', 'UCSX-SD19T63XEP-D=', 'UCSX-SD38TBKNK9-D', 'UCSXSD480GM1XEV-D', 'UCSX-SD16TK3XEP-D=', 'UCSX-SD16TBKNK9-D=', 'UCSXSD38T6S1XEV-D', 'UCSXSD240GBM1XEVD=', 'UCSX-SD38TBKANK9D=', 'UCSXSD38TKA1XEV-D', 'UCSXSD800GBKNK9-D=', 'UCSX-SD19TM1XEV-D', 'UCSXSD480GBM3XEPD', 'UCSX-SD19TEM2NK9D=', 'UCSX-SD15TKA1XEVD', 'UCSX-SD16TM1XEV-D', 'UCSX-SDB960SA1VD=', 'UCSX-SD76TK1XEV-D', 'UCSX-SD38TBM1XEVD=', 'UCSX-SD76TBM1XEVD=', 'UCSX-SD38TBM1XEVD', 'UCSXSD19T6S1XEV-D=', 'UCSX-SD15TK1XEV-D', 'UCSXS480G6I1XEV-D', 'UCSX-SD38TM1XEV-D', 'UCSXSD480GBM3XEPD=', 'UCSX-SD16TBM1XEVD', 'UCSX-SD19TK1XEV-D', 'UCSX-SD38TEM2NK9D=', 'UCSX-SD38T63XEP-D', 'UCSX-SD38TEM2NK9D', 'UCSX-SD76TKA1XEVD=', 'UCSX-SDB7T6SA1VD=', 'UCSX-SD15TKA1XEVD=', 'UCSXSD800GK3XEP-D=', 'UCSXS960G6S1XEV-D', 'UCSX-SD76TEM2NK9D=', 'UCSXSD32TKA3XEP-D=', 'UCSXSD32TKA3XEP-D', 'UCSX-SD960GM2NK9D', 'UCSX-SD76TKA1XEVD', 'UCSX-SD76TBKANK9D', 'UCSXSD76T6S1XEV-D=', 'UCSXSD800GK3XEP-D', 'UCSXSD38TKA1XEV-D=', 'UCSXSD480GBM1XEVD', 'UCSX-SDB3T8SA1VD', 'UCSX-SD19TM1XEV-D=', 'UCSX-SD38TK1XEV-D', 'UCSX-SD19TBM3XEPD', 'UCSXSD960GBM3XEPD', 'UCSXSD38T6S1XEV-D=', 'UCSX-SD76TBKANK9D=', 'UCSXSD240GBM1XEVD', 'UCSX-SDB1T9SA1VD', 'UCSX-SD19TBM1XEVD=', 'UCSX-SD38TBKANK9D', 'UCSXSD960G63XEP-D=', 'UCSX-SDB960SA1VD', 'UCSX-SD32TK3XEP-D']",,96GB,5600,2,4,DDR5,RDIMM,ECC,1.1V,STD,1,,,is_encoded,x210cm7-specsheet.pdf,https://www.cisco.com/c/dam/en/us/products/collateral/servers-unified-computing/ucs-x-series-modular-system/x210cm7-specsheet.pdf,https://www.cisco.com/c/dam/en/us/products/collateral/servers-unified-computing/ucs-x-series-modular-system/x210cm7-specsheet.pdf,,,96D5ER24560011S1,2Rx4,"('1Rx4', '1Rx8', '2Rx4', '4Rx4', '8Rx4')",,,,UCSX-MRX96G2RF3=
Cisco,UCSX-MRX64G2RE3,Cisco UCS X210c M7 Compute Node,Cisco,UCS,X210c M7 Compute Node,UCSX-MRX64G2RE3 64GB DDR5-5600 RDIMM 2Rx4 (16Gb),['32'],['8TB'],,,,,memory,"['I8468=', 'I6416H', 'I5416S', 'I6448Y=', 'I4514Y', 'I6442Y=', 'I8558=', 'I8458P=', 'I5418N', 'I4510=', 'I6428N=', 'I5512U=', 'I6416H=', 'I6426Y=', 'I6444Y=', 'I4416', 'I5411N', 'I8490H', 'I6444Y', 'I8562Y', 'I8592V=', 'I6418H=', 'I3408U=', 'I3508U', 'I8471N', 'I4514Y=', 'I4509Y=', 'I4410Y=', 'I8558P', 'I5415', 'I3408U', 'I4410T=', 'I8460Y', 'I6434=', 'I6548Y', 'I8462Y', 'I8558', 'I6526Y', 'I5416S=', 'I8450H=', 'I6430', 'I5515', 'I8568Y', 'I6534', 'I6554S=', 'I6434', 'I8571N', 'I6526Y=', 'I8450H', 'I5418Y', 'I8558U=', 'I6426Y', 'I5418N=', 'I4516Y', 'I4509Y', 'I6448H', 'I5418Y=', 'I5412U=', 'I6434H', 'I6421N', 'I8490H=', 'I6438M', 'I8471N=', 'I8468V=', 'I8570=', 'I5412U', 'I8558U', 'I6428N', 'I6448Y', 'I8470=', 'I5512U', 'I8592', 'I8580', 'I8468H=', 'I4410T', 'I8444H=', 'I6421N=', 'I6538N=', 'I6454S', 'I6530', 'I4410Y', 'I6438N=', 'I8468', 'I8454H', 'I8470', 'I6434H=', 'I6442Y', 'I8444H', 'I8452Y', 'I5411N=', 'I6414U=', 'I8470N', 'I6438M=', 'I8580=', 'I8570', 'I8592V', 'I8454H=', 'I4510', 'I8458P', 'I6454S=', 'I6538N', 'I8470N=', 'I8452Y=', 'I6538Y', 'I8460H', 'I6418H', 'I4510T', 'I8460H=', 'I8558P=', 'I6548N', 'I6448H=', 'I8571N=', 'I4510T=', 'I6548N=', 'I6430=', 'I6554S', 'I8468V', 'I8480', 'I8461V', 'I6414U', 'I6544Y', 'I8461V=', 'I6542Y', 'I6438Y', 'I6438N', 'I5520', 'I8581V=', 'I8581V', 'I5420', 'I8468H']","['UCSX-MRX32G1RE1', 'UCSX-MRX32G1RE3=', 'UCSX-MRX48G1RF33', 'UCSX-MRX64G2RE1=', 'UCSX-MRX16G1RE3=', 'UCSX-MR128G4RE1', 'UCSX-MRX64G2RE3=', 'UCSX-MRX96G2RF3=', 'UCSX-MRX32G1RE3', 'UCSX-MR256G8RE31,3256GB', 'UCSX-MRX64G2RE3', 'UCSX-MRX16G1RE1', 'UCSX-MR256G8RE11', 'UCSX-MR128G4RE1=', 'UCSX-MRX16G1RE1=', 'UCSX-MRX96G2RF3', 'UCSX-MRX16G1RE3', 'UCSX-MR128G4RE3', 'UCSX-MR256G8RE3=', 'UCSX-MR128G4RE3=', 'UCSX-MRX48G1RF3=', 'UCSX-MRX64G2RE1', 'UCSX-MR256G8RE1=', 'UCSX-MRX32G1RE1=']","['UCSX-SD16TBM1XEVD=', 'UCSX-SD19T63XEP-D', 'UCSX-SD76TM1XEV-D', 'UCSXS960G6S1XEV-D=', 'UCSXS960G6I1XEV-D', 'UCSX-SD19TKA1XEVD=', 'UCSXSD480G63XEP-D=', 'UCSXSD960GK1XEV-D', 'UCSX-SD19TKA1XEVD', 'UCSXSD38T6I1XEV-D=', 'UCSXSD960GBM1XEVD', 'UCSX-SD38T63XEP-D=', 'UCSX-SD19TBM3XEPD=', 'UCSX-SD16TKA3XEPD=', 'UCSX-SD16TBKNK9-D', 'UCSXSD480GBM1XEVD=', 'UCSXSD960GBM1XEVD=', 'UCSX-SD16TKA3XEPD', 'UCSXSD240GM1XEV-D', 'UCSX-SD38TBKNK9-D=', 'UCSX-SDB3T8SA1VD=', 'UCSX-SD16TBKANK9D', 'UCSXSD960G63XEP-D', 'UCSXSD480G63XEP-D', 'UCSXSD960GK1XEV-D=', 'UCSXSD19T6S1XEV-D', 'UCSX-SD19TEM2NK9D', 'UCSXS480G6I1XEV-D=', 'UCSX-SDB1T9SA1VD=', 'UCSX-SD76TBKNK9-D', 'UCSX-SD16TK3XEP-D', 'UCSXSD960GBKNK9-D', 'UCSX-SD76TBM1XEVD', 'UCSXSD960GBKNK9-D=', 'UCSXSD800GBKNK9-D', 'UCSXSD38T6I1XEV-D', 'UCSX-SD19TBM1XEVD', 'UCSX-SDB7T6SA1VD', 'UCSX-SD16TBKANK9D=', 'UCSXSD76T6S1XEV-D', 'UCSX-SD19TK1XEV-D=', 'UCSXSD960GBM3XEPD=', 'UCSX-SD76TEM2NK9D', 'UCSX-SD19T63XEP-D=', 'UCSX-SD38TBKNK9-D', 'UCSXSD480GM1XEV-D', 'UCSX-SD16TK3XEP-D=', 'UCSX-SD16TBKNK9-D=', 'UCSXSD38T6S1XEV-D', 'UCSXSD240GBM1XEVD=', 'UCSX-SD38TBKANK9D=', 'UCSXSD38TKA1XEV-D', 'UCSXSD800GBKNK9-D=', 'UCSX-SD19TM1XEV-D', 'UCSXSD480GBM3XEPD', 'UCSX-SD19TEM2NK9D=', 'UCSX-SD15TKA1XEVD', 'UCSX-SD16TM1XEV-D', 'UCSX-SDB960SA1VD=', 'UCSX-SD76TK1XEV-D', 'UCSX-SD38TBM1XEVD=', 'UCSX-SD76TBM1XEVD=', 'UCSX-SD38TBM1XEVD', 'UCSXSD19T6S1XEV-D=', 'UCSX-SD15TK1XEV-D', 'UCSXS480G6I1XEV-D', 'UCSX-SD38TM1XEV-D', 'UCSXSD480GBM3XEPD=', 'UCSX-SD16TBM1XEVD', 'UCSX-SD19TK1XEV-D', 'UCSX-SD38TEM2NK9D=', 'UCSX-SD38T63XEP-D', 'UCSX-SD38TEM2NK9D', 'UCSX-SD76TKA1XEVD=', 'UCSX-SDB7T6SA1VD=', 'UCSX-SD15TKA1XEVD=', 'UCSXSD800GK3XEP-D=', 'UCSXS960G6S1XEV-D', 'UCSX-SD76TEM2NK9D=', 'UCSXSD32TKA3XEP-D=', 'UCSXSD32TKA3XEP-D', 'UCSX-SD960GM2NK9D', 'UCSX-SD76TKA1XEVD', 'UCSX-SD76TBKANK9D', 'UCSXSD76T6S1XEV-D=', 'UCSXSD800GK3XEP-D', 'UCSXSD38TKA1XEV-D=', 'UCSXSD480GBM1XEVD', 'UCSX-SDB3T8SA1VD', 'UCSX-SD19TM1XEV-D=', 'UCSX-SD38TK1XEV-D', 'UCSX-SD19TBM3XEPD', 'UCSXSD960GBM3XEPD', 'UCSXSD38T6S1XEV-D=', 'UCSX-SD76TBKANK9D=', 'UCSXSD240GBM1XEVD', 'UCSX-SDB1T9SA1VD', 'UCSX-SD19TBM1XEVD=', 'UCSX-SD38TBKANK9D', 'UCSXSD960G63XEP-D=', 'UCSX-SDB960SA1VD', 'UCSX-SD32TK3XEP-D']",,64GB,5600,2,4,DDR5,RDIMM,ECC,1.1V,STD,1,,,is_encoded,x210cm7-specsheet.pdf,https://www.cisco.com/c/dam/en/us/products/collateral/servers-unified-computing/ucs-x-series-modular-system/x210cm7-specsheet.pdf,https://www.cisco.com/c/dam/en/us/products/collateral/servers-unified-computing/ucs-x-series-modular-system/x210cm7-specsheet.pdf,,,64D5ER24560011S1,2Rx4,"('1Rx4', '1Rx8', '2Rx4', '4Rx4', '8Rx4')",,,,UCSX-MRX64G2RE3=
Cisco,UCSX-MRX64G2RE1,Cisco UCS X210c M7 Compute Node,Cisco,UCS,X210c M7 Compute Node,UCSX-MRX64G2RE1 64GB DDR5-4800 RDIMM 2Rx4 (16Gb),['32'],['8TB'],,,,,memory,"['I8468=', 'I6416H', 'I5416S', 'I6448Y=', 'I4514Y', 'I6442Y=', 'I8558=', 'I8458P=', 'I5418N', 'I4510=', 'I6428N=', 'I5512U=', 'I6416H=', 'I6426Y=', 'I6444Y=', 'I4416', 'I5411N', 'I8490H', 'I6444Y', 'I8562Y', 'I8592V=', 'I6418H=', 'I3408U=', 'I3508U', 'I8471N', 'I4514Y=', 'I4509Y=', 'I4410Y=', 'I8558P', 'I5415', 'I3408U', 'I4410T=', 'I8460Y', 'I6434=', 'I6548Y', 'I8462Y', 'I8558', 'I6526Y', 'I5416S=', 'I8450H=', 'I6430', 'I5515', 'I8568Y', 'I6534', 'I6554S=', 'I6434', 'I8571N', 'I6526Y=', 'I8450H', 'I5418Y', 'I8558U=', 'I6426Y', 'I5418N=', 'I4516Y', 'I4509Y', 'I6448H', 'I5418Y=', 'I5412U=', 'I6434H', 'I6421N', 'I8490H=', 'I6438M', 'I8471N=', 'I8468V=', 'I8570=', 'I5412U', 'I8558U', 'I6428N', 'I6448Y', 'I8470=', 'I5512U', 'I8592', 'I8580', 'I8468H=', 'I4410T', 'I8444H=', 'I6421N=', 'I6538N=', 'I6454S', 'I6530', 'I4410Y', 'I6438N=', 'I8468', 'I8454H', 'I8470', 'I6434H=', 'I6442Y', 'I8444H', 'I8452Y', 'I5411N=', 'I6414U=', 'I8470N', 'I6438M=', 'I8580=', 'I8570', 'I8592V', 'I8454H=', 'I4510', 'I8458P', 'I6454S=', 'I6538N', 'I8470N=', 'I8452Y=', 'I6538Y', 'I8460H', 'I6418H', 'I4510T', 'I8460H=', 'I8558P=', 'I6548N', 'I6448H=', 'I8571N=', 'I4510T=', 'I6548N=', 'I6430=', 'I6554S', 'I8468V', 'I8480', 'I8461V', 'I6414U', 'I6544Y', 'I8461V=', 'I6542Y', 'I6438Y', 'I6438N', 'I5520', 'I8581V=', 'I8581V', 'I5420', 'I8468H']","['UCSX-MRX32G1RE1', 'UCSX-MRX32G1RE3=', 'UCSX-MRX48G1RF33', 'UCSX-MRX64G2RE1=', 'UCSX-MRX16G1RE3=', 'UCSX-MR128G4RE1', 'UCSX-MRX64G2RE3=', 'UCSX-MRX96G2RF3=', 'UCSX-MRX32G1RE3', 'UCSX-MR256G8RE31,3256GB', 'UCSX-MRX64G2RE3', 'UCSX-MRX16G1RE1', 'UCSX-MR256G8RE11', 'UCSX-MR128G4RE1=', 'UCSX-MRX16G1RE1=', 'UCSX-MRX96G2RF3', 'UCSX-MRX16G1RE3', 'UCSX-MR128G4RE3', 'UCSX-MR256G8RE3=', 'UCSX-MR128G4RE3=', 'UCSX-MRX48G1RF3=', 'UCSX-MRX64G2RE1', 'UCSX-MR256G8RE1=', 'UCSX-MRX32G1RE1=']","['UCSX-SD16TBM1XEVD=', 'UCSX-SD19T63XEP-D', 'UCSX-SD76TM1XEV-D', 'UCSXS960G6S1XEV-D=', 'UCSXS960G6I1XEV-D', 'UCSX-SD19TKA1XEVD=', 'UCSXSD480G63XEP-D=', 'UCSXSD960GK1XEV-D', 'UCSX-SD19TKA1XEVD', 'UCSXSD38T6I1XEV-D=', 'UCSXSD960GBM1XEVD', 'UCSX-SD38T63XEP-D=', 'UCSX-SD19TBM3XEPD=', 'UCSX-SD16TKA3XEPD=', 'UCSX-SD16TBKNK9-D', 'UCSXSD480GBM1XEVD=', 'UCSXSD960GBM1XEVD=', 'UCSX-SD16TKA3XEPD', 'UCSXSD240GM1XEV-D', 'UCSX-SD38TBKNK9-D=', 'UCSX-SDB3T8SA1VD=', 'UCSX-SD16TBKANK9D', 'UCSXSD960G63XEP-D', 'UCSXSD480G63XEP-D', 'UCSXSD960GK1XEV-D=', 'UCSXSD19T6S1XEV-D', 'UCSX-SD19TEM2NK9D', 'UCSXS480G6I1XEV-D=', 'UCSX-SDB1T9SA1VD=', 'UCSX-SD76TBKNK9-D', 'UCSX-SD16TK3XEP-D', 'UCSXSD960GBKNK9-D', 'UCSX-SD76TBM1XEVD', 'UCSXSD960GBKNK9-D=', 'UCSXSD800GBKNK9-D', 'UCSXSD38T6I1XEV-D', 'UCSX-SD19TBM1XEVD', 'UCSX-SDB7T6SA1VD', 'UCSX-SD16TBKANK9D=', 'UCSXSD76T6S1XEV-D', 'UCSX-SD19TK1XEV-D=', 'UCSXSD960GBM3XEPD=', 'UCSX-SD76TEM2NK9D', 'UCSX-SD19T63XEP-D=', 'UCSX-SD38TBKNK9-D', 'UCSXSD480GM1XEV-D', 'UCSX-SD16TK3XEP-D=', 'UCSX-SD16TBKNK9-D=', 'UCSXSD38T6S1XEV-D', 'UCSXSD240GBM1XEVD=', 'UCSX-SD38TBKANK9D=', 'UCSXSD38TKA1XEV-D', 'UCSXSD800GBKNK9-D=', 'UCSX-SD19TM1XEV-D', 'UCSXSD480GBM3XEPD', 'UCSX-SD19TEM2NK9D=', 'UCSX-SD15TKA1XEVD', 'UCSX-SD16TM1XEV-D', 'UCSX-SDB960SA1VD=', 'UCSX-SD76TK1XEV-D', 'UCSX-SD38TBM1XEVD=', 'UCSX-SD76TBM1XEVD=', 'UCSX-SD38TBM1XEVD', 'UCSXSD19T6S1XEV-D=', 'UCSX-SD15TK1XEV-D', 'UCSXS480G6I1XEV-D', 'UCSX-SD38TM1XEV-D', 'UCSXSD480GBM3XEPD=', 'UCSX-SD16TBM1XEVD', 'UCSX-SD19TK1XEV-D', 'UCSX-SD38TEM2NK9D=', 'UCSX-SD38T63XEP-D', 'UCSX-SD38TEM2NK9D', 'UCSX-SD76TKA1XEVD=', 'UCSX-SDB7T6SA1VD=', 'UCSX-SD15TKA1XEVD=', 'UCSXSD800GK3XEP-D=', 'UCSXS960G6S1XEV-D', 'UCSX-SD76TEM2NK9D=', 'UCSXSD32TKA3XEP-D=', 'UCSXSD32TKA3XEP-D', 'UCSX-SD960GM2NK9D', 'UCSX-SD76TKA1XEVD', 'UCSX-SD76TBKANK9D', 'UCSXSD76T6S1XEV-D=', 'UCSXSD800GK3XEP-D', 'UCSXSD38TKA1XEV-D=', 'UCSXSD480GBM1XEVD', 'UCSX-SDB3T8SA1VD', 'UCSX-SD19TM1XEV-D=', 'UCSX-SD38TK1XEV-D', 'UCSX-SD19TBM3XEPD', 'UCSXSD960GBM3XEPD', 'UCSXSD38T6S1XEV-D=', 'UCSX-SD76TBKANK9D=', 'UCSXSD240GBM1XEVD', 'UCSX-SDB1T9SA1VD', 'UCSX-SD19TBM1XEVD=', 'UCSX-SD38TBKANK9D', 'UCSXSD960G63XEP-D=', 'UCSX-SDB960SA1VD', 'UCSX-SD32TK3XEP-D']",,64GB,4800,2,4,DDR5,RDIMM,ECC,1.1V,STD,1,,,is_encoded,x210cm7-specsheet.pdf,https://www.cisco.com/c/dam/en/us/products/collateral/servers-unified-computing/ucs-x-series-modular-system/x210cm7-specsheet.pdf,https://www.cisco.com/c/dam/en/us/products/collateral/servers-unified-computing/ucs-x-series-modular-system/x210cm7-specsheet.pdf,,,64D5ER24480011S1,2Rx4,"('1Rx4', '1Rx8', '2Rx4', '4Rx4', '8Rx4')",,,,UCSX-MRX64G2RE1=
Cisco,UCSX-MR128G4RE3,Cisco UCS X210c M7 Compute Node,Cisco,UCS,X210c M7 Compute Node,UCSX-MR128G4RE3 128GB DDR5-5600 RDIMM 4Rx4 (16Gb),['32'],['8TB'],,,,,memory,"['I8468=', 'I6416H', 'I5416S', 'I6448Y=', 'I4514Y', 'I6442Y=', 'I8558=', 'I8458P=', 'I5418N', 'I4510=', 'I6428N=', 'I5512U=', 'I6416H=', 'I6426Y=', 'I6444Y=', 'I4416', 'I5411N', 'I8490H', 'I6444Y', 'I8562Y', 'I8592V=', 'I6418H=', 'I3408U=', 'I3508U', 'I8471N', 'I4514Y=', 'I4509Y=', 'I4410Y=', 'I8558P', 'I5415', 'I3408U', 'I4410T=', 'I8460Y', 'I6434=', 'I6548Y', 'I8462Y', 'I8558', 'I6526Y', 'I5416S=', 'I8450H=', 'I6430', 'I5515', 'I8568Y', 'I6534', 'I6554S=', 'I6434', 'I8571N', 'I6526Y=', 'I8450H', 'I5418Y', 'I8558U=', 'I6426Y', 'I5418N=', 'I4516Y', 'I4509Y', 'I6448H', 'I5418Y=', 'I5412U=', 'I6434H', 'I6421N', 'I8490H=', 'I6438M', 'I8471N=', 'I8468V=', 'I8570=', 'I5412U', 'I8558U', 'I6428N', 'I6448Y', 'I8470=', 'I5512U', 'I8592', 'I8580', 'I8468H=', 'I4410T', 'I8444H=', 'I6421N=', 'I6538N=', 'I6454S', 'I6530', 'I4410Y', 'I6438N=', 'I8468', 'I8454H', 'I8470', 'I6434H=', 'I6442Y', 'I8444H', 'I8452Y', 'I5411N=', 'I6414U=', 'I8470N', 'I6438M=', 'I8580=', 'I8570', 'I8592V', 'I8454H=', 'I4510', 'I8458P', 'I6454S=', 'I6538N', 'I8470N=', 'I8452Y=', 'I6538Y', 'I8460H', 'I6418H', 'I4510T', 'I8460H=', 'I8558P=', 'I6548N', 'I6448H=', 'I8571N=', 'I4510T=', 'I6548N=', 'I6430=', 'I6554S', 'I8468V', 'I8480', 'I8461V', 'I6414U', 'I6544Y', 'I8461V=', 'I6542Y', 'I6438Y', 'I6438N', 'I5520', 'I8581V=', 'I8581V', 'I5420', 'I8468H']","['UCSX-MRX32G1RE1', 'UCSX-MRX32G1RE3=', 'UCSX-MRX48G1RF33', 'UCSX-MRX64G2RE1=', 'UCSX-MRX16G1RE3=', 'UCSX-MR128G4RE1', 'UCSX-MRX64G2RE3=', 'UCSX-MRX96G2RF3=', 'UCSX-MRX32G1RE3', 'UCSX-MR256G8RE31,3256GB', 'UCSX-MRX64G2RE3', 'UCSX-MRX16G1RE1', 'UCSX-MR256G8RE11', 'UCSX-MR128G4RE1=', 'UCSX-MRX16G1RE1=', 'UCSX-MRX96G2RF3', 'UCSX-MRX16G1RE3', 'UCSX-MR128G4RE3', 'UCSX-MR256G8RE3=', 'UCSX-MR128G4RE3=', 'UCSX-MRX48G1RF3=', 'UCSX-MRX64G2RE1', 'UCSX-MR256G8RE1=', 'UCSX-MRX32G1RE1=']","['UCSX-SD16TBM1XEVD=', 'UCSX-SD19T63XEP-D', 'UCSX-SD76TM1XEV-D', 'UCSXS960G6S1XEV-D=', 'UCSXS960G6I1XEV-D', 'UCSX-SD19TKA1XEVD=', 'UCSXSD480G63XEP-D=', 'UCSXSD960GK1XEV-D', 'UCSX-SD19TKA1XEVD', 'UCSXSD38T6I1XEV-D=', 'UCSXSD960GBM1XEVD', 'UCSX-SD38T63XEP-D=', 'UCSX-SD19TBM3XEPD=', 'UCSX-SD16TKA3XEPD=', 'UCSX-SD16TBKNK9-D', 'UCSXSD480GBM1XEVD=', 'UCSXSD960GBM1XEVD=', 'UCSX-SD16TKA3XEPD', 'UCSXSD240GM1XEV-D', 'UCSX-SD38TBKNK9-D=', 'UCSX-SDB3T8SA1VD=', 'UCSX-SD16TBKANK9D', 'UCSXSD960G63XEP-D', 'UCSXSD480G63XEP-D', 'UCSXSD960GK1XEV-D=', 'UCSXSD19T6S1XEV-D', 'UCSX-SD19TEM2NK9D', 'UCSXS480G6I1XEV-D=', 'UCSX-SDB1T9SA1VD=', 'UCSX-SD76TBKNK9-D', 'UCSX-SD16TK3XEP-D', 'UCSXSD960GBKNK9-D', 'UCSX-SD76TBM1XEVD', 'UCSXSD960GBKNK9-D=', 'UCSXSD800GBKNK9-D', 'UCSXSD38T6I1XEV-D', 'UCSX-SD19TBM1XEVD', 'UCSX-SDB7T6SA1VD', 'UCSX-SD16TBKANK9D=', 'UCSXSD76T6S1XEV-D', 'UCSX-SD19TK1XEV-D=', 'UCSXSD960GBM3XEPD=', 'UCSX-SD76TEM2NK9D', 'UCSX-SD19T63XEP-D=', 'UCSX-SD38TBKNK9-D', 'UCSXSD480GM1XEV-D', 'UCSX-SD16TK3XEP-D=', 'UCSX-SD16TBKNK9-D=', 'UCSXSD38T6S1XEV-D', 'UCSXSD240GBM1XEVD=', 'UCSX-SD38TBKANK9D=', 'UCSXSD38TKA1XEV-D', 'UCSXSD800GBKNK9-D=', 'UCSX-SD19TM1XEV-D', 'UCSXSD480GBM3XEPD', 'UCSX-SD19TEM2NK9D=', 'UCSX-SD15TKA1XEVD', 'UCSX-SD16TM1XEV-D', 'UCSX-SDB960SA1VD=', 'UCSX-SD76TK1XEV-D', 'UCSX-SD38TBM1XEVD=', 'UCSX-SD76TBM1XEVD=', 'UCSX-SD38TBM1XEVD', 'UCSXSD19T6S1XEV-D=', 'UCSX-SD15TK1XEV-D', 'UCSXS480G6I1XEV-D', 'UCSX-SD38TM1XEV-D', 'UCSXSD480GBM3XEPD=', 'UCSX-SD16TBM1XEVD', 'UCSX-SD19TK1XEV-D', 'UCSX-SD38TEM2NK9D=', 'UCSX-SD38T63XEP-D', 'UCSX-SD38TEM2NK9D', 'UCSX-SD76TKA1XEVD=', 'UCSX-SDB7T6SA1VD=', 'UCSX-SD15TKA1XEVD=', 'UCSXSD800GK3XEP-D=', 'UCSXS960G6S1XEV-D', 'UCSX-SD76TEM2NK9D=', 'UCSXSD32TKA3XEP-D=', 'UCSXSD32TKA3XEP-D', 'UCSX-SD960GM2NK9D', 'UCSX-SD76TKA1XEVD', 'UCSX-SD76TBKANK9D', 'UCSXSD76T6S1XEV-D=', 'UCSXSD800GK3XEP-D', 'UCSXSD38TKA1XEV-D=', 'UCSXSD480GBM1XEVD', 'UCSX-SDB3T8SA1VD', 'UCSX-SD19TM1XEV-D=', 'UCSX-SD38TK1XEV-D', 'UCSX-SD19TBM3XEPD', 'UCSXSD960GBM3XEPD', 'UCSXSD38T6S1XEV-D=', 'UCSX-SD76TBKANK9D=', 'UCSXSD240GBM1XEVD', 'UCSX-SDB1T9SA1VD', 'UCSX-SD19TBM1XEVD=', 'UCSX-SD38TBKANK9D', 'UCSXSD960G63XEP-D=', 'UCSX-SDB960SA1VD', 'UCSX-SD32TK3XEP-D']",,128GB,5600,4,4,DDR5,RDIMM,ECC,1.1V,STD,1,,,is_encoded,x210cm7-specsheet.pdf,https://www.cisco.com/c/dam/en/us/products/collateral/servers-unified-computing/ucs-x-series-modular-system/x210cm7-specsheet.pdf,https://www.cisco.com/c/dam/en/us/products/collateral/servers-unified-computing/ucs-x-series-modular-system/x210cm7-specsheet.pdf,,,128D5ER44560011S1,4Rx4,"('1Rx4', '1Rx8', '2Rx4', '4Rx4', '8Rx4')",,,,UCSX-MR128G4RE3=
Cisco,UCSX-MR128G4RE1,Cisco UCS X210c M7 Compute Node,Cisco,UCS,X210c M7 Compute Node,UCSX-MR128G4RE1 128GB DDR5-4800 RDIMM 4Rx4 (16Gb),['32'],['8TB'],,,,,memory,"['I8468=', 'I6416H', 'I5416S', 'I6448Y=', 'I4514Y', 'I6442Y=', 'I8558=', 'I8458P=', 'I5418N', 'I4510=', 'I6428N=', 'I5512U=', 'I6416H=', 'I6426Y=', 'I6444Y=', 'I4416', 'I5411N', 'I8490H', 'I6444Y', 'I8562Y', 'I8592V=', 'I6418H=', 'I3408U=', 'I3508U', 'I8471N', 'I4514Y=', 'I4509Y=', 'I4410Y=', 'I8558P', 'I5415', 'I3408U', 'I4410T=', 'I8460Y', 'I6434=', 'I6548Y', 'I8462Y', 'I8558', 'I6526Y', 'I5416S=', 'I8450H=', 'I6430', 'I5515', 'I8568Y', 'I6534', 'I6554S=', 'I6434', 'I8571N', 'I6526Y=', 'I8450H', 'I5418Y', 'I8558U=', 'I6426Y', 'I5418N=', 'I4516Y', 'I4509Y', 'I6448H', 'I5418Y=', 'I5412U=', 'I6434H', 'I6421N', 'I8490H=', 'I6438M', 'I8471N=', 'I8468V=', 'I8570=', 'I5412U', 'I8558U', 'I6428N', 'I6448Y', 'I8470=', 'I5512U', 'I8592', 'I8580', 'I8468H=', 'I4410T', 'I8444H=', 'I6421N=', 'I6538N=', 'I6454S', 'I6530', 'I4410Y', 'I6438N=', 'I8468', 'I8454H', 'I8470', 'I6434H=', 'I6442Y', 'I8444H', 'I8452Y', 'I5411N=', 'I6414U=', 'I8470N', 'I6438M=', 'I8580=', 'I8570', 'I8592V', 'I8454H=', 'I4510', 'I8458P', 'I6454S=', 'I6538N', 'I8470N=', 'I8452Y=', 'I6538Y', 'I8460H', 'I6418H', 'I4510T', 'I8460H=', 'I8558P=', 'I6548N', 'I6448H=', 'I8571N=', 'I4510T=', 'I6548N=', 'I6430=', 'I6554S', 'I8468V', 'I8480', 'I8461V', 'I6414U', 'I6544Y', 'I8461V=', 'I6542Y', 'I6438Y', 'I6438N', 'I5520', 'I8581V=', 'I8581V', 'I5420', 'I8468H']","['UCSX-MRX32G1RE1', 'UCSX-MRX32G1RE3=', 'UCSX-MRX48G1RF33', 'UCSX-MRX64G2RE1=', 'UCSX-MRX16G1RE3=', 'UCSX-MR128G4RE1', 'UCSX-MRX64G2RE3=', 'UCSX-MRX96G2RF3=', 'UCSX-MRX32G1RE3', 'UCSX-MR256G8RE31,3256GB', 'UCSX-MRX64G2RE3', 'UCSX-MRX16G1RE1', 'UCSX-MR256G8RE11', 'UCSX-MR128G4RE1=', 'UCSX-MRX16G1RE1=', 'UCSX-MRX96G2RF3', 'UCSX-MRX16G1RE3', 'UCSX-MR128G4RE3', 'UCSX-MR256G8RE3=', 'UCSX-MR128G4RE3=', 'UCSX-MRX48G1RF3=', 'UCSX-MRX64G2RE1', 'UCSX-MR256G8RE1=', 'UCSX-MRX32G1RE1=']","['UCSX-SD16TBM1XEVD=', 'UCSX-SD19T63XEP-D', 'UCSX-SD76TM1XEV-D', 'UCSXS960G6S1XEV-D=', 'UCSXS960G6I1XEV-D', 'UCSX-SD19TKA1XEVD=', 'UCSXSD480G63XEP-D=', 'UCSXSD960GK1XEV-D', 'UCSX-SD19TKA1XEVD', 'UCSXSD38T6I1XEV-D=', 'UCSXSD960GBM1XEVD', 'UCSX-SD38T63XEP-D=', 'UCSX-SD19TBM3XEPD=', 'UCSX-SD16TKA3XEPD=', 'UCSX-SD16TBKNK9-D', 'UCSXSD480GBM1XEVD=', 'UCSXSD960GBM1XEVD=', 'UCSX-SD16TKA3XEPD', 'UCSXSD240GM1XEV-D', 'UCSX-SD38TBKNK9-D=', 'UCSX-SDB3T8SA1VD=', 'UCSX-SD16TBKANK9D', 'UCSXSD960G63XEP-D', 'UCSXSD480G63XEP-D', 'UCSXSD960GK1XEV-D=', 'UCSXSD19T6S1XEV-D', 'UCSX-SD19TEM2NK9D', 'UCSXS480G6I1XEV-D=', 'UCSX-SDB1T9SA1VD=', 'UCSX-SD76TBKNK9-D', 'UCSX-SD16TK3XEP-D', 'UCSXSD960GBKNK9-D', 'UCSX-SD76TBM1XEVD', 'UCSXSD960GBKNK9-D=', 'UCSXSD800GBKNK9-D', 'UCSXSD38T6I1XEV-D', 'UCSX-SD19TBM1XEVD', 'UCSX-SDB7T6SA1VD', 'UCSX-SD16TBKANK9D=', 'UCSXSD76T6S1XEV-D', 'UCSX-SD19TK1XEV-D=', 'UCSXSD960GBM3XEPD=', 'UCSX-SD76TEM2NK9D', 'UCSX-SD19T63XEP-D=', 'UCSX-SD38TBKNK9-D', 'UCSXSD480GM1XEV-D', 'UCSX-SD16TK3XEP-D=', 'UCSX-SD16TBKNK9-D=', 'UCSXSD38T6S1XEV-D', 'UCSXSD240GBM1XEVD=', 'UCSX-SD38TBKANK9D=', 'UCSXSD38TKA1XEV-D', 'UCSXSD800GBKNK9-D=', 'UCSX-SD19TM1XEV-D', 'UCSXSD480GBM3XEPD', 'UCSX-SD19TEM2NK9D=', 'UCSX-SD15TKA1XEVD', 'UCSX-SD16TM1XEV-D', 'UCSX-SDB960SA1VD=', 'UCSX-SD76TK1XEV-D', 'UCSX-SD38TBM1XEVD=', 'UCSX-SD76TBM1XEVD=', 'UCSX-SD38TBM1XEVD', 'UCSXSD19T6S1XEV-D=', 'UCSX-SD15TK1XEV-D', 'UCSXS480G6I1XEV-D', 'UCSX-SD38TM1XEV-D', 'UCSXSD480GBM3XEPD=', 'UCSX-SD16TBM1XEVD', 'UCSX-SD19TK1XEV-D', 'UCSX-SD38TEM2NK9D=', 'UCSX-SD38T63XEP-D', 'UCSX-SD38TEM2NK9D', 'UCSX-SD76TKA1XEVD=', 'UCSX-SDB7T6SA1VD=', 'UCSX-SD15TKA1XEVD=', 'UCSXSD800GK3XEP-D=', 'UCSXS960G6S1XEV-D', 'UCSX-SD76TEM2NK9D=', 'UCSXSD32TKA3XEP-D=', 'UCSXSD32TKA3XEP-D', 'UCSX-SD960GM2NK9D', 'UCSX-SD76TKA1XEVD', 'UCSX-SD76TBKANK9D', 'UCSXSD76T6S1XEV-D=', 'UCSXSD800GK3XEP-D', 'UCSXSD38TKA1XEV-D=', 'UCSXSD480GBM1XEVD', 'UCSX-SDB3T8SA1VD', 'UCSX-SD19TM1XEV-D=', 'UCSX-SD38TK1XEV-D', 'UCSX-SD19TBM3XEPD', 'UCSXSD960GBM3XEPD', 'UCSXSD38T6S1XEV-D=', 'UCSX-SD76TBKANK9D=', 'UCSXSD240GBM1XEVD', 'UCSX-SDB1T9SA1VD', 'UCSX-SD19TBM1XEVD=', 'UCSX-SD38TBKANK9D', 'UCSXSD960G63XEP-D=', 'UCSX-SDB960SA1VD', 'UCSX-SD32TK3XEP-D']",,128GB,4800,4,4,DDR5,RDIMM,ECC,1.1V,STD,1,,,is_encoded,x210cm7-specsheet.pdf,https://www.cisco.com/c/dam/en/us/products/collateral/servers-unified-computing/ucs-x-series-modular-system/x210cm7-specsheet.pdf,https://www.cisco.com/c/dam/en/us/products/collateral/servers-unified-computing/ucs-x-series-modular-system/x210cm7-specsheet.pdf,,,128D5ER44480011S1,4Rx4,"('1Rx4', '1Rx8', '2Rx4', '4Rx4', '8Rx4')",,,,UCSX-MR128G4RE1=
Cisco,UCSX-MR256G8RE3,Cisco UCS X210c M7 Compute Node,Cisco,UCS,X210c M7 Compute Node,"UCSX-MR256G8RE31,3256GB DDR5-5600 RDIMM 8Rx4 (16Gb)",['32'],['8TB'],,,,,memory,"['I8468=', 'I6416H', 'I5416S', 'I6448Y=', 'I4514Y', 'I6442Y=', 'I8558=', 'I8458P=', 'I5418N', 'I4510=', 'I6428N=', 'I5512U=', 'I6416H=', 'I6426Y=', 'I6444Y=', 'I4416', 'I5411N', 'I8490H', 'I6444Y', 'I8562Y', 'I8592V=', 'I6418H=', 'I3408U=', 'I3508U', 'I8471N', 'I4514Y=', 'I4509Y=', 'I4410Y=', 'I8558P', 'I5415', 'I3408U', 'I4410T=', 'I8460Y', 'I6434=', 'I6548Y', 'I8462Y', 'I8558', 'I6526Y', 'I5416S=', 'I8450H=', 'I6430', 'I5515', 'I8568Y', 'I6534', 'I6554S=', 'I6434', 'I8571N', 'I6526Y=', 'I8450H', 'I5418Y', 'I8558U=', 'I6426Y', 'I5418N=', 'I4516Y', 'I4509Y', 'I6448H', 'I5418Y=', 'I5412U=', 'I6434H', 'I6421N', 'I8490H=', 'I6438M', 'I8471N=', 'I8468V=', 'I8570=', 'I5412U', 'I8558U', 'I6428N', 'I6448Y', 'I8470=', 'I5512U', 'I8592', 'I8580', 'I8468H=', 'I4410T', 'I8444H=', 'I6421N=', 'I6538N=', 'I6454S', 'I6530', 'I4410Y', 'I6438N=', 'I8468', 'I8454H', 'I8470', 'I6434H=', 'I6442Y', 'I8444H', 'I8452Y', 'I5411N=', 'I6414U=', 'I8470N', 'I6438M=', 'I8580=', 'I8570', 'I8592V', 'I8454H=', 'I4510', 'I8458P', 'I6454S=', 'I6538N', 'I8470N=', 'I8452Y=', 'I6538Y', 'I8460H', 'I6418H', 'I4510T', 'I8460H=', 'I8558P=', 'I6548N', 'I6448H=', 'I8571N=', 'I4510T=', 'I6548N=', 'I6430=', 'I6554S', 'I8468V', 'I8480', 'I8461V', 'I6414U', 'I6544Y', 'I8461V=', 'I6542Y', 'I6438Y', 'I6438N', 'I5520', 'I8581V=', 'I8581V', 'I5420', 'I8468H']","['UCSX-MRX32G1RE1', 'UCSX-MRX32G1RE3=', 'UCSX-MRX48G1RF33', 'UCSX-MRX64G2RE1=', 'UCSX-MRX16G1RE3=', 'UCSX-MR128G4RE1', 'UCSX-MRX64G2RE3=', 'UCSX-MRX96G2RF3=', 'UCSX-MRX32G1RE3', 'UCSX-MR256G8RE31,3256GB', 'UCSX-MRX64G2RE3', 'UCSX-MRX16G1RE1', 'UCSX-MR256G8RE11', 'UCSX-MR128G4RE1=', 'UCSX-MRX16G1RE1=', 'UCSX-MRX96G2RF3', 'UCSX-MRX16G1RE3', 'UCSX-MR128G4RE3', 'UCSX-MR256G8RE3=', 'UCSX-MR128G4RE3=', 'UCSX-MRX48G1RF3=', 'UCSX-MRX64G2RE1', 'UCSX-MR256G8RE1=', 'UCSX-MRX32G1RE1=']","['UCSX-SD16TBM1XEVD=', 'UCSX-SD19T63XEP-D', 'UCSX-SD76TM1XEV-D', 'UCSXS960G6S1XEV-D=', 'UCSXS960G6I1XEV-D', 'UCSX-SD19TKA1XEVD=', 'UCSXSD480G63XEP-D=', 'UCSXSD960GK1XEV-D', 'UCSX-SD19TKA1XEVD', 'UCSXSD38T6I1XEV-D=', 'UCSXSD960GBM1XEVD', 'UCSX-SD38T63XEP-D=', 'UCSX-SD19TBM3XEPD=', 'UCSX-SD16TKA3XEPD=', 'UCSX-SD16TBKNK9-D', 'UCSXSD480GBM1XEVD=', 'UCSXSD960GBM1XEVD=', 'UCSX-SD16TKA3XEPD', 'UCSXSD240GM1XEV-D', 'UCSX-SD38TBKNK9-D=', 'UCSX-SDB3T8SA1VD=', 'UCSX-SD16TBKANK9D', 'UCSXSD960G63XEP-D', 'UCSXSD480G63XEP-D', 'UCSXSD960GK1XEV-D=', 'UCSXSD19T6S1XEV-D', 'UCSX-SD19TEM2NK9D', 'UCSXS480G6I1XEV-D=', 'UCSX-SDB1T9SA1VD=', 'UCSX-SD76TBKNK9-D', 'UCSX-SD16TK3XEP-D', 'UCSXSD960GBKNK9-D', 'UCSX-SD76TBM1XEVD', 'UCSXSD960GBKNK9-D=', 'UCSXSD800GBKNK9-D', 'UCSXSD38T6I1XEV-D', 'UCSX-SD19TBM1XEVD', 'UCSX-SDB7T6SA1VD', 'UCSX-SD16TBKANK9D=', 'UCSXSD76T6S1XEV-D', 'UCSX-SD19TK1XEV-D=', 'UCSXSD960GBM3XEPD=', 'UCSX-SD76TEM2NK9D', 'UCSX-SD19T63XEP-D=', 'UCSX-SD38TBKNK9-D', 'UCSXSD480GM1XEV-D', 'UCSX-SD16TK3XEP-D=', 'UCSX-SD16TBKNK9-D=', 'UCSXSD38T6S1XEV-D', 'UCSXSD240GBM1XEVD=', 'UCSX-SD38TBKANK9D=', 'UCSXSD38TKA1XEV-D', 'UCSXSD800GBKNK9-D=', 'UCSX-SD19TM1XEV-D', 'UCSXSD480GBM3XEPD', 'UCSX-SD19TEM2NK9D=', 'UCSX-SD15TKA1XEVD', 'UCSX-SD16TM1XEV-D', 'UCSX-SDB960SA1VD=', 'UCSX-SD76TK1XEV-D', 'UCSX-SD38TBM1XEVD=', 'UCSX-SD76TBM1XEVD=', 'UCSX-SD38TBM1XEVD', 'UCSXSD19T6S1XEV-D=', 'UCSX-SD15TK1XEV-D', 'UCSXS480G6I1XEV-D', 'UCSX-SD38TM1XEV-D', 'UCSXSD480GBM3XEPD=', 'UCSX-SD16TBM1XEVD', 'UCSX-SD19TK1XEV-D', 'UCSX-SD38TEM2NK9D=', 'UCSX-SD38T63XEP-D', 'UCSX-SD38TEM2NK9D', 'UCSX-SD76TKA1XEVD=', 'UCSX-SDB7T6SA1VD=', 'UCSX-SD15TKA1XEVD=', 'UCSXSD800GK3XEP-D=', 'UCSXS960G6S1XEV-D', 'UCSX-SD76TEM2NK9D=', 'UCSXSD32TKA3XEP-D=', 'UCSXSD32TKA3XEP-D', 'UCSX-SD960GM2NK9D', 'UCSX-SD76TKA1XEVD', 'UCSX-SD76TBKANK9D', 'UCSXSD76T6S1XEV-D=', 'UCSXSD800GK3XEP-D', 'UCSXSD38TKA1XEV-D=', 'UCSXSD480GBM1XEVD', 'UCSX-SDB3T8SA1VD', 'UCSX-SD19TM1XEV-D=', 'UCSX-SD38TK1XEV-D', 'UCSX-SD19TBM3XEPD', 'UCSXSD960GBM3XEPD', 'UCSXSD38T6S1XEV-D=', 'UCSX-SD76TBKANK9D=', 'UCSXSD240GBM1XEVD', 'UCSX-SDB1T9SA1VD', 'UCSX-SD19TBM1XEVD=', 'UCSX-SD38TBKANK9D', 'UCSXSD960G63XEP-D=', 'UCSX-SDB960SA1VD', 'UCSX-SD32TK3XEP-D']",,256GB,5600,8,4,DDR5,RDIMM,ECC,1.1V,STD,1,,,is_encoded,x210cm7-specsheet.pdf,https://www.cisco.com/c/dam/en/us/products/collateral/servers-unified-computing/ucs-x-series-modular-system/x210cm7-specsheet.pdf,https://www.cisco.com/c/dam/en/us/products/collateral/servers-unified-computing/ucs-x-series-modular-system/x210cm7-specsheet.pdf,,,256D5ER84560011S1,8Rx4,"('1Rx4', '1Rx8', '2Rx4', '4Rx4', '8Rx4')",,,,
Cisco,UCSX-MR256G8RE1,Cisco UCS X210c M7 Compute Node,Cisco,UCS,X210c M7 Compute Node,UCSX-MR256G8RE11 256GB DDR5-4800 RDIMM 8Rx4 (16Gb) DDR5-5600MT/s PID list2,['32'],['8TB'],,,,,memory,"['I8468=', 'I6416H', 'I5416S', 'I6448Y=', 'I4514Y', 'I6442Y=', 'I8558=', 'I8458P=', 'I5418N', 'I4510=', 'I6428N=', 'I5512U=', 'I6416H=', 'I6426Y=', 'I6444Y=', 'I4416', 'I5411N', 'I8490H', 'I6444Y', 'I8562Y', 'I8592V=', 'I6418H=', 'I3408U=', 'I3508U', 'I8471N', 'I4514Y=', 'I4509Y=', 'I4410Y=', 'I8558P', 'I5415', 'I3408U', 'I4410T=', 'I8460Y', 'I6434=', 'I6548Y', 'I8462Y', 'I8558', 'I6526Y', 'I5416S=', 'I8450H=', 'I6430', 'I5515', 'I8568Y', 'I6534', 'I6554S=', 'I6434', 'I8571N', 'I6526Y=', 'I8450H', 'I5418Y', 'I8558U=', 'I6426Y', 'I5418N=', 'I4516Y', 'I4509Y', 'I6448H', 'I5418Y=', 'I5412U=', 'I6434H', 'I6421N', 'I8490H=', 'I6438M', 'I8471N=', 'I8468V=', 'I8570=', 'I5412U', 'I8558U', 'I6428N', 'I6448Y', 'I8470=', 'I5512U', 'I8592', 'I8580', 'I8468H=', 'I4410T', 'I8444H=', 'I6421N=', 'I6538N=', 'I6454S', 'I6530', 'I4410Y', 'I6438N=', 'I8468', 'I8454H', 'I8470', 'I6434H=', 'I6442Y', 'I8444H', 'I8452Y', 'I5411N=', 'I6414U=', 'I8470N', 'I6438M=', 'I8580=', 'I8570', 'I8592V', 'I8454H=', 'I4510', 'I8458P', 'I6454S=', 'I6538N', 'I8470N=', 'I8452Y=', 'I6538Y', 'I8460H', 'I6418H', 'I4510T', 'I8460H=', 'I8558P=', 'I6548N', 'I6448H=', 'I8571N=', 'I4510T=', 'I6548N=', 'I6430=', 'I6554S', 'I8468V', 'I8480', 'I8461V', 'I6414U', 'I6544Y', 'I8461V=', 'I6542Y', 'I6438Y', 'I6438N', 'I5520', 'I8581V=', 'I8581V', 'I5420', 'I8468H']","['UCSX-MRX32G1RE1', 'UCSX-MRX32G1RE3=', 'UCSX-MRX48G1RF33', 'UCSX-MRX64G2RE1=', 'UCSX-MRX16G1RE3=', 'UCSX-MR128G4RE1', 'UCSX-MRX64G2RE3=', 'UCSX-MRX96G2RF3=', 'UCSX-MRX32G1RE3', 'UCSX-MR256G8RE31,3256GB', 'UCSX-MRX64G2RE3', 'UCSX-MRX16G1RE1', 'UCSX-MR256G8RE11', 'UCSX-MR128G4RE1=', 'UCSX-MRX16G1RE1=', 'UCSX-MRX96G2RF3', 'UCSX-MRX16G1RE3', 'UCSX-MR128G4RE3', 'UCSX-MR256G8RE3=', 'UCSX-MR128G4RE3=', 'UCSX-MRX48G1RF3=', 'UCSX-MRX64G2RE1', 'UCSX-MR256G8RE1=', 'UCSX-MRX32G1RE1=']","['UCSX-SD16TBM1XEVD=', 'UCSX-SD19T63XEP-D', 'UCSX-SD76TM1XEV-D', 'UCSXS960G6S1XEV-D=', 'UCSXS960G6I1XEV-D', 'UCSX-SD19TKA1XEVD=', 'UCSXSD480G63XEP-D=', 'UCSXSD960GK1XEV-D', 'UCSX-SD19TKA1XEVD', 'UCSXSD38T6I1XEV-D=', 'UCSXSD960GBM1XEVD', 'UCSX-SD38T63XEP-D=', 'UCSX-SD19TBM3XEPD=', 'UCSX-SD16TKA3XEPD=', 'UCSX-SD16TBKNK9-D', 'UCSXSD480GBM1XEVD=', 'UCSXSD960GBM1XEVD=', 'UCSX-SD16TKA3XEPD', 'UCSXSD240GM1XEV-D', 'UCSX-SD38TBKNK9-D=', 'UCSX-SDB3T8SA1VD=', 'UCSX-SD16TBKANK9D', 'UCSXSD960G63XEP-D', 'UCSXSD480G63XEP-D', 'UCSXSD960GK1XEV-D=', 'UCSXSD19T6S1XEV-D', 'UCSX-SD19TEM2NK9D', 'UCSXS480G6I1XEV-D=', 'UCSX-SDB1T9SA1VD=', 'UCSX-SD76TBKNK9-D', 'UCSX-SD16TK3XEP-D', 'UCSXSD960GBKNK9-D', 'UCSX-SD76TBM1XEVD', 'UCSXSD960GBKNK9-D=', 'UCSXSD800GBKNK9-D', 'UCSXSD38T6I1XEV-D', 'UCSX-SD19TBM1XEVD', 'UCSX-SDB7T6SA1VD', 'UCSX-SD16TBKANK9D=', 'UCSXSD76T6S1XEV-D', 'UCSX-SD19TK1XEV-D=', 'UCSXSD960GBM3XEPD=', 'UCSX-SD76TEM2NK9D', 'UCSX-SD19T63XEP-D=', 'UCSX-SD38TBKNK9-D', 'UCSXSD480GM1XEV-D', 'UCSX-SD16TK3XEP-D=', 'UCSX-SD16TBKNK9-D=', 'UCSXSD38T6S1XEV-D', 'UCSXSD240GBM1XEVD=', 'UCSX-SD38TBKANK9D=', 'UCSXSD38TKA1XEV-D', 'UCSXSD800GBKNK9-D=', 'UCSX-SD19TM1XEV-D', 'UCSXSD480GBM3XEPD', 'UCSX-SD19TEM2NK9D=', 'UCSX-SD15TKA1XEVD', 'UCSX-SD16TM1XEV-D', 'UCSX-SDB960SA1VD=', 'UCSX-SD76TK1XEV-D', 'UCSX-SD38TBM1XEVD=', 'UCSX-SD76TBM1XEVD=', 'UCSX-SD38TBM1XEVD', 'UCSXSD19T6S1XEV-D=', 'UCSX-SD15TK1XEV-D', 'UCSXS480G6I1XEV-D', 'UCSX-SD38TM1XEV-D', 'UCSXSD480GBM3XEPD=', 'UCSX-SD16TBM1XEVD', 'UCSX-SD19TK1XEV-D', 'UCSX-SD38TEM2NK9D=', 'UCSX-SD38T63XEP-D', 'UCSX-SD38TEM2NK9D', 'UCSX-SD76TKA1XEVD=', 'UCSX-SDB7T6SA1VD=', 'UCSX-SD15TKA1XEVD=', 'UCSXSD800GK3XEP-D=', 'UCSXS960G6S1XEV-D', 'UCSX-SD76TEM2NK9D=', 'UCSXSD32TKA3XEP-D=', 'UCSXSD32TKA3XEP-D', 'UCSX-SD960GM2NK9D', 'UCSX-SD76TKA1XEVD', 'UCSX-SD76TBKANK9D', 'UCSXSD76T6S1XEV-D=', 'UCSXSD800GK3XEP-D', 'UCSXSD38TKA1XEV-D=', 'UCSXSD480GBM1XEVD', 'UCSX-SDB3T8SA1VD', 'UCSX-SD19TM1XEV-D=', 'UCSX-SD38TK1XEV-D', 'UCSX-SD19TBM3XEPD', 'UCSXSD960GBM3XEPD', 'UCSXSD38T6S1XEV-D=', 'UCSX-SD76TBKANK9D=', 'UCSXSD240GBM1XEVD', 'UCSX-SDB1T9SA1VD', 'UCSX-SD19TBM1XEVD=', 'UCSX-SD38TBKANK9D', 'UCSXSD960G63XEP-D=', 'UCSX-SDB960SA1VD', 'UCSX-SD32TK3XEP-D']",,256GB,4800,8,4,DDR5,RDIMM,ECC,1.1V,STD,1,,,is_encoded,x210cm7-specsheet.pdf,https://www.cisco.com/c/dam/en/us/products/collateral/servers-unified-computing/ucs-x-series-modular-system/x210cm7-specsheet.pdf,https://www.cisco.com/c/dam/en/us/products/collateral/servers-unified-computing/ucs-x-series-modular-system/x210cm7-specsheet.pdf,,,256D5ER84480011S1,8Rx4,"('1Rx4', '1Rx8', '2Rx4', '4Rx4', '8Rx4')",,,,
Cisco,UCSX-MRX48G1RF3,Cisco UCS X215c M8 Compute Node,Cisco,UCS,X215c M8 Compute Node,UCSX-MRX48G1RF3 48GB DDR5-5600 RDIMM 1Rx4 (24Gb) 1,['24'],['6TB'],,,,,memory,"['A9175F', 'A9645', 'A9274F', 'A9565', 'A9575F', 'A9355', 'A9475F', 'A9374F', 'A9655P', 'A9275F', 'A9375F', 'A9254', 'A9654P', 'A9174F', 'A9255', 'A9184X', 'A9115', 'A9655', 'A9015', 'A9825', 'A9135', 'A9455', 'A9745', 'A9335', 'A9454P', 'A9554', 'A9734', 'A9474F', 'A9384X', 'A9454', 'A9455P', 'A9845', 'A9355P', 'A9634', 'A9354P', 'A9354', 'A9684X', 'A9535', 'A9654', 'A9124', 'A9365', 'A9555P', 'A9754', 'A9554P', 'A9534', 'A9334', 'A9555', 'A9224']","['UCS-MRX64G2RE5', 'UCSX-MR128G4RE3', 'UCSX-MRX48G1RF3', 'UCSX-MRX32G1RE3', 'UCSX-MR256G8RE32', 'UCSX-MRX96G2RF3', 'UCSX-MRX16G1RE3', 'UCSX-MR128G2RG3', 'UCSX-MRX64G2RE3', 'UCS-MRX32G1RE5']","['UCSX-SD15TKA1XEVD', 'UCSX-SD19T63XEP-D', 'UCSX-SD19TEM2NK9D', 'UCSXSD32TKA3XEP-D', 'UCSX-SD960GM2NK9D', 'UCSXSD960G63XEP-D', 'UCSX-SD19TKA1XEVD', 'UCSXSD960GBM1XEVD', 'UCSX-SD38TBM1XEVD', 'UCSXSD480GBM1XEVD', 'UCSX-SD76TBM1XEVD', 'UCSX-SD38TBKNK9D', 'UCSX-SDB3T8SA1VD', 'UCSX-SD19TBM3XEPD', 'UCSXSD960GBM3XEPD', 'UCSXSD38T6I1XEV-D', 'UCSXSD240GBM1XEVD', 'UCSX-SD19TBM1XEVD', 'UCSX-SD16TKA3XEPD', 'UCSX-SD38T63XEP-D', 'UCSX-SDB7T6SA1VD', 'UCSX-SDB1T9SA1VD', 'UCSX-SD38TEM2NK9D', 'UCSX-SD76TEM2NK9D', 'UCSX-SD38TBKANK9D', 'UCSX-SDB960SA1VD', 'UCSX-SD16TBKANK9D', 'UCSXSD480G63XEP-D', 'UCSXSD38TKA1XEV-D', 'UCSXSD480GBM3XEPD']",,48GB,5600,1,4,DDR5,RDIMM,ECC,1.1V,STD,1,,,is_encoded,ucs-x215c-m8-compute-node.pdf,https://www.cisco.com/c/en/us/products/collateral/servers-unified-computing/ucs-x-series-modular-system/ucs-x215c-m8-compute-node-ds.html?dtid=osscdc000283,https://www.cisco.com/c/dam/en/us/products/collateral/servers-unified-computing/ucs-x-series-modular-system/ucs-x215c-m8-compute-node.pdf,,,48D5ER14560011S1,1Rx4,"('1Rx4', '1Rx8', '2Rx4', '4Rx4', '8Rx4')",,,,
Cisco,UCS-MRX32G1RE5,Cisco UCS X215c M8 Compute Node,Cisco,UCS,X215c M8 Compute Node,UCS-MRX32G1RE5 32GB DDR5-6400 RDIMM 1Rx4 (16Gb) 1 DIMM Blank3,['24'],['6TB'],,,,,memory,"['A9175F', 'A9645', 'A9274F', 'A9565', 'A9575F', 'A9355', 'A9475F', 'A9374F', 'A9655P', 'A9275F', 'A9375F', 'A9254', 'A9654P', 'A9174F', 'A9255', 'A9184X', 'A9115', 'A9655', 'A9015', 'A9825', 'A9135', 'A9455', 'A9745', 'A9335', 'A9454P', 'A9554', 'A9734', 'A9474F', 'A9384X', 'A9454', 'A9455P', 'A9845', 'A9355P', 'A9634', 'A9354P', 'A9354', 'A9684X', 'A9535', 'A9654', 'A9124', 'A9365', 'A9555P', 'A9754', 'A9554P', 'A9534', 'A9334', 'A9555', 'A9224']","['UCS-MRX64G2RE5', 'UCSX-MR128G4RE3', 'UCSX-MRX48G1RF3', 'UCSX-MRX32G1RE3', 'UCSX-MR256G8RE32', 'UCSX-MRX96G2RF3', 'UCSX-MRX16G1RE3', 'UCSX-MR128G2RG3', 'UCSX-MRX64G2RE3', 'UCS-MRX32G1RE5']","['UCSX-SD15TKA1XEVD', 'UCSX-SD19T63XEP-D', 'UCSX-SD19TEM2NK9D', 'UCSXSD32TKA3XEP-D', 'UCSX-SD960GM2NK9D', 'UCSXSD960G63XEP-D', 'UCSX-SD19TKA1XEVD', 'UCSXSD960GBM1XEVD', 'UCSX-SD38TBM1XEVD', 'UCSXSD480GBM1XEVD', 'UCSX-SD76TBM1XEVD', 'UCSX-SD38TBKNK9D', 'UCSX-SDB3T8SA1VD', 'UCSX-SD19TBM3XEPD', 'UCSXSD960GBM3XEPD', 'UCSXSD38T6I1XEV-D', 'UCSXSD240GBM1XEVD', 'UCSX-SD19TBM1XEVD', 'UCSX-SD16TKA3XEPD', 'UCSX-SD38T63XEP-D', 'UCSX-SDB7T6SA1VD', 'UCSX-SDB1T9SA1VD', 'UCSX-SD38TEM2NK9D', 'UCSX-SD76TEM2NK9D', 'UCSX-SD38TBKANK9D', 'UCSX-SDB960SA1VD', 'UCSX-SD16TBKANK9D', 'UCSXSD480G63XEP-D', 'UCSXSD38TKA1XEV-D', 'UCSXSD480GBM3XEPD']",,32GB,6400,1,4,DDR5,RDIMM,ECC,1.1V,STD,1,,,is_encoded,ucs-x215c-m8-compute-node.pdf,https://www.cisco.com/c/en/us/products/collateral/servers-unified-computing/ucs-x-series-modular-system/ucs-x215c-m8-compute-node-ds.html?dtid=osscdc000283,https://www.cisco.com/c/dam/en/us/products/collateral/servers-unified-computing/ucs-x-series-modular-system/ucs-x215c-m8-compute-node.pdf,,,32D5ER14640011S1,1Rx4,"('1Rx4', '1Rx8', '2Rx4', '4Rx4', '8Rx4')",,,,
Cisco,UCSX-MRX32G1RE3,Cisco UCS X215c M8 Compute Node,Cisco,UCS,X215c M8 Compute Node,UCSX-MRX32G1RE3 32GB DDR5-5600 RDIMM 1Rx4 (16Gb) 1,['24'],['6TB'],,,,,memory,"['A9175F', 'A9645', 'A9274F', 'A9565', 'A9575F', 'A9355', 'A9475F', 'A9374F', 'A9655P', 'A9275F', 'A9375F', 'A9254', 'A9654P', 'A9174F', 'A9255', 'A9184X', 'A9115', 'A9655', 'A9015', 'A9825', 'A9135', 'A9455', 'A9745', 'A9335', 'A9454P', 'A9554', 'A9734', 'A9474F', 'A9384X', 'A9454', 'A9455P', 'A9845', 'A9355P', 'A9634', 'A9354P', 'A9354', 'A9684X', 'A9535', 'A9654', 'A9124', 'A9365', 'A9555P', 'A9754', 'A9554P', 'A9534', 'A9334', 'A9555', 'A9224']","['UCS-MRX64G2RE5', 'UCSX-MR128G4RE3', 'UCSX-MRX48G1RF3', 'UCSX-MRX32G1RE3', 'UCSX-MR256G8RE32', 'UCSX-MRX96G2RF3', 'UCSX-MRX16G1RE3', 'UCSX-MR128G2RG3', 'UCSX-MRX64G2RE3', 'UCS-MRX32G1RE5']","['UCSX-SD15TKA1XEVD', 'UCSX-SD19T63XEP-D', 'UCSX-SD19TEM2NK9D', 'UCSXSD32TKA3XEP-D', 'UCSX-SD960GM2NK9D', 'UCSXSD960G63XEP-D', 'UCSX-SD19TKA1XEVD', 'UCSXSD960GBM1XEVD', 'UCSX-SD38TBM1XEVD', 'UCSXSD480GBM1XEVD', 'UCSX-SD76TBM1XEVD', 'UCSX-SD38TBKNK9D', 'UCSX-SDB3T8SA1VD', 'UCSX-SD19TBM3XEPD', 'UCSXSD960GBM3XEPD', 'UCSXSD38T6I1XEV-D', 'UCSXSD240GBM1XEVD', 'UCSX-SD19TBM1XEVD', 'UCSX-SD16TKA3XEPD', 'UCSX-SD38T63XEP-D', 'UCSX-SDB7T6SA1VD', 'UCSX-SDB1T9SA1VD', 'UCSX-SD38TEM2NK9D', 'UCSX-SD76TEM2NK9D', 'UCSX-SD38TBKANK9D', 'UCSX-SDB960SA1VD', 'UCSX-SD16TBKANK9D', 'UCSXSD480G63XEP-D', 'UCSXSD38TKA1XEV-D', 'UCSXSD480GBM3XEPD']",,32GB,5600,1,4,DDR5,RDIMM,ECC,1.1V,STD,1,,,is_encoded,ucs-x215c-m8-compute-node.pdf,https://www.cisco.com/c/en/us/products/collateral/servers-unified-computing/ucs-x-series-modular-system/ucs-x215c-m8-compute-node-ds.html?dtid=osscdc000283,https://www.cisco.com/c/dam/en/us/products/collateral/servers-unified-computing/ucs-x-series-modular-system/ucs-x215c-m8-compute-node.pdf,,,32D5ER14560011S1,1Rx4,"('1Rx4', '1Rx8', '2Rx4', '4Rx4', '8Rx4')",,,,
Cisco,UCSX-MRX96G2RF3,Cisco UCS X215c M8 Compute Node,Cisco,UCS,X215c M8 Compute Node,UCSX-MRX96G2RF3 96GB DDR5-5600 RDIMM 2Rx4 (24Gb) 2,['24'],['6TB'],,,,,memory,"['A9175F', 'A9645', 'A9274F', 'A9565', 'A9575F', 'A9355', 'A9475F', 'A9374F', 'A9655P', 'A9275F', 'A9375F', 'A9254', 'A9654P', 'A9174F', 'A9255', 'A9184X', 'A9115', 'A9655', 'A9015', 'A9825', 'A9135', 'A9455', 'A9745', 'A9335', 'A9454P', 'A9554', 'A9734', 'A9474F', 'A9384X', 'A9454', 'A9455P', 'A9845', 'A9355P', 'A9634', 'A9354P', 'A9354', 'A9684X', 'A9535', 'A9654', 'A9124', 'A9365', 'A9555P', 'A9754', 'A9554P', 'A9534', 'A9334', 'A9555', 'A9224']","['UCS-MRX64G2RE5', 'UCSX-MR128G4RE3', 'UCSX-MRX48G1RF3', 'UCSX-MRX32G1RE3', 'UCSX-MR256G8RE32', 'UCSX-MRX96G2RF3', 'UCSX-MRX16G1RE3', 'UCSX-MR128G2RG3', 'UCSX-MRX64G2RE3', 'UCS-MRX32G1RE5']","['UCSX-SD15TKA1XEVD', 'UCSX-SD19T63XEP-D', 'UCSX-SD19TEM2NK9D', 'UCSXSD32TKA3XEP-D', 'UCSX-SD960GM2NK9D', 'UCSXSD960G63XEP-D', 'UCSX-SD19TKA1XEVD', 'UCSXSD960GBM1XEVD', 'UCSX-SD38TBM1XEVD', 'UCSXSD480GBM1XEVD', 'UCSX-SD76TBM1XEVD', 'UCSX-SD38TBKNK9D', 'UCSX-SDB3T8SA1VD', 'UCSX-SD19TBM3XEPD', 'UCSXSD960GBM3XEPD', 'UCSXSD38T6I1XEV-D', 'UCSXSD240GBM1XEVD', 'UCSX-SD19TBM1XEVD', 'UCSX-SD16TKA3XEPD', 'UCSX-SD38T63XEP-D', 'UCSX-SDB7T6SA1VD', 'UCSX-SDB1T9SA1VD', 'UCSX-SD38TEM2NK9D', 'UCSX-SD76TEM2NK9D', 'UCSX-SD38TBKANK9D', 'UCSX-SDB960SA1VD', 'UCSX-SD16TBKANK9D', 'UCSXSD480G63XEP-D', 'UCSXSD38TKA1XEV-D', 'UCSXSD480GBM3XEPD']",,96GB,5600,2,4,DDR5,RDIMM,ECC,1.1V,STD,1,,,is_encoded,ucs-x215c-m8-compute-node.pdf,https://www.cisco.com/c/en/us/products/collateral/servers-unified-computing/ucs-x-series-modular-system/ucs-x215c-m8-compute-node-ds.html?dtid=osscdc000283,https://www.cisco.com/c/dam/en/us/products/collateral/servers-unified-computing/ucs-x-series-modular-system/ucs-x215c-m8-compute-node.pdf,,,96D5ER24560011S1,2Rx4,"('1Rx4', '1Rx8', '2Rx4', '4Rx4', '8Rx4')",,,,
Cisco,UCS-MRX64G2RE5,Cisco UCS X215c M8 Compute Node,Cisco,UCS,X215c M8 Compute Node,UCS-MRX64G2RE5 64GB DDR5-6400 RDIMM 2Rx4 (16Gb) 2,['24'],['6TB'],,,,,memory,"['A9175F', 'A9645', 'A9274F', 'A9565', 'A9575F', 'A9355', 'A9475F', 'A9374F', 'A9655P', 'A9275F', 'A9375F', 'A9254', 'A9654P', 'A9174F', 'A9255', 'A9184X', 'A9115', 'A9655', 'A9015', 'A9825', 'A9135', 'A9455', 'A9745', 'A9335', 'A9454P', 'A9554', 'A9734', 'A9474F', 'A9384X', 'A9454', 'A9455P', 'A9845', 'A9355P', 'A9634', 'A9354P', 'A9354', 'A9684X', 'A9535', 'A9654', 'A9124', 'A9365', 'A9555P', 'A9754', 'A9554P', 'A9534', 'A9334', 'A9555', 'A9224']","['UCS-MRX64G2RE5', 'UCSX-MR128G4RE3', 'UCSX-MRX48G1RF3', 'UCSX-MRX32G1RE3', 'UCSX-MR256G8RE32', 'UCSX-MRX96G2RF3', 'UCSX-MRX16G1RE3', 'UCSX-MR128G2RG3', 'UCSX-MRX64G2RE3', 'UCS-MRX32G1RE5']","['UCSX-SD15TKA1XEVD', 'UCSX-SD19T63XEP-D', 'UCSX-SD19TEM2NK9D', 'UCSXSD32TKA3XEP-D', 'UCSX-SD960GM2NK9D', 'UCSXSD960G63XEP-D', 'UCSX-SD19TKA1XEVD', 'UCSXSD960GBM1XEVD', 'UCSX-SD38TBM1XEVD', 'UCSXSD480GBM1XEVD', 'UCSX-SD76TBM1XEVD', 'UCSX-SD38TBKNK9D', 'UCSX-SDB3T8SA1VD', 'UCSX-SD19TBM3XEPD', 'UCSXSD960GBM3XEPD', 'UCSXSD38T6I1XEV-D', 'UCSXSD240GBM1XEVD', 'UCSX-SD19TBM1XEVD', 'UCSX-SD16TKA3XEPD', 'UCSX-SD38T63XEP-D', 'UCSX-SDB7T6SA1VD', 'UCSX-SDB1T9SA1VD', 'UCSX-SD38TEM2NK9D', 'UCSX-SD76TEM2NK9D', 'UCSX-SD38TBKANK9D', 'UCSX-SDB960SA1VD', 'UCSX-SD16TBKANK9D', 'UCSXSD480G63XEP-D', 'UCSXSD38TKA1XEV-D', 'UCSXSD480GBM3XEPD']",,64GB,6400,2,4,DDR5,RDIMM,ECC,1.1V,STD,1,,,is_encoded,ucs-x215c-m8-compute-node.pdf,https://www.cisco.com/c/en/us/products/collateral/servers-unified-computing/ucs-x-series-modular-system/ucs-x215c-m8-compute-node-ds.html?dtid=osscdc000283,https://www.cisco.com/c/dam/en/us/products/collateral/servers-unified-computing/ucs-x-series-modular-system/ucs-x215c-m8-compute-node.pdf,,,64D5ER24640011S1,2Rx4,"('1Rx4', '1Rx8', '2Rx4', '4Rx4', '8Rx4')",,,,
Cisco,UCSX-MRX64G2RE3,Cisco UCS X215c M8 Compute Node,Cisco,UCS,X215c M8 Compute Node,UCSX-MRX64G2RE3 64GB DDR5-5600 RDIMM 2Rx4 (16Gb) 2,['24'],['6TB'],,,,,memory,"['A9175F', 'A9645', 'A9274F', 'A9565', 'A9575F', 'A9355', 'A9475F', 'A9374F', 'A9655P', 'A9275F', 'A9375F', 'A9254', 'A9654P', 'A9174F', 'A9255', 'A9184X', 'A9115', 'A9655', 'A9015', 'A9825', 'A9135', 'A9455', 'A9745', 'A9335', 'A9454P', 'A9554', 'A9734', 'A9474F', 'A9384X', 'A9454', 'A9455P', 'A9845', 'A9355P', 'A9634', 'A9354P', 'A9354', 'A9684X', 'A9535', 'A9654', 'A9124', 'A9365', 'A9555P', 'A9754', 'A9554P', 'A9534', 'A9334', 'A9555', 'A9224']","['UCS-MRX64G2RE5', 'UCSX-MR128G4RE3', 'UCSX-MRX48G1RF3', 'UCSX-MRX32G1RE3', 'UCSX-MR256G8RE32', 'UCSX-MRX96G2RF3', 'UCSX-MRX16G1RE3', 'UCSX-MR128G2RG3', 'UCSX-MRX64G2RE3', 'UCS-MRX32G1RE5']","['UCSX-SD15TKA1XEVD', 'UCSX-SD19T63XEP-D', 'UCSX-SD19TEM2NK9D', 'UCSXSD32TKA3XEP-D', 'UCSX-SD960GM2NK9D', 'UCSXSD960G63XEP-D', 'UCSX-SD19TKA1XEVD', 'UCSXSD960GBM1XEVD', 'UCSX-SD38TBM1XEVD', 'UCSXSD480GBM1XEVD', 'UCSX-SD76TBM1XEVD', 'UCSX-SD38TBKNK9D', 'UCSX-SDB3T8SA1VD', 'UCSX-SD19TBM3XEPD', 'UCSXSD960GBM3XEPD', 'UCSXSD38T6I1XEV-D', 'UCSXSD240GBM1XEVD', 'UCSX-SD19TBM1XEVD', 'UCSX-SD16TKA3XEPD', 'UCSX-SD38T63XEP-D', 'UCSX-SDB7T6SA1VD', 'UCSX-SDB1T9SA1VD', 'UCSX-SD38TEM2NK9D', 'UCSX-SD76TEM2NK9D', 'UCSX-SD38TBKANK9D', 'UCSX-SDB960SA1VD', 'UCSX-SD16TBKANK9D', 'UCSXSD480G63XEP-D', 'UCSXSD38TKA1XEV-D', 'UCSXSD480GBM3XEPD']",,64GB,5600,2,4,DDR5,RDIMM,ECC,1.1V,STD,1,,,is_encoded,ucs-x215c-m8-compute-node.pdf,https://www.cisco.com/c/en/us/products/collateral/servers-unified-computing/ucs-x-series-modular-system/ucs-x215c-m8-compute-node-ds.html?dtid=osscdc000283,https://www.cisco.com/c/dam/en/us/products/collateral/servers-unified-computing/ucs-x-series-modular-system/ucs-x215c-m8-compute-node.pdf,,,64D5ER24560011S1,2Rx4,"('1Rx4', '1Rx8', '2Rx4', '4Rx4', '8Rx4')",,,,
Cisco,UCSX-MR128G2RG3,Cisco UCS X215c M8 Compute Node,Cisco,UCS,X215c M8 Compute Node,UCSX-MR128G2RG3 128GB DDR5-5600 RDIMM 2Rx4 (32Gb) 2,['24'],['6TB'],,,,,memory,"['A9175F', 'A9645', 'A9274F', 'A9565', 'A9575F', 'A9355', 'A9475F', 'A9374F', 'A9655P', 'A9275F', 'A9375F', 'A9254', 'A9654P', 'A9174F', 'A9255', 'A9184X', 'A9115', 'A9655', 'A9015', 'A9825', 'A9135', 'A9455', 'A9745', 'A9335', 'A9454P', 'A9554', 'A9734', 'A9474F', 'A9384X', 'A9454', 'A9455P', 'A9845', 'A9355P', 'A9634', 'A9354P', 'A9354', 'A9684X', 'A9535', 'A9654', 'A9124', 'A9365', 'A9555P', 'A9754', 'A9554P', 'A9534', 'A9334', 'A9555', 'A9224']","['UCS-MRX64G2RE5', 'UCSX-MR128G4RE3', 'UCSX-MRX48G1RF3', 'UCSX-MRX32G1RE3', 'UCSX-MR256G8RE32', 'UCSX-MRX96G2RF3', 'UCSX-MRX16G1RE3', 'UCSX-MR128G2RG3', 'UCSX-MRX64G2RE3', 'UCS-MRX32G1RE5']","['UCSX-SD15TKA1XEVD', 'UCSX-SD19T63XEP-D', 'UCSX-SD19TEM2NK9D', 'UCSXSD32TKA3XEP-D', 'UCSX-SD960GM2NK9D', 'UCSXSD960G63XEP-D', 'UCSX-SD19TKA1XEVD', 'UCSXSD960GBM1XEVD', 'UCSX-SD38TBM1XEVD', 'UCSXSD480GBM1XEVD', 'UCSX-SD76TBM1XEVD', 'UCSX-SD38TBKNK9D', 'UCSX-SDB3T8SA1VD', 'UCSX-SD19TBM3XEPD', 'UCSXSD960GBM3XEPD', 'UCSXSD38T6I1XEV-D', 'UCSXSD240GBM1XEVD', 'UCSX-SD19TBM1XEVD', 'UCSX-SD16TKA3XEPD', 'UCSX-SD38T63XEP-D', 'UCSX-SDB7T6SA1VD', 'UCSX-SDB1T9SA1VD', 'UCSX-SD38TEM2NK9D', 'UCSX-SD76TEM2NK9D', 'UCSX-SD38TBKANK9D', 'UCSX-SDB960SA1VD', 'UCSX-SD16TBKANK9D', 'UCSXSD480G63XEP-D', 'UCSXSD38TKA1XEV-D', 'UCSXSD480GBM3XEPD']",,128GB,5600,2,4,DDR5,RDIMM,ECC,1.1V,STD,1,,,is_encoded,ucs-x215c-m8-compute-node.pdf,https://www.cisco.com/c/en/us/products/collateral/servers-unified-computing/ucs-x-series-modular-system/ucs-x215c-m8-compute-node-ds.html?dtid=osscdc000283,https://www.cisco.com/c/dam/en/us/products/collateral/servers-unified-computing/ucs-x-series-modular-system/ucs-x215c-m8-compute-node.pdf,,,128D5ER24560011S1,2Rx4,"('1Rx4', '1Rx8', '2Rx4', '4Rx4', '8Rx4')",,,,
Cisco,UCSX-MRX64G2RE1,Cisco UCS X410c M7 Compute Node,Cisco,UCS,X410c M7 Compute Node,UCSX-MRX64G2RE1 64GB DDR5-4800 RDIMM 2Rx4 (16Gb),['64'],['16TB'],,,,,memory,"['I6418H', 'I8460H', 'I6416H', 'I6448H', 'I8450H', 'I8490H', 'I8444H', 'I6434H', 'I8468H', 'I8454H']","['UCSX-MRX16G1RE1', 'UCSX-MRX32G1RE1', 'UCSX-MR128G4RE1', 'UCSX-MRX96G2RF31,296GB', 'UCSX-MRX64G2RE1', 'UCSX-MR256G8RE1']","['UCSXSD19T6S1XEV-D', 'UCSXS960G6S1XEV-D', 'UCSX-SD19T63XEP-D', 'UCSX-SD19TEM2NK9D', 'UCSX-SD16TM1XEV-D', 'UCSX-SD76TM1XEV-D', 'UCSXS960G6I1XEV-D', 'UCSX-SD960GM2NK9D', 'UCSX-SD76TK1XEV-D', 'UCSXSD960G63XEP-D', 'UCSXSD960GK1XEV-D', 'UCSXSD800GK3XEP-D', 'UCSX-SD76TBKNK9-D', 'UCSX-SD16TK3XEP-D', 'UCSXSD960GBKNK9-D', 'UCSX-SD76TS1XEV-D', 'UCSX-SD15TK1XEV-D', 'UCSX-SD38TK1XEV-D', 'UCSX-SD16TBKNK9-D', 'UCSXSD800GBKNK9-D', 'UCSXS480G6I1XEV-D', 'UCSX-SD38TM1XEV-D', 'UCSXSD38T6I1XEV-D', 'UCSX-SD19TK1XEV-D', 'UCSX-SD38T63XEP-D', 'UCSXSD76T6S1XEV-D', 'UCSXSD240GM1XEV-D', 'UCSX-SD38TEM2NK9D', 'UCSX-SD76TEM2NK9D', 'UCSX-SD38TBKNK9-D', 'UCSXSD480GM1XEV-D', 'UCSX-SD64TS3XEP-D', 'UCSXSD38T6S1XEV-D', 'UCSXSD480G63XEP-D', 'UCSX-SD32TK3XEP-D', 'UCSX-SD19TM1XEV-D']",,64GB,4800,2,4,DDR5,RDIMM,ECC,1.1V,STD,1,,,is_encoded,x410cm7-specsheet.pdf,https://www.cisco.com/c/dam/en/us/products/collateral/servers-unified-computing/ucs-x-series-modular-system/x410cm7-specsheet.pdf,https://www.cisco.com/c/dam/en/us/products/collateral/servers-unified-computing/ucs-x-series-modular-system/x410cm7-specsheet.pdf,,,64D5ER24480011S1,2Rx4,"('1Rx4', '1Rx8', '2Rx4', '4Rx4', '8Rx4')",,,,UCSX-MRX64G2RE1=
Cisco,UCSX-MRX96G2RF3,Cisco UCS X410c M7 Compute Node,Cisco,UCS,X410c M7 Compute Node,"UCSX-MRX96G2RF31,296GB DDR5-5600 RDIMM 2Rx4 (24Gb)",['64'],['16TB'],,,,,memory,"['I6418H', 'I8460H', 'I6416H', 'I6448H', 'I8450H', 'I8490H', 'I8444H', 'I6434H', 'I8468H', 'I8454H']","['UCSX-MRX16G1RE1', 'UCSX-MRX32G1RE1', 'UCSX-MR128G4RE1', 'UCSX-MRX96G2RF31,296GB', 'UCSX-MRX64G2RE1', 'UCSX-MR256G8RE1']","['UCSXSD19T6S1XEV-D', 'UCSXS960G6S1XEV-D', 'UCSX-SD19T63XEP-D', 'UCSX-SD19TEM2NK9D', 'UCSX-SD16TM1XEV-D', 'UCSX-SD76TM1XEV-D', 'UCSXS960G6I1XEV-D', 'UCSX-SD960GM2NK9D', 'UCSX-SD76TK1XEV-D', 'UCSXSD960G63XEP-D', 'UCSXSD960GK1XEV-D', 'UCSXSD800GK3XEP-D', 'UCSX-SD76TBKNK9-D', 'UCSX-SD16TK3XEP-D', 'UCSXSD960GBKNK9-D', 'UCSX-SD76TS1XEV-D', 'UCSX-SD15TK1XEV-D', 'UCSX-SD38TK1XEV-D', 'UCSX-SD16TBKNK9-D', 'UCSXSD800GBKNK9-D', 'UCSXS480G6I1XEV-D', 'UCSX-SD38TM1XEV-D', 'UCSXSD38T6I1XEV-D', 'UCSX-SD19TK1XEV-D', 'UCSX-SD38T63XEP-D', 'UCSXSD76T6S1XEV-D', 'UCSXSD240GM1XEV-D', 'UCSX-SD38TEM2NK9D', 'UCSX-SD76TEM2NK9D', 'UCSX-SD38TBKNK9-D', 'UCSXSD480GM1XEV-D', 'UCSX-SD64TS3XEP-D', 'UCSXSD38T6S1XEV-D', 'UCSXSD480G63XEP-D', 'UCSX-SD32TK3XEP-D', 'UCSX-SD19TM1XEV-D']",,296GB,5600,2,4,DDR5,RDIMM,ECC,1.1V,STD,1,,,is_encoded,x410cm7-specsheet.pdf,https://www.cisco.com/c/dam/en/us/products/collateral/servers-unified-computing/ucs-x-series-modular-system/x410cm7-specsheet.pdf,https://www.cisco.com/c/dam/en/us/products/collateral/servers-unified-computing/ucs-x-series-modular-system/x410cm7-specsheet.pdf,,,296D5ER24560011S1,2Rx4,"('1Rx4', '1Rx8', '2Rx4', '4Rx4', '8Rx4')",,,,
